"","method","pval"
"1","AMCE",0.0164485193540132
"2","CRT",0.197007481296758
