"","method","pval"
"1","AMCE",0.384007996073321
"2","CRT",0.600997506234414
