"","method","pval"
"1","AMCE",0.0255621575848585
"2","CRT",0.29925187032419
