"","method","pval"
"1","AMCE",0.0756673474949549
"2","CRT",0.00748129675810474
