"","method","pval"
"1","AMCE",0.839888898651004
"2","CRT",0.0199501246882793
