"","method","pval"
"1","AMCE",0.466556481689865
"2","CRT",0.0523690773067332
