"","method","pval"
"1","AMCE",0.31043027800207
"2","CRT",0.261845386533666
