"","method","pval"
"1","AMCE",0.203866168381478
"2","CRT",0.0174563591022444
