"","method","pval"
"1","AMCE",0.0480168539757344
"2","CRT",0.0199501246882793
