"","method","pval"
"1","AMCE",0.0494960559827094
"2","CRT",0.00249376558603491
