"","method","pval"
"1","AMCE",0.0134382175151909
"2","CRT",0.269326683291771
