"","method","pval"
"1","AMCE",0.517548946926027
"2","CRT",0.027431421446384
