"","method","pval"
"1","AMCE",0.630390148030432
"2","CRT",0.698254364089776
