"","method","pval"
"1","AMCE",0.188388888732857
"2","CRT",0.932668329177057
