"","method","pval"
"1","AMCE",0.0746942596726918
"2","CRT",0.00748129675810474
