"","method","pval"
"1","AMCE",0.0247345223728149
"2","CRT",0.027431421446384
