"","method","pval"
"1","AMCE",0.0293461004861009
"2","CRT",0.374064837905237
