"","method","pval"
"1","AMCE",0.910760251385448
"2","CRT",0.0249376558603491
