"","method","pval"
"1","AMCE",0.276560797173599
"2","CRT",0.0124688279301746
