"","method","pval"
"1","AMCE",0.658455133228493
"2","CRT",0.00997506234413965
