"","method","pval"
"1","AMCE",0.621861950056552
"2","CRT",0.0972568578553616
