"","method","pval"
"1","AMCE",0.0165922659279003
"2","CRT",0.169576059850374
