"","method","pval"
"1","AMCE",0.0253886815567471
"2","CRT",0.119700748129676
