"","method","pval"
"1","AMCE",0.75959717100247
"2","CRT",0.346633416458853
