"","method","pval"
"1","AMCE",0.424033577840154
"2","CRT",0.14713216957606
