"","method","pval"
"1","AMCE",0.71700159795229
"2","CRT",0.0972568578553616
