"","method","pval"
"1","AMCE",0.161242306305973
"2","CRT",0.698254364089776
