"","method","pval"
"1","AMCE",0.038797900489237
"2","CRT",0.1571072319202
