"","method","pval"
"1","AMCE",0.115831034301479
"2","CRT",0.0748129675810474
