"","method","pval"
"1","AMCE",0.00744464041231507
"2","CRT",0.0224438902743142
