"","method","pval"
"1","AMCE",0.711994924724351
"2","CRT",0.0698254364089776
