"","method","pval"
"1","AMCE",0.716659696995332
"2","CRT",0.00498753117206983
