"","method","pval"
"1","AMCE",0.0186743143249863
"2","CRT",0.334164588528678
