"","method","pval"
"1","AMCE",0.00190267926324281
"2","CRT",0.0897755610972569
