"","method","pval"
"1","AMCE",0.421640747403503
"2","CRT",0.13715710723192
