"","method","pval"
"1","AMCE",0.0181618078063666
"2","CRT",0.0174563591022444
