"","method","pval"
"1","AMCE",0.0246614881721619
"2","CRT",0.448877805486284
