"","method","pval"
"1","AMCE",0.00913092853856699
"2","CRT",0.0698254364089776
