"","method","pval"
"1","AMCE",0.012914915697364
"2","CRT",0.0224438902743142
