"","method","pval"
"1","AMCE",0.0054830695487831
"2","CRT",0.0349127182044888
