"","method","pval"
"1","AMCE",0.944742228501398
"2","CRT",0.00249376558603491
