"","method","pval"
"1","AMCE",0.164316917801194
"2","CRT",0.241895261845387
