"","method","pval"
"1","AMCE",0.0555036753003633
"2","CRT",0.498753117206983
