"","method","pval"
"1","AMCE",0.0513171038535339
"2","CRT",0.206982543640898
