"","method","pval"
"1","AMCE",0.0356946749281382
"2","CRT",0.00249376558603491
