"","method","pval"
"1","AMCE",0.128664755832136
"2","CRT",0.658354114713217
