"","method","pval"
"1","AMCE",0.045821857007878
"2","CRT",0.0673316708229426
