"","method","pval"
"1","AMCE",0.0259790351458364
"2","CRT",0.491271820448878
