"","method","pval"
"1","AMCE",0.396456119995492
"2","CRT",0.0698254364089776
