"","method","pval"
"1","AMCE",0.302505238054559
"2","CRT",0.139650872817955
