"","method","pval"
"1","AMCE",0.00615352562487794
"2","CRT",0.00748129675810474
