"","method","pval"
"1","AMCE",0.00542187746064096
"2","CRT",0.508728179551122
