"","method","pval"
"1","AMCE",0.0180129598528076
"2","CRT",0.0773067331670823
