"","method","pval"
"1","AMCE",0.00255138343193461
"2","CRT",0.00748129675810474
