"","method","pval"
"1","AMCE",0.550136391527844
"2","CRT",0.0423940149625935
