"","method","pval"
"1","AMCE",0.00221090082756441
"2","CRT",0.842892768079801
