"","method","pval"
"1","AMCE",0.34937795868675
"2","CRT",0.226932668329177
