"","method","pval"
"1","AMCE",0.323346851071624
"2","CRT",0.0174563591022444
