"","method","pval"
"1","AMCE",0.291267880629492
"2","CRT",0.29426433915212
