"","method","pval"
"1","AMCE",0.519489062270488
"2","CRT",0.0773067331670823
