"","method","pval"
"1","AMCE",0.0653816607172788
"2","CRT",0.00997506234413965
