"","method","pval"
"1","AMCE",0.0666205804237151
"2","CRT",0.0349127182044888
