"","method","pval"
"1","AMCE",0.186002194544363
"2","CRT",0.501246882793017
