"","method","pval"
"1","AMCE",0.00147651867996408
"2","CRT",0.0249376558603491
