"","method","pval"
"1","AMCE",0.0162759827706597
"2","CRT",0.0947630922693267
