"","method","pval"
"1","AMCE",0.0229983161493924
"2","CRT",0.0124688279301746
