"","method","pval"
"1","AMCE",0.0509024585368677
"2","CRT",0.00249376558603491
