"","method","pval"
"1","AMCE",0.032553971488808
"2","CRT",0.00997506234413965
