"","method","pval"
"1","AMCE",0.573199896593706
"2","CRT",0.162094763092269
