"","method","pval"
"1","AMCE",0.169241292108249
"2","CRT",0.0199501246882793
