"","method","pval"
"1","AMCE",0.00691337987361256
"2","CRT",0.00498753117206983
