"","method","pval"
"1","AMCE",0.0166758593537581
"2","CRT",0.917705735660848
