"","method","pval"
"1","AMCE",0.235847199131299
"2","CRT",0.139650872817955
