"","method","pval"
"1","AMCE",0.110342476964485
"2","CRT",0.00498753117206983
