"","method","pval"
"1","AMCE",0.283928687639158
"2","CRT",0.0224438902743142
