"","method","pval"
"1","AMCE",0.00465481707824349
"2","CRT",0.00748129675810474
