"","method","pval"
"1","AMCE",0.0780909967695314
"2","CRT",0.336658354114713
