"","method","pval"
"1","AMCE",0.910110393824695
"2","CRT",0.860349127182045
