"","method","pval"
"1","AMCE",0.312296192903091
"2","CRT",0.00498753117206983
