"","method","pval"
"1","AMCE",0.0838612866019584
"2","CRT",0.0149625935162095
