"","method","pval"
"1","AMCE",0.821162573430668
"2","CRT",0.0723192019950125
