"","method","pval"
"1","AMCE",0.0202491930805216
"2","CRT",0.0623441396508728
