"","method","pval"
"1","AMCE",0.035996477424323
"2","CRT",0.56857855361596
