"","method","pval"
"1","AMCE",0.0681144257301591
"2","CRT",0.0748129675810474
