"","method","pval"
"1","AMCE",0.0643389700392531
"2","CRT",0.286783042394015
