"","method","pval"
"1","AMCE",0.0527045870484207
"2","CRT",0.216957605985037
