"","method","pval"
"1","AMCE",0.091083931160742
"2","CRT",0.675810473815461
