"","method","pval"
"1","AMCE",0.146656549920582
"2","CRT",0.773067331670823
