"","method","pval"
"1","AMCE",0.01227878344354
"2","CRT",0.0872817955112219
