"","method","pval"
"1","AMCE",0.0210566663797692
"2","CRT",0.882793017456359
