"","method","pval"
"1","AMCE",0.121565929120448
"2","CRT",0.0972568578553616
