"","method","pval"
"1","AMCE",0.252496379933533
"2","CRT",0.1571072319202
