"","method","pval"
"1","AMCE",0.0741674543962099
"2","CRT",0.0249376558603491
