"","method","pval"
"1","AMCE",0.0396767580955077
"2","CRT",0.0324189526184539
