"","method","pval"
"1","AMCE",0.24208075624882
"2","CRT",0.511221945137157
