"","method","pval"
"1","AMCE",0.0200611065083484
"2","CRT",0.71072319201995
