"","method","pval"
"1","AMCE",0.208924317826984
"2","CRT",0.576059850374065
