"","method","pval"
"1","AMCE",0.0233370019427406
"2","CRT",0.00249376558603491
