"","method","pval"
"1","AMCE",0.013611921104436
"2","CRT",0.0174563591022444
