"","method","pval"
"1","AMCE",0.0256697813309385
"2","CRT",0.0124688279301746
