"","method","pval"
"1","AMCE",0.0395854025211785
"2","CRT",0.0249376558603491
