"","method","pval"
"1","AMCE",0.205906642802832
"2","CRT",0.0897755610972569
