"","method","pval"
"1","AMCE",0.960725305738583
"2","CRT",0.346633416458853
