"","method","pval"
"1","AMCE",0.056675079135603
"2","CRT",0.00748129675810474
