"","method","pval"
"1","AMCE",0.49159747777766
"2","CRT",0.451371571072319
