"","method","pval"
"1","AMCE",0.101288008065644
"2","CRT",0.0374064837905237
