"","method","pval"
"1","AMCE",0.0195665787119786
"2","CRT",0.688279301745636
