"","method","pval"
"1","AMCE",0.677308416057382
"2","CRT",0.144638403990025
