"","method","pval"
"1","AMCE",0.0328167189370679
"2","CRT",0.0822942643391521
