"","method","pval"
"1","AMCE",0.0286796392313541
"2","CRT",0.00997506234413965
