"","method","pval"
"1","AMCE",0.0658539632732651
"2","CRT",0.164588528678304
