"","method","pval"
"1","AMCE",0.175955903898791
"2","CRT",0.276807980049875
