"","method","pval"
"1","AMCE",0.0123192904295551
"2","CRT",0.00249376558603491
