"","method","pval"
"1","AMCE",0.00382520057171643
"2","CRT",0.491271820448878
