"","method","pval"
"1","AMCE",0.928891398182816
"2","CRT",0.27431421446384
