"","method","pval"
"1","AMCE",0.202636591901273
"2","CRT",0.793017456359102
