"","method","pval"
"1","AMCE",0.50570310021683
"2","CRT",0.0224438902743142
