"","method","pval"
"1","AMCE",0.504373624109341
"2","CRT",0.00748129675810474
