"","method","pval"
"1","AMCE",0.21672720506997
"2","CRT",0.00498753117206983
