"","method","pval"
"1","AMCE",0.122828269608668
"2","CRT",0.122194513715711
