"","method","pval"
"1","AMCE",0.0416209872026598
"2","CRT",0.00249376558603491
