"","method","pval"
"1","AMCE",0.127595616556276
"2","CRT",0.0249376558603491
