"","method","pval"
"1","AMCE",0.0373645519522953
"2","CRT",0.0723192019950125
