"","method","pval"
"1","AMCE",0.122491308240101
"2","CRT",0.0648379052369077
