"","method","pval"
"1","AMCE",0.00255092680390422
"2","CRT",0.00498753117206983
