"","method","pval"
"1","AMCE",0.0445081315468758
"2","CRT",0.216957605985037
