"","method","pval"
"1","AMCE",0.0230209601938233
"2","CRT",0.00498753117206983
