"","method","pval"
"1","AMCE",0.322904115812453
"2","CRT",0.00498753117206983
