"","method","pval"
"1","AMCE",0.467917181626262
"2","CRT",0.261845386533666
