"","method","pval"
"1","AMCE",0.129119018950211
"2","CRT",0.0798004987531172
