"","method","pval"
"1","AMCE",0.760163511812135
"2","CRT",0.00249376558603491
