"","method","pval"
"1","AMCE",0.0430910870920319
"2","CRT",0.0399002493765586
