"","method","pval"
"1","AMCE",0.0176153062370682
"2","CRT",0.703241895261845
