"","method","pval"
"1","AMCE",0.090350135361867
"2","CRT",0.0349127182044888
