"","method","pval"
"1","AMCE",0.376837049820102
"2","CRT",0.0124688279301746
