"","method","pval"
"1","AMCE",0.00697034078557222
"2","CRT",0.204488778054863
