"","method","pval"
"1","AMCE",0.310838522707221
"2","CRT",0.211970074812968
