"","method","pval"
"1","AMCE",0.15889881026784
"2","CRT",0.244389027431421
