"","method","pval"
"1","AMCE",0.0416122018317274
"2","CRT",0.13216957605985
