"","method","pval"
"1","AMCE",0.199179768217207
"2","CRT",0.00498753117206983
