"","method","pval"
"1","AMCE",0.0452489730691597
"2","CRT",0.0648379052369077
