"","method","pval"
"1","AMCE",0.00233504371273747
"2","CRT",0.00748129675810474
