"","method","pval"
"1","AMCE",0.309018498053655
"2","CRT",0.0349127182044888
