"","method","pval"
"1","AMCE",0.120603148595754
"2","CRT",0.00997506234413965
