"","method","pval"
"1","AMCE",0.350461971111083
"2","CRT",0.154613466334165
