"","method","pval"
"1","AMCE",0.0160982290999243
"2","CRT",0.793017456359102
