"","method","pval"
"1","AMCE",0.139624200398849
"2","CRT",0.149625935162095
