"","method","pval"
"1","AMCE",0.0247271693175118
"2","CRT",0.00997506234413965
