"","method","pval"
"1","AMCE",0.132169425264218
"2","CRT",0.00498753117206983
