"","method","pval"
"1","AMCE",0.0160259489911543
"2","CRT",0.027431421446384
