"","method","pval"
"1","AMCE",0.421491819972562
"2","CRT",0.00249376558603491
