"","method","pval"
"1","AMCE",0.0131485449933634
"2","CRT",0.0249376558603491
