"","method","pval"
"1","AMCE",0.0978943013234632
"2","CRT",0.0124688279301746
