"","method","pval"
"1","AMCE",0.682808306662163
"2","CRT",0.281795511221945
