"","method","pval"
"1","AMCE",0.0682247168486397
"2","CRT",0.0374064837905237
