"","method","pval"
"1","AMCE",0.0406519270844005
"2","CRT",0.164588528678304
