"","method","pval"
"1","AMCE",0.0387824888168292
"2","CRT",0.0224438902743142
