"","method","pval"
"1","AMCE",0.0624975599192813
"2","CRT",0.351620947630923
