"","method","pval"
"1","AMCE",0.0606449191623573
"2","CRT",0.0149625935162095
