"","method","pval"
"1","AMCE",0.0379137190717428
"2","CRT",0.0773067331670823
