"","method","pval"
"1","AMCE",0.055187165672639
"2","CRT",0.0174563591022444
