"","method","pval"
"1","AMCE",0.0284001959838009
"2","CRT",0.00748129675810474
