"","method","pval"
"1","AMCE",0.469603912643819
"2","CRT",0.0698254364089776
