"","method","pval"
"1","AMCE",0.134152265964374
"2","CRT",0.027431421446384
