"","method","pval"
"1","AMCE",0.40878056265326
"2","CRT",0.13216957605985
