"","method","pval"
"1","AMCE",0.0592177667012414
"2","CRT",0.0673316708229426
