"","method","pval"
"1","AMCE",0.00176450499752975
"2","CRT",0.00748129675810474
