"","method","pval"
"1","AMCE",0.0613057618508717
"2","CRT",0.483790523690773
