"","method","pval"
"1","AMCE",0.616676448711614
"2","CRT",0.00249376558603491
