"","method","pval"
"1","AMCE",0.531002826381965
"2","CRT",0.231920199501247
