"","method","pval"
"1","AMCE",0.0211433271514548
"2","CRT",0.201995012468828
