"","method","pval"
"1","AMCE",0.0202435400479472
"2","CRT",0.00498753117206983
