"","method","pval"
"1","AMCE",0.565498494043043
"2","CRT",0.0124688279301746
