"","method","pval"
"1","AMCE",0.0387972254713074
"2","CRT",0.44139650872818
