"","method","pval"
"1","AMCE",0.0881880080994683
"2","CRT",0.00249376558603491
