"","method","pval"
"1","AMCE",0.0010536664751419
"2","CRT",0.0174563591022444
