"","method","pval"
"1","AMCE",0.0416404738594493
"2","CRT",0.00249376558603491
