"","method","pval"
"1","AMCE",0.00510456795854822
"2","CRT",0.625935162094763
