"","method","pval"
"1","AMCE",0.0305512155486114
"2","CRT",0.119700748129676
