"","method","pval"
"1","AMCE",0.0250629999883378
"2","CRT",0.206982543640898
