"","method","pval"
"1","AMCE",0.0164930254325625
"2","CRT",0.00249376558603491
