"","method","pval"
"1","AMCE",0.644803434574047
"2","CRT",0.102244389027431
