"","method","pval"
"1","AMCE",0.371716917202496
"2","CRT",0.00498753117206983
