"","method","pval"
"1","AMCE",0.171952247920045
"2","CRT",0.0174563591022444
