"","method","pval"
"1","AMCE",0.383789039375006
"2","CRT",0.0773067331670823
