"","method","pval"
"1","AMCE",0.39799068660628
"2","CRT",0.0748129675810474
