"","method","pval"
"1","AMCE",0.131660394414252
"2","CRT",0.211970074812968
