"","method","pval"
"1","AMCE",0.0106527562227624
"2","CRT",0.251870324189526
