"","method","pval"
"1","AMCE",0.0158880286349916
"2","CRT",0.00249376558603491
