"","method","pval"
"1","AMCE",0.0204943141324583
"2","CRT",0.0648379052369077
