"","method","pval"
"1","AMCE",0.205948759568782
"2","CRT",0.00249376558603491
