"","method","pval"
"1","AMCE",0.476449505279482
"2","CRT",0.224438902743142
