"","method","pval"
"1","AMCE",0.60644267211884
"2","CRT",0.00498753117206983
