"","method","pval"
"1","AMCE",0.0832662609700403
"2","CRT",0.319201995012469
