"","method","pval"
"1","AMCE",0.0391551828523263
"2","CRT",0.0748129675810474
