"","method","pval"
"1","AMCE",0.033464125982706
"2","CRT",0.0997506234413965
