"","method","pval"
"1","AMCE",0.00673708226150215
"2","CRT",0.027431421446384
