"","method","pval"
"1","AMCE",0.336008575573755
"2","CRT",0.154613466334165
