"","method","pval"
"1","AMCE",0.00487380776997276
"2","CRT",0.029925187032419
