"","method","pval"
"1","AMCE",0.0486642155402645
"2","CRT",0.144638403990025
