"","method","pval"
"1","AMCE",0.56443172937911
"2","CRT",0.526184538653367
