"","method","pval"
"1","AMCE",0.00870575753266163
"2","CRT",0.029925187032419
