"","method","pval"
"1","AMCE",0.0104201281627257
"2","CRT",0.00997506234413965
