"","method","pval"
"1","AMCE",0.398662604108472
"2","CRT",0.00498753117206983
