"","method","pval"
"1","AMCE",0.375282842693246
"2","CRT",0.256857855361596
