"","method","pval"
"1","AMCE",0.0165068766474692
"2","CRT",0.0124688279301746
