"","method","pval"
"1","AMCE",0.75758302251479
"2","CRT",0.376558603491272
