"","method","pval"
"1","AMCE",0.201558819494935
"2","CRT",0.0723192019950125
