"","method","pval"
"1","AMCE",0.133129380265029
"2","CRT",0.256857855361596
