"","method","pval"
"1","AMCE",0.0283445021811333
"2","CRT",0.027431421446384
