"","method","pval"
"1","AMCE",0.00340495404388542
"2","CRT",0.488778054862843
