"","method","pval"
"1","AMCE",0.0180476153026386
"2","CRT",0.0249376558603491
