"","method","pval"
"1","AMCE",0.0114209047901757
"2","CRT",0.773067331670823
