"","method","pval"
"1","AMCE",0.93604647736221
"2","CRT",0.42643391521197
