"","method","pval"
"1","AMCE",0.617131677884085
"2","CRT",0.174563591022444
