"","method","pval"
"1","AMCE",0.337836296765219
"2","CRT",0.0149625935162095
