"","method","pval"
"1","AMCE",0.0130868074654404
"2","CRT",0.835411471321696
