"","method","pval"
"1","AMCE",0.0111305920217877
"2","CRT",0.0947630922693267
