"","method","pval"
"1","AMCE",0.00223693865688309
"2","CRT",0.00498753117206983
