"","method","pval"
"1","AMCE",0.0358562112434493
"2","CRT",0.0822942643391521
