"","method","pval"
"1","AMCE",0.571654113653949
"2","CRT",0.369077306733167
