"","method","pval"
"1","AMCE",0.391979137311376
"2","CRT",0.00249376558603491
