"","method","pval"
"1","AMCE",0.145210064872303
"2","CRT",0.224438902743142
