"","method","pval"
"1","AMCE",0.0807019478542454
"2","CRT",0.561097256857855
