"","method","pval"
"1","AMCE",0.0125265843720848
"2","CRT",0.15211970074813
