"","method","pval"
"1","AMCE",0.00384523315042698
"2","CRT",0.0124688279301746
