"","method","pval"
"1","AMCE",0.45044409964659
"2","CRT",0.0673316708229426
