"","method","pval"
"1","AMCE",0.0875389959705379
"2","CRT",0.386533665835411
