"","method","pval"
"1","AMCE",0.052795167614589
"2","CRT",0.084788029925187
