"","method","pval"
"1","AMCE",0.331430266729611
"2","CRT",0.486284289276808
