"","method","pval"
"1","AMCE",0.00448718413652315
"2","CRT",0.00249376558603491
