"","method","pval"
"1","AMCE",0.568440322370311
"2","CRT",0.00249376558603491
