"","method","pval"
"1","AMCE",0.0112048663181142
"2","CRT",0.00249376558603491
