"","method","pval"
"1","AMCE",0.131823457934904
"2","CRT",0.00498753117206983
