"","method","pval"
"1","AMCE",0.0910870370655316
"2","CRT",0.351620947630923
