"","method","pval"
"1","AMCE",0.0201733442535012
"2","CRT",0.0698254364089776
