"","method","pval"
"1","AMCE",0.114338484413422
"2","CRT",0.354114713216958
