"","method","pval"
"1","AMCE",0.0683974640711693
"2","CRT",0.58354114713217
