"","method","pval"
"1","AMCE",0.197252632958589
"2","CRT",0.418952618453865
