"","method","pval"
"1","AMCE",0.321966513276383
"2","CRT",0.483790523690773
