"","method","pval"
"1","AMCE",0.0461644492097488
"2","CRT",0.5785536159601
