"","method","pval"
"1","AMCE",0.113102353528056
"2","CRT",0.00249376558603491
