"","method","pval"
"1","AMCE",0.00617263198278466
"2","CRT",0.0224438902743142
