"","method","pval"
"1","AMCE",0.0657506814705082
"2","CRT",0.753117206982544
