"","method","pval"
"1","AMCE",0.0536210427011957
"2","CRT",0.408977556109726
