"","method","pval"
"1","AMCE",0.0126149921473545
"2","CRT",0.027431421446384
