"","method","pval"
"1","AMCE",0.250395857430428
"2","CRT",0.0448877805486284
