"","method","pval"
"1","AMCE",0.0544556463208646
"2","CRT",0.00748129675810474
