"","method","pval"
"1","AMCE",0.71938153917291
"2","CRT",0.0698254364089776
