"","method","pval"
"1","AMCE",0.53298700740187
"2","CRT",0.0374064837905237
