"","method","pval"
"1","AMCE",0.0846912310548144
"2","CRT",0.057356608478803
