"","method","pval"
"1","AMCE",0.0246631193236277
"2","CRT",0.0623441396508728
