"","method","pval"
"1","AMCE",0.0156187791304884
"2","CRT",0.224438902743142
