"","method","pval"
"1","AMCE",0.103459352584316
"2","CRT",0.0249376558603491
