"","method","pval"
"1","AMCE",0.141357614799894
"2","CRT",0.0199501246882793
