"","method","pval"
"1","AMCE",0.0147054979822727
"2","CRT",0.0149625935162095
