"","method","pval"
"1","AMCE",0.144753271001948
"2","CRT",0.678304239401496
