"","method","pval"
"1","AMCE",0.0359335316161379
"2","CRT",0.0399002493765586
