"","method","pval"
"1","AMCE",0.00911166416481068
"2","CRT",0.0249376558603491
