"","method","pval"
"1","AMCE",0.00780757645047298
"2","CRT",0.0199501246882793
