"","method","pval"
"1","AMCE",0.0685192792240063
"2","CRT",0.339152119700748
