"","method","pval"
"1","AMCE",0.0155590391060571
"2","CRT",0.234413965087282
