"","method","pval"
"1","AMCE",0.00705652648114528
"2","CRT",0.0972568578553616
