"","method","pval"
"1","AMCE",0.0683291986241309
"2","CRT",0.361596009975062
