"","method","pval"
"1","AMCE",0.376657171857137
"2","CRT",0.408977556109726
