"","method","pval"
"1","AMCE",0.0397270723638673
"2","CRT",0.446384039900249
