"","method","pval"
"1","AMCE",0.057205249603743
"2","CRT",0.0149625935162095
