"","method","pval"
"1","AMCE",0.137351638791097
"2","CRT",0.0897755610972569
