"","method","pval"
"1","AMCE",0.011118950460601
"2","CRT",0.780548628428928
