"","method","pval"
"1","AMCE",0.0118270145364213
"2","CRT",0.0174563591022444
