"","method","pval"
"1","AMCE",0.0194004630626611
"2","CRT",0.0922693266832918
