"","method","pval"
"1","AMCE",0.0163418005102895
"2","CRT",0.134663341645885
