"","method","pval"
"1","AMCE",0.731619217455869
"2","CRT",0.027431421446384
