"","method","pval"
"1","AMCE",0.634865297873726
"2","CRT",0.730673316708229
