"","method","pval"
"1","AMCE",0.08727761124625
"2","CRT",0.0174563591022444
