"","method","pval"
"1","AMCE",0.0110423289112033
"2","CRT",0.276807980049875
