"","method","pval"
"1","AMCE",0.251855370217832
"2","CRT",0.084788029925187
