"","method","pval"
"1","AMCE",0.0272538502920504
"2","CRT",0.194513715710723
