"","method","pval"
"1","AMCE",0.294970467123172
"2","CRT",0.346633416458853
