"","method","pval"
"1","AMCE",0.0136965744108623
"2","CRT",0.15211970074813
