"","method","pval"
"1","AMCE",0.709914628740447
"2","CRT",0.231920199501247
