"","method","pval"
"1","AMCE",0.146275609016067
"2","CRT",0.0124688279301746
