"","method","pval"
"1","AMCE",0.0173896332032444
"2","CRT",0.221945137157107
