"","method","pval"
"1","AMCE",0.0416759965863216
"2","CRT",0.00997506234413965
