"","method","pval"
"1","AMCE",0.327634446076168
"2","CRT",0.1571072319202
