"","method","pval"
"1","AMCE",0.687981603731896
"2","CRT",0.4214463840399
