"","method","pval"
"1","AMCE",0.010010643350977
"2","CRT",0.209476309226933
