"","method","pval"
"1","AMCE",0.728186856270844
"2","CRT",0.00997506234413965
