"","method","pval"
"1","AMCE",0.312080094078783
"2","CRT",0.229426433915212
