"","method","pval"
"1","AMCE",0.0466904759191592
"2","CRT",0.463840399002494
