"","method","pval"
"1","AMCE",0.945460909935302
"2","CRT",0.0174563591022444
