"","method","pval"
"1","AMCE",0.0102109209074272
"2","CRT",0.840399002493766
