"","method","pval"
"1","AMCE",0.0214918430481833
"2","CRT",0.0947630922693267
