"","method","pval"
"1","AMCE",0.0309752170757848
"2","CRT",0.192019950124688
