"","method","pval"
"1","AMCE",0.989503799881322
"2","CRT",0.127182044887781
