"","method","pval"
"1","AMCE",0.427763144268277
"2","CRT",0.369077306733167
