"","method","pval"
"1","AMCE",0.0330320942131221
"2","CRT",0.658354114713217
