"","method","pval"
"1","AMCE",0.916498385458426
"2","CRT",0.00249376558603491
