"","method","pval"
"1","AMCE",0.224561305948338
"2","CRT",0.00748129675810474
