"","method","pval"
"1","AMCE",0.0190256672889351
"2","CRT",0.109725685785536
