"","method","pval"
"1","AMCE",0.162411211422515
"2","CRT",0.00997506234413965
