"","method","pval"
"1","AMCE",0.586047544143327
"2","CRT",0.0199501246882793
