"","method","pval"
"1","AMCE",0.0707257319853407
"2","CRT",0.214463840399002
