"","method","pval"
"1","AMCE",0.0100406828089251
"2","CRT",0.00498753117206983
