"","method","pval"
"1","AMCE",0.0201108111312396
"2","CRT",0.084788029925187
