"","method","pval"
"1","AMCE",0.0041500161306799
"2","CRT",0.633416458852868
