"","method","pval"
"1","AMCE",0.154350263991297
"2","CRT",0.15211970074813
