"","method","pval"
"1","AMCE",0.551522628138053
"2","CRT",0.0124688279301746
