"","method","pval"
"1","AMCE",0.0393014511723487
"2","CRT",0.0149625935162095
