"","method","pval"
"1","AMCE",0.0230748304998412
"2","CRT",0.00498753117206983
