"","method","pval"
"1","AMCE",0.665656641080372
"2","CRT",0.107231920199501
