"","method","pval"
"1","AMCE",0.162585658703826
"2","CRT",0.713216957605985
