"","method","pval"
"1","AMCE",0.00185724563408103
"2","CRT",0.0822942643391521
