"","method","pval"
"1","AMCE",0.0813045389863551
"2","CRT",0.0598503740648379
