"","method","pval"
"1","AMCE",0.0763224876306664
"2","CRT",0.473815461346633
