"","method","pval"
"1","AMCE",0.244966944414702
"2","CRT",0.0224438902743142
