"","method","pval"
"1","AMCE",0.00650834296485255
"2","CRT",0.0224438902743142
