"","method","pval"
"1","AMCE",0.0511134178594192
"2","CRT",0.15211970074813
