"","method","pval"
"1","AMCE",0.715406325650473
"2","CRT",0.0124688279301746
