"","method","pval"
"1","AMCE",0.0136651003153312
"2","CRT",0.00997506234413965
