"","method","pval"
"1","AMCE",0.00496603644673696
"2","CRT",0.0723192019950125
