"","method","pval"
"1","AMCE",0.041058213605428
"2","CRT",0.199501246882793
