"","method","pval"
"1","AMCE",0.58898058086367
"2","CRT",0.406483790523691
