"","method","pval"
"1","AMCE",0.892778897647495
"2","CRT",0.0349127182044888
