"","method","pval"
"1","AMCE",0.145150531820385
"2","CRT",0.0448877805486284
