"","method","pval"
"1","AMCE",0.0361991202640199
"2","CRT",0.0174563591022444
