"","method","pval"
"1","AMCE",0.153774623101581
"2","CRT",0.221945137157107
