"","method","pval"
"1","AMCE",0.293532056525838
"2","CRT",0.226932668329177
