"","method","pval"
"1","AMCE",0.491633275313743
"2","CRT",0.00249376558603491
