"","method","pval"
"1","AMCE",0.107916829806962
"2","CRT",0.0149625935162095
