"","method","pval"
"1","AMCE",0.0305209633971241
"2","CRT",0.122194513715711
