"","method","pval"
"1","AMCE",0.0973884871525783
"2","CRT",0.00498753117206983
