"","method","pval"
"1","AMCE",0.0220999688032951
"2","CRT",0.0124688279301746
