"","method","pval"
"1","AMCE",0.78175752494368
"2","CRT",0.0349127182044888
