"","method","pval"
"1","AMCE",0.183264138170588
"2","CRT",0.179551122194514
