"","method","pval"
"1","AMCE",0.327348878634405
"2","CRT",0.84788029925187
