"","method","pval"
"1","AMCE",0.120641586812803
"2","CRT",0.768079800498753
