"","method","pval"
"1","AMCE",0.0189405259359876
"2","CRT",0.0673316708229426
