"","method","pval"
"1","AMCE",0.00875825818791408
"2","CRT",0.00748129675810474
