"","method","pval"
"1","AMCE",0.158140513896101
"2","CRT",0.0174563591022444
