"","method","pval"
"1","AMCE",0.0215034303776419
"2","CRT",0.0897755610972569
