"","method","pval"
"1","AMCE",0.109587438311437
"2","CRT",0.219451371571072
