"","method","pval"
"1","AMCE",0.0937761551236854
"2","CRT",0.28927680798005
