"","method","pval"
"1","AMCE",0.065893223107998
"2","CRT",0.00748129675810474
