"","method","pval"
"1","AMCE",0.056083304565586
"2","CRT",0.0149625935162095
