"","method","pval"
"1","AMCE",0.0691765546648218
"2","CRT",0.433915211970075
