"","method","pval"
"1","AMCE",0.522131309658756
"2","CRT",0.0224438902743142
