"","method","pval"
"1","AMCE",0.00118787694774548
"2","CRT",0.00748129675810474
