"","method","pval"
"1","AMCE",0.31373035675531
"2","CRT",0.0972568578553616
