"","method","pval"
"1","AMCE",0.0212073652529301
"2","CRT",0.139650872817955
