"","method","pval"
"1","AMCE",0.984300934165635
"2","CRT",0.408977556109726
