"","method","pval"
"1","AMCE",0.0362604286350656
"2","CRT",0.256857855361596
