"","method","pval"
"1","AMCE",0.0560044854076211
"2","CRT",0.221945137157107
