"","method","pval"
"1","AMCE",0.013085651254649
"2","CRT",0.0174563591022444
