"","method","pval"
"1","AMCE",0.925814628013218
"2","CRT",0.122194513715711
