"","method","pval"
"1","AMCE",0.278604935668293
"2","CRT",0.129675810473815
