"","method","pval"
"1","AMCE",0.226985825019854
"2","CRT",0.189526184538653
