"","method","pval"
"1","AMCE",0.217071962008117
"2","CRT",0.85785536159601
