"","method","pval"
"1","AMCE",0.323470194532847
"2","CRT",0.0798004987531172
