"","method","pval"
"1","AMCE",0.0324366753078396
"2","CRT",0.0174563591022444
