"","method","pval"
"1","AMCE",0.0157182613358476
"2","CRT",0.0249376558603491
