"","method","pval"
"1","AMCE",0.888276464959089
"2","CRT",0.13216957605985
