"","method","pval"
"1","AMCE",0.28019934425201
"2","CRT",0.027431421446384
