"","method","pval"
"1","AMCE",0.31355045294617
"2","CRT",0.0124688279301746
