"","method","pval"
"1","AMCE",0.0279302792971251
"2","CRT",0.134663341645885
