"","method","pval"
"1","AMCE",0.0261193282530776
"2","CRT",0.0224438902743142
