"","method","pval"
"1","AMCE",0.747220865784493
"2","CRT",0.00249376558603491
