"","method","pval"
"1","AMCE",0.268331502410852
"2","CRT",0.0349127182044888
