"","method","pval"
"1","AMCE",0.11606700628876
"2","CRT",0.640897755610973
