"","method","pval"
"1","AMCE",0.0347749531438865
"2","CRT",0.00249376558603491
