"","method","pval"
"1","AMCE",0.946821169257709
"2","CRT",0.0997506234413965
