"","method","pval"
"1","AMCE",0.984177529717282
"2","CRT",0.351620947630923
