"","method","pval"
"1","AMCE",0.0677447629871615
"2","CRT",0.812967581047382
