"","method","pval"
"1","AMCE",0.0131027699759226
"2","CRT",0.00249376558603491
