"","method","pval"
"1","AMCE",0.230976287442911
"2","CRT",0.149625935162095
