"","method","pval"
"1","AMCE",0.738764792567657
"2","CRT",0.167082294264339
