"","method","pval"
"1","AMCE",0.0190280100965102
"2","CRT",0.501246882793017
