"","method","pval"
"1","AMCE",0.110223156790181
"2","CRT",0.0623441396508728
