"","method","pval"
"1","AMCE",0.465602435041307
"2","CRT",0.473815461346633
