"","method","pval"
"1","AMCE",0.0103516144396803
"2","CRT",0.413965087281795
