"","method","pval"
"1","AMCE",0.0100869611068844
"2","CRT",0.0249376558603491
