"","method","pval"
"1","AMCE",0.251469966984059
"2","CRT",0.0897755610972569
