"","method","pval"
"1","AMCE",0.00861990570190908
"2","CRT",0.00249376558603491
