"","method","pval"
"1","AMCE",0.00930268640313346
"2","CRT",0.00249376558603491
