"","method","pval"
"1","AMCE",0.0380991279760853
"2","CRT",0.00997506234413965
