"","method","pval"
"1","AMCE",0.138309953632208
"2","CRT",0.084788029925187
