"","method","pval"
"1","AMCE",0.182730622058708
"2","CRT",0.00748129675810474
