"","method","pval"
"1","AMCE",0.00719169653670758
"2","CRT",0.00249376558603491
