"","method","pval"
"1","AMCE",0.0904333987667867
"2","CRT",0.182044887780549
