"","method","pval"
"1","AMCE",0.00830460218953909
"2","CRT",0.0124688279301746
