"","method","pval"
"1","AMCE",0.239645599323747
"2","CRT",0.0623441396508728
