"","method","pval"
"1","AMCE",0.0359501216944896
"2","CRT",0.0199501246882793
