"","method","pval"
"1","AMCE",0.023227138137138
"2","CRT",0.354114713216958
