"","method","pval"
"1","AMCE",0.623378328806433
"2","CRT",0.755610972568579
