"","method","pval"
"1","AMCE",0.0207760520051755
"2","CRT",0.00249376558603491
