"","method","pval"
"1","AMCE",0.282276060302674
"2","CRT",0.216957605985037
