"","method","pval"
"1","AMCE",0.490738304697007
"2","CRT",0.0623441396508728
