"","method","pval"
"1","AMCE",0.00097540467537088
"2","CRT",0.00748129675810474
