"","method","pval"
"1","AMCE",0.155641364630644
"2","CRT",0.00249376558603491
