"","method","pval"
"1","AMCE",0.0448397040849165
"2","CRT",0.0174563591022444
