"","method","pval"
"1","AMCE",0.0625598010813848
"2","CRT",0.0174563591022444
