"","method","pval"
"1","AMCE",0.02236164511594
"2","CRT",0.970074812967581
