"","method","pval"
"1","AMCE",0.013282289053908
"2","CRT",0.216957605985037
