"","method","pval"
"1","AMCE",0.224894479179393
"2","CRT",0.00498753117206983
