"","method","pval"
"1","AMCE",0.0650988554133536
"2","CRT",0.992518703241895
