"","method","pval"
"1","AMCE",0.602507401858431
"2","CRT",0.0324189526184539
