"","method","pval"
"1","AMCE",0.0677794974013017
"2","CRT",0.00498753117206983
