"","method","pval"
"1","AMCE",0.165379619046697
"2","CRT",0.0623441396508728
