"","method","pval"
"1","AMCE",0.00347601058180125
"2","CRT",0.486284289276808
