"","method","pval"
"1","AMCE",0.0468316948022477
"2","CRT",0.0124688279301746
