"","method","pval"
"1","AMCE",0.248764707517571
"2","CRT",0.286783042394015
