"","method","pval"
"1","AMCE",0.106019011097797
"2","CRT",0.655860349127182
