"","method","pval"
"1","AMCE",0.299391902656347
"2","CRT",0.0224438902743142
