"","method","pval"
"1","AMCE",0.502025600856644
"2","CRT",0.374064837905237
