"","method","pval"
"1","AMCE",0.0569124960320766
"2","CRT",0.00748129675810474
