"","method","pval"
"1","AMCE",0.0234980373713966
"2","CRT",0.00748129675810474
