"","method","pval"
"1","AMCE",0.0147824246454335
"2","CRT",0.00249376558603491
