"","method","pval"
"1","AMCE",0.0701876658729312
"2","CRT",0.029925187032419
