"","method","pval"
"1","AMCE",0.014987760617823
"2","CRT",0.0224438902743142
