"","method","pval"
"1","AMCE",0.0412767466077255
"2","CRT",0.0124688279301746
