"","method","pval"
"1","AMCE",0.00195335068810676
"2","CRT",0.084788029925187
