"","method","pval"
"1","AMCE",0.0704854929728085
"2","CRT",0.401496259351621
