"","method","pval"
"1","AMCE",0.251337528996613
"2","CRT",0.952618453865337
