"","method","pval"
"1","AMCE",0.353324537711962
"2","CRT",0.00498753117206983
