"","method","pval"
"1","AMCE",0.0797989970322611
"2","CRT",0.301745635910224
