"","method","pval"
"1","AMCE",0.928025848492373
"2","CRT",0.518703241895262
