"","method","pval"
"1","AMCE",0.0215164851861189
"2","CRT",0.206982543640898
