"","method","pval"
"1","AMCE",0.0301865120241578
"2","CRT",0.0124688279301746
