"","method","pval"
"1","AMCE",0.00433155179639621
"2","CRT",0.0199501246882793
