"","method","pval"
"1","AMCE",0.0177559175534836
"2","CRT",0.930174563591022
