"","method","pval"
"1","AMCE",0.0061122677145731
"2","CRT",0.214463840399002
