"","method","pval"
"1","AMCE",0.179967106270295
"2","CRT",0.149625935162095
