"","method","pval"
"1","AMCE",0.00205885463898524
"2","CRT",0.00498753117206983
