"","method","pval"
"1","AMCE",0.00195235934024242
"2","CRT",0.14713216957606
