"","method","pval"
"1","AMCE",0.0673031860787587
"2","CRT",0.236907730673317
