"","method","pval"
"1","AMCE",0.51238597253465
"2","CRT",0.00748129675810474
