"","method","pval"
"1","AMCE",0.763186411454875
"2","CRT",0.396508728179551
