"","method","pval"
"1","AMCE",0.0328383563205953
"2","CRT",0.304239401496259
