"","method","pval"
"1","AMCE",0.00917832534890152
"2","CRT",0.793017456359102
