"","method","pval"
"1","AMCE",0.0339466490933751
"2","CRT",0.127182044887781
