"","method","pval"
"1","AMCE",0.254345005487144
"2","CRT",0.084788029925187
