"","method","pval"
"1","AMCE",0.120571950665904
"2","CRT",0.461346633416459
