"","method","pval"
"1","AMCE",0.30828166275943
"2","CRT",0.0723192019950125
