"","method","pval"
"1","AMCE",0.0402395531983046
"2","CRT",0.341645885286783
