"","method","pval"
"1","AMCE",0.0243539450471424
"2","CRT",0.341645885286783
