"","method","pval"
"1","AMCE",0.0140342345387951
"2","CRT",0.172069825436409
