"","method","pval"
"1","AMCE",0.00762172878828289
"2","CRT",0.201995012468828
