"","method","pval"
"1","AMCE",0.0158985739130667
"2","CRT",0.0199501246882793
