"","method","pval"
"1","AMCE",0.14081204957818
"2","CRT",0.399002493765586
