"","method","pval"
"1","AMCE",0.0269067013506527
"2","CRT",0.0798004987531172
