"","method","pval"
"1","AMCE",0.0199189275404709
"2","CRT",0.00249376558603491
