"","method","pval"
"1","AMCE",0.0560165434576584
"2","CRT",0.00249376558603491
