"","method","pval"
"1","AMCE",0.0572114730069844
"2","CRT",0.0149625935162095
