"","method","pval"
"1","AMCE",0.301155768538622
"2","CRT",0.00249376558603491
