"","method","pval"
"1","AMCE",0.759764284753125
"2","CRT",0.00997506234413965
