"","method","pval"
"1","AMCE",0.0506597867804402
"2","CRT",0.0124688279301746
