"","method","pval"
"1","AMCE",0.00934635680627693
"2","CRT",0.0798004987531172
