"","method","pval"
"1","AMCE",0.252164447036141
"2","CRT",0.201995012468828
