"","method","pval"
"1","AMCE",0.152587874661311
"2","CRT",0.00748129675810474
