"","method","pval"
"1","AMCE",0.37958959493903
"2","CRT",0.14214463840399
