"","method","pval"
"1","AMCE",0.119141312028241
"2","CRT",0.134663341645885
