"","method","pval"
"1","AMCE",0.905566980808277
"2","CRT",0.0249376558603491
