"","method","pval"
"1","AMCE",0.0353743006402674
"2","CRT",0.00249376558603491
