"","method","pval"
"1","AMCE",0.0697455150761808
"2","CRT",0.0124688279301746
