"","method","pval"
"1","AMCE",0.0330003693230957
"2","CRT",0.204488778054863
