"","method","pval"
"1","AMCE",0.0298395688428081
"2","CRT",0.00748129675810474
