"","method","pval"
"1","AMCE",0.192072163181814
"2","CRT",0.0249376558603491
