"","method","pval"
"1","AMCE",0.00391831075490824
"2","CRT",0.00498753117206983
