"","method","pval"
"1","AMCE",0.134249824678812
"2","CRT",0.0748129675810474
