"","method","pval"
"1","AMCE",0.0818059811909013
"2","CRT",0.14214463840399
