"","method","pval"
"1","AMCE",0.175836904497043
"2","CRT",0.149625935162095
