"","method","pval"
"1","AMCE",0.0379693801047315
"2","CRT",0.00498753117206983
