"","method","pval"
"1","AMCE",0.0496399851925268
"2","CRT",0.114713216957606
