"","method","pval"
"1","AMCE",0.102493961430983
"2","CRT",0.027431421446384
