"","method","pval"
"1","AMCE",0.106319601277749
"2","CRT",0.0324189526184539
