"","method","pval"
"1","AMCE",0.162261912644476
"2","CRT",0.0822942643391521
