"","method","pval"
"1","AMCE",0.611801184789567
"2","CRT",0.0174563591022444
