"","method","pval"
"1","AMCE",0.0715545550773114
"2","CRT",0.231920199501247
