"","method","pval"
"1","AMCE",0.000356637669541889
"2","CRT",0.00498753117206983
