"","method","pval"
"1","AMCE",0.00976063726117487
"2","CRT",0.0798004987531172
