"","method","pval"
"1","AMCE",0.0919661889979243
"2","CRT",0.71072319201995
