"","method","pval"
"1","AMCE",0.00168743915359552
"2","CRT",0.4214463840399
