"","method","pval"
"1","AMCE",0.0239670260050555
"2","CRT",0.0349127182044888
