"","method","pval"
"1","AMCE",0.286944569272558
"2","CRT",0.0648379052369077
