"","method","pval"
"1","AMCE",0.233953382695745
"2","CRT",0.00249376558603491
