"","method","pval"
"1","AMCE",0.0105305531680732
"2","CRT",0.187032418952618
