"","method","pval"
"1","AMCE",0.0250160145968454
"2","CRT",0.640897755610973
