"","method","pval"
"1","AMCE",0.00888618593812042
"2","CRT",0.374064837905237
