"","method","pval"
"1","AMCE",0.752066218482723
"2","CRT",0.027431421446384
