"","method","pval"
"1","AMCE",0.00996712671547775
"2","CRT",0.206982543640898
