"","method","pval"
"1","AMCE",0.294758692511395
"2","CRT",0.00748129675810474
