"","method","pval"
"1","AMCE",0.0635429034138523
"2","CRT",0.0124688279301746
