"","method","pval"
"1","AMCE",0.473756414967593
"2","CRT",0.359102244389027
