"","method","pval"
"1","AMCE",0.0266312897984733
"2","CRT",0.00997506234413965
