"","method","pval"
"1","AMCE",0.007767730085011
"2","CRT",0.0124688279301746
