"","method","pval"
"1","AMCE",0.0275260980248234
"2","CRT",0.129675810473815
