"","method","pval"
"1","AMCE",0.232210147067832
"2","CRT",0.304239401496259
