"","method","pval"
"1","AMCE",0.000625829746119227
"2","CRT",0.0199501246882793
