"","method","pval"
"1","AMCE",0.0323566386204737
"2","CRT",0.463840399002494
