"","method","pval"
"1","AMCE",0.129848832008275
"2","CRT",0.00249376558603491
