"","method","pval"
"1","AMCE",0.0030615403151991
"2","CRT",0.0623441396508728
