"","method","pval"
"1","AMCE",0.00467366436219389
"2","CRT",0.733167082294264
