"","method","pval"
"1","AMCE",0.0227605652816919
"2","CRT",0.586034912718205
