"","method","pval"
"1","AMCE",0.950145047492787
"2","CRT",0.448877805486284
