"","method","pval"
"1","AMCE",0.389726141994547
"2","CRT",0.0174563591022444
