"","method","pval"
"1","AMCE",0.139823375852582
"2","CRT",0.027431421446384
