"","method","pval"
"1","AMCE",0.541091212239935
"2","CRT",0.14713216957606
