"","method","pval"
"1","AMCE",0.861744531534505
"2","CRT",0.758104738154613
