"","method","pval"
"1","AMCE",0.0293918952909402
"2","CRT",0.00498753117206983
