"","method","pval"
"1","AMCE",0.142062874474287
"2","CRT",0.124688279301746
