"","method","pval"
"1","AMCE",0.222837949626327
"2","CRT",0.0199501246882793
