"","method","pval"
"1","AMCE",0.147569015186838
"2","CRT",0.00498753117206983
