"","method","pval"
"1","AMCE",0.589366736320481
"2","CRT",0.192019950124688
