"","method","pval"
"1","AMCE",0.00128553531976332
"2","CRT",0.149625935162095
