"","method","pval"
"1","AMCE",0.674509456083132
"2","CRT",0.304239401496259
