"","method","pval"
"1","AMCE",0.0174621793809384
"2","CRT",0.102244389027431
