"","method","pval"
"1","AMCE",0.0615163739565353
"2","CRT",0.00748129675810474
