"","method","pval"
"1","AMCE",0.5511195626799
"2","CRT",0.0698254364089776
