"","method","pval"
"1","AMCE",0.0111371783241838
"2","CRT",0.413965087281795
