"","method","pval"
"1","AMCE",0.00573159159587855
"2","CRT",0.00249376558603491
