"","method","pval"
"1","AMCE",0.0764165080512948
"2","CRT",0.630922693266833
