"","method","pval"
"1","AMCE",0.0236334853453215
"2","CRT",0.14713216957606
