"","method","pval"
"1","AMCE",0.541348858067969
"2","CRT",0.306733167082294
