"","method","pval"
"1","AMCE",0.0116672062393277
"2","CRT",0.0124688279301746
