"","method","pval"
"1","AMCE",0.065040201252676
"2","CRT",0.00748129675810474
