"","method","pval"
"1","AMCE",0.0550625917415926
"2","CRT",0.0523690773067332
