"","method","pval"
"1","AMCE",0.022980881554802
"2","CRT",0.271820448877805
