"","method","pval"
"1","AMCE",0.893563374589648
"2","CRT",0.00498753117206983
