"","method","pval"
"1","AMCE",0.283623928149908
"2","CRT",0.0598503740648379
