"","method","pval"
"1","AMCE",0.0258883526335459
"2","CRT",0.00498753117206983
