"","method","pval"
"1","AMCE",0.0064518812556914
"2","CRT",0.503740648379052
