"","method","pval"
"1","AMCE",0.531959255229716
"2","CRT",0.0224438902743142
