"","method","pval"
"1","AMCE",0.00328750340447828
"2","CRT",0.00249376558603491
