"","method","pval"
"1","AMCE",0.449079929508786
"2","CRT",0.356608478802993
