"","method","pval"
"1","AMCE",0.0471442604462619
"2","CRT",0.0199501246882793
