"","method","pval"
"1","AMCE",0.509376343963636
"2","CRT",0.149625935162095
