"","method","pval"
"1","AMCE",0.0089475706223248
"2","CRT",0.00748129675810474
