"","method","pval"
"1","AMCE",0.253307870549238
"2","CRT",0.162094763092269
