"","method","pval"
"1","AMCE",0.0450514158521713
"2","CRT",0.0648379052369077
