"","method","pval"
"1","AMCE",0.0405689236310865
"2","CRT",0.189526184538653
