"","method","pval"
"1","AMCE",0.278674175579093
"2","CRT",0.00498753117206983
