"","method","pval"
"1","AMCE",0.0199096011413216
"2","CRT",0.0174563591022444
