"","method","pval"
"1","AMCE",0.042637401480919
"2","CRT",0.723192019950125
