"","method","pval"
"1","AMCE",0.206848207992484
"2","CRT",0.920199501246883
