"","method","pval"
"1","AMCE",0.31997116050486
"2","CRT",0.159600997506234
