"","method","pval"
"1","AMCE",0.00157108282590865
"2","CRT",0.00748129675810474
