"","method","pval"
"1","AMCE",0.262692809039025
"2","CRT",0.00997506234413965
