"","method","pval"
"1","AMCE",0.0306060114983494
"2","CRT",0.0149625935162095
