"","method","pval"
"1","AMCE",0.122817849633817
"2","CRT",0.15211970074813
