"","method","pval"
"1","AMCE",0.00137450217921267
"2","CRT",0.254364089775561
