"","method","pval"
"1","AMCE",0.0940350028704021
"2","CRT",0.00249376558603491
