"","method","pval"
"1","AMCE",0.00505881820756776
"2","CRT",0.0673316708229426
