"","method","pval"
"1","AMCE",0.872040329491107
"2","CRT",0.00498753117206983
