"","method","pval"
"1","AMCE",0.162127982295891
"2","CRT",0.0199501246882793
