"","method","pval"
"1","AMCE",0.0159390151978836
"2","CRT",0.149625935162095
