"","method","pval"
"1","AMCE",0.474855412748171
"2","CRT",0.0149625935162095
