"","method","pval"
"1","AMCE",0.386035915894869
"2","CRT",0.197007481296758
