"","method","pval"
"1","AMCE",0.0108275440236076
"2","CRT",0.00997506234413965
