"","method","pval"
"1","AMCE",0.0455034901678752
"2","CRT",0.00498753117206983
