"","method","pval"
"1","AMCE",0.63337319555491
"2","CRT",0.785536159600998
