"","method","pval"
"1","AMCE",0.12771202449117
"2","CRT",0.738154613466334
