"","method","pval"
"1","AMCE",0.0436706538349734
"2","CRT",0.571072319201995
