"","method","pval"
"1","AMCE",0.000157766714183206
"2","CRT",0.00997506234413965
