"","method","pval"
"1","AMCE",0.0441816992057379
"2","CRT",0.496259351620948
