"","method","pval"
"1","AMCE",0.0134143592233729
"2","CRT",0.00498753117206983
