"","method","pval"
"1","AMCE",0.0856671139100223
"2","CRT",0.00748129675810474
