"","method","pval"
"1","AMCE",0.256930445061711
"2","CRT",0.0249376558603491
