"","method","pval"
"1","AMCE",0.0133691745257465
"2","CRT",0.00249376558603491
