"","method","pval"
"1","AMCE",0.952503981907246
"2","CRT",0.0648379052369077
