"","method","pval"
"1","AMCE",0.128955942882869
"2","CRT",0.0199501246882793
