"","method","pval"
"1","AMCE",0.012963472325545
"2","CRT",0.316708229426434
