"","method","pval"
"1","AMCE",0.0109962892974511
"2","CRT",0.00748129675810474
