"","method","pval"
"1","AMCE",0.171839746817021
"2","CRT",0.172069825436409
