"","method","pval"
"1","AMCE",0.0852890962727303
"2","CRT",0.311720698254364
