"","method","pval"
"1","AMCE",0.0475940685908073
"2","CRT",0.122194513715711
