"","method","pval"
"1","AMCE",0.204430011287749
"2","CRT",0.0897755610972569
