"","method","pval"
"1","AMCE",0.348605051731046
"2","CRT",0.0648379052369077
