"","method","pval"
"1","AMCE",0.0587447392980445
"2","CRT",0.00997506234413965
