"","method","pval"
"1","AMCE",0.0141492941569011
"2","CRT",0.00748129675810474
