"","method","pval"
"1","AMCE",0.0917688485372602
"2","CRT",0.0548628428927681
