"","method","pval"
"1","AMCE",0.00175552875870767
"2","CRT",0.461346633416459
