"","method","pval"
"1","AMCE",0.112964234468803
"2","CRT",0.144638403990025
