"","method","pval"
"1","AMCE",0.0254565554852785
"2","CRT",0.00997506234413965
