"","method","pval"
"1","AMCE",0.00918179322730073
"2","CRT",0.556109725685786
