"","method","pval"
"1","AMCE",0.378393264289174
"2","CRT",0.0374064837905237
