"","method","pval"
"1","AMCE",0.0140577510463919
"2","CRT",0.0149625935162095
