"","method","pval"
"1","AMCE",0.697647193302041
"2","CRT",0.00249376558603491
