"","method","pval"
"1","AMCE",0.00153491494956124
"2","CRT",0.00249376558603491
