"","method","pval"
"1","AMCE",0.0440812240071341
"2","CRT",0.750623441396509
