"","method","pval"
"1","AMCE",0.0176782568820214
"2","CRT",0.00249376558603491
