"","method","pval"
"1","AMCE",0.0289850166425026
"2","CRT",0.129675810473815
