"","method","pval"
"1","AMCE",0.896035378081075
"2","CRT",0.0748129675810474
