"","method","pval"
"1","AMCE",0.44994944524214
"2","CRT",0.0174563591022444
