"","method","pval"
"1","AMCE",0.291006114997032
"2","CRT",0.0947630922693267
