"","method","pval"
"1","AMCE",0.147863271573873
"2","CRT",0.27930174563591
