"","method","pval"
"1","AMCE",0.0493725103045555
"2","CRT",0.44139650872818
