"","method","pval"
"1","AMCE",0.0542090546550886
"2","CRT",0.00249376558603491
