"","method","pval"
"1","AMCE",0.0154823797822537
"2","CRT",0.810473815461347
