"","method","pval"
"1","AMCE",0.0822543734281236
"2","CRT",0.0324189526184539
