"","method","pval"
"1","AMCE",0.0402527721335043
"2","CRT",0.0149625935162095
