"","method","pval"
"1","AMCE",0.0121927480563775
"2","CRT",0.361596009975062
