"","method","pval"
"1","AMCE",0.683853792279607
"2","CRT",0.159600997506234
