"","method","pval"
"1","AMCE",0.068191819586371
"2","CRT",0.13216957605985
