"","method","pval"
"1","AMCE",0.280886843547922
"2","CRT",0.0349127182044888
