"","method","pval"
"1","AMCE",0.175498374254733
"2","CRT",0.159600997506234
