"","method","pval"
"1","AMCE",0.0458638043256239
"2","CRT",0.0798004987531172
