"","method","pval"
"1","AMCE",0.377416402056871
"2","CRT",0.0972568578553616
