"","method","pval"
"1","AMCE",0.00831521039005358
"2","CRT",0.00498753117206983
