"","method","pval"
"1","AMCE",0.366572713719418
"2","CRT",0.00498753117206983
