"","method","pval"
"1","AMCE",0.00268051908492571
"2","CRT",0.309226932668329
