"","method","pval"
"1","AMCE",0.50194807955608
"2","CRT",0.0548628428927681
