"","method","pval"
"1","AMCE",0.00630613444365833
"2","CRT",0.374064837905237
