"","method","pval"
"1","AMCE",0.004866714751867
"2","CRT",0.0224438902743142
