"","method","pval"
"1","AMCE",0.378733075234715
"2","CRT",0.00498753117206983
