"","method","pval"
"1","AMCE",0.0655953526515575
"2","CRT",0.00249376558603491
