"","method","pval"
"1","AMCE",0.00908398828985358
"2","CRT",0.229426433915212
