"","method","pval"
"1","AMCE",0.0564689851730777
"2","CRT",0.0174563591022444
