"","method","pval"
"1","AMCE",0.0114024871742677
"2","CRT",0.446384039900249
