"","method","pval"
"1","AMCE",0.0887074186473012
"2","CRT",0.0947630922693267
