"","method","pval"
"1","AMCE",0.45913956204995
"2","CRT",0.14214463840399
