"","method","pval"
"1","AMCE",0.171116699991326
"2","CRT",0.00498753117206983
