"","method","pval"
"1","AMCE",0.0127648846093089
"2","CRT",0.102244389027431
