"","method","pval"
"1","AMCE",0.00172902912774907
"2","CRT",0.0673316708229426
