"","method","pval"
"1","AMCE",0.00829192096910126
"2","CRT",0.733167082294264
