"","method","pval"
"1","AMCE",0.112688223662
"2","CRT",0.0623441396508728
