"","method","pval"
"1","AMCE",0.0492954710775187
"2","CRT",0.0523690773067332
