"","method","pval"
"1","AMCE",0.718359605951092
"2","CRT",0.0473815461346633
