"","method","pval"
"1","AMCE",0.0482572496508827
"2","CRT",0.0224438902743142
