"","method","pval"
"1","AMCE",0.224941412793834
"2","CRT",0.735660847880299
