"","method","pval"
"1","AMCE",0.0499191762465886
"2","CRT",0.102244389027431
