"","method","pval"
"1","AMCE",0.00276431245038634
"2","CRT",0.638403990024938
