"","method","pval"
"1","AMCE",0.301263139062979
"2","CRT",0.0673316708229426
