"","method","pval"
"1","AMCE",0.139107615953713
"2","CRT",0.339152119700748
