"","method","pval"
"1","AMCE",0.971500648481639
"2","CRT",0.197007481296758
