"","method","pval"
"1","AMCE",0.0536958262379432
"2","CRT",0.244389027431421
