"","method","pval"
"1","AMCE",0.305966172304713
"2","CRT",0.00249376558603491
