"","method","pval"
"1","AMCE",0.023862133456419
"2","CRT",0.0124688279301746
