"","method","pval"
"1","AMCE",0.328828195772948
"2","CRT",0.204488778054863
