"","method","pval"
"1","AMCE",0.107013032663616
"2","CRT",0.134663341645885
