"","method","pval"
"1","AMCE",0.0321542103118512
"2","CRT",0.508728179551122
