"","method","pval"
"1","AMCE",0.0170666703323679
"2","CRT",0.0199501246882793
