"","method","pval"
"1","AMCE",0.0628933713952498
"2","CRT",0.0773067331670823
