"","method","pval"
"1","AMCE",0.144300652635355
"2","CRT",0.0124688279301746
