"","method","pval"
"1","AMCE",0.0223953431467654
"2","CRT",0.00249376558603491
