"","method","pval"
"1","AMCE",0.149682203664291
"2","CRT",0.119700748129676
