"","method","pval"
"1","AMCE",0.616456867964625
"2","CRT",0.0149625935162095
