"","method","pval"
"1","AMCE",0.00511291460047471
"2","CRT",0.00498753117206983
