"","method","pval"
"1","AMCE",0.00521415750491857
"2","CRT",0.0174563591022444
