"","method","pval"
"1","AMCE",0.0887389566793601
"2","CRT",0.411471321695761
