"","method","pval"
"1","AMCE",0.0138992929062074
"2","CRT",0.084788029925187
