"","method","pval"
"1","AMCE",0.0697970012996576
"2","CRT",0.206982543640898
