"","method","pval"
"1","AMCE",0.0326734351865511
"2","CRT",0.00249376558603491
