"","method","pval"
"1","AMCE",0.605519253518877
"2","CRT",0.00249376558603491
