"","method","pval"
"1","AMCE",0.00534029804375415
"2","CRT",0.00249376558603491
