"","method","pval"
"1","AMCE",0.281683392027587
"2","CRT",0.226932668329177
