"","method","pval"
"1","AMCE",0.0486676414460691
"2","CRT",0.00249376558603491
