"","method","pval"
"1","AMCE",0.122085738670965
"2","CRT",0.0623441396508728
