"","method","pval"
"1","AMCE",0.0388964435929205
"2","CRT",0.239401496259352
