"","method","pval"
"1","AMCE",0.0564123869338211
"2","CRT",0.241895261845387
