"","method","pval"
"1","AMCE",0.0814142977567728
"2","CRT",0.15211970074813
