"","method","pval"
"1","AMCE",0.212046516564283
"2","CRT",0.0124688279301746
