"","method","pval"
"1","AMCE",0.083797592872683
"2","CRT",0.0174563591022444
