"","method","pval"
"1","AMCE",0.0245736752103083
"2","CRT",0.224438902743142
