"","method","pval"
"1","AMCE",0.264614121782519
"2","CRT",0.516209476309227
