"","method","pval"
"1","AMCE",0.0494561729290445
"2","CRT",0.0174563591022444
