"","method","pval"
"1","AMCE",0.00366359099798978
"2","CRT",0.0598503740648379
