"","method","pval"
"1","AMCE",0.00974362419462212
"2","CRT",0.0698254364089776
