"","method","pval"
"1","AMCE",0.480485784075966
"2","CRT",0.0124688279301746
