"","method","pval"
"1","AMCE",0.134292268283591
"2","CRT",0.139650872817955
