"","method","pval"
"1","AMCE",0.014000513675688
"2","CRT",0.276807980049875
