"","method","pval"
"1","AMCE",0.0209839937056114
"2","CRT",0.488778054862843
