"","method","pval"
"1","AMCE",0.375466511278385
"2","CRT",0.42643391521197
