"","method","pval"
"1","AMCE",0.688400352019059
"2","CRT",0.0224438902743142
