"","method","pval"
"1","AMCE",0.0415576186829037
"2","CRT",0.00748129675810474
