"","method","pval"
"1","AMCE",0.721029907907346
"2","CRT",0.997506234413965
