"","method","pval"
"1","AMCE",0.0641269155935717
"2","CRT",0.15211970074813
