"","method","pval"
"1","AMCE",0.0558766715646589
"2","CRT",0.0673316708229426
