"","method","pval"
"1","AMCE",0.780445852713472
"2","CRT",0.0798004987531172
