"","method","pval"
"1","AMCE",0.466852145598318
"2","CRT",0.386533665835411
