"","method","pval"
"1","AMCE",0.0198935086699678
"2","CRT",0.613466334164589
