"","method","pval"
"1","AMCE",0.0725398094652973
"2","CRT",0.00498753117206983
