"","method","pval"
"1","AMCE",0.0718150477195462
"2","CRT",0.00997506234413965
