"","method","pval"
"1","AMCE",0.146664211741487
"2","CRT",0.182044887780549
