"","method","pval"
"1","AMCE",0.0433483158832075
"2","CRT",0.0673316708229426
