"","method","pval"
"1","AMCE",0.010979157761072
"2","CRT",0.0174563591022444
