"","method","pval"
"1","AMCE",0.0285899712310309
"2","CRT",0.0648379052369077
