"","method","pval"
"1","AMCE",0.013307656407125
"2","CRT",0.00249376558603491
