"","method","pval"
"1","AMCE",0.0200766829057242
"2","CRT",0.0374064837905237
