"","method","pval"
"1","AMCE",0.052715108463932
"2","CRT",0.1571072319202
