"","method","pval"
"1","AMCE",0.918365722275386
"2","CRT",0.154613466334165
