"","method","pval"
"1","AMCE",0.0116836480683498
"2","CRT",0.319201995012469
