"","method","pval"
"1","AMCE",0.450271924023374
"2","CRT",0.159600997506234
