"","method","pval"
"1","AMCE",0.00751735118710709
"2","CRT",0.00249376558603491
