"","method","pval"
"1","AMCE",0.096080669040893
"2","CRT",0.00249376558603491
