"","method","pval"
"1","AMCE",0.160462281419477
"2","CRT",0.304239401496259
