"","method","pval"
"1","AMCE",0.367385167590452
"2","CRT",0.0124688279301746
