"","method","pval"
"1","AMCE",0.402031049606587
"2","CRT",0.00748129675810474
