"","method","pval"
"1","AMCE",0.0130569929374769
"2","CRT",0.0199501246882793
