"","method","pval"
"1","AMCE",0.108399048338053
"2","CRT",0.506234413965087
