"","method","pval"
"1","AMCE",0.184159281576349
"2","CRT",0.730673316708229
