"","method","pval"
"1","AMCE",0.0666096594931155
"2","CRT",0.0698254364089776
