"","method","pval"
"1","AMCE",0.0500707339576797
"2","CRT",0.71571072319202
