"","method","pval"
"1","AMCE",0.770407350183239
"2","CRT",0.15211970074813
