"","method","pval"
"1","AMCE",0.0390402514475539
"2","CRT",0.0648379052369077
