"","method","pval"
"1","AMCE",0.648865732981852
"2","CRT",0.0124688279301746
