"","method","pval"
"1","AMCE",0.0198332173663367
"2","CRT",0.361596009975062
