"","method","pval"
"1","AMCE",0.0667701791534935
"2","CRT",0.0199501246882793
