"","method","pval"
"1","AMCE",0.522189149744667
"2","CRT",0.00498753117206983
