"","method","pval"
"1","AMCE",0.0104886975191304
"2","CRT",0.00748129675810474
