"","method","pval"
"1","AMCE",0.0269173715895156
"2","CRT",0.00249376558603491
