"","method","pval"
"1","AMCE",0.0532296687306423
"2","CRT",0.399002493765586
