"","method","pval"
"1","AMCE",0.041964405611872
"2","CRT",0.0399002493765586
