"","method","pval"
"1","AMCE",0.0691528148323605
"2","CRT",0.281795511221945
