"","method","pval"
"1","AMCE",0.00728545039298029
"2","CRT",0.0473815461346633
