"","method","pval"
"1","AMCE",0.0468545187029166
"2","CRT",0.0174563591022444
