"","method","pval"
"1","AMCE",0.157925409064707
"2","CRT",0.00249376558603491
