"","method","pval"
"1","AMCE",0.672896295073192
"2","CRT",0.339152119700748
