"","method","pval"
"1","AMCE",0.108080307993778
"2","CRT",0.0224438902743142
