"","method","pval"
"1","AMCE",0.717526980452943
"2","CRT",0.0149625935162095
