"","method","pval"
"1","AMCE",0.0346085681794587
"2","CRT",0.00249376558603491
