"","method","pval"
"1","AMCE",0.014726142085052
"2","CRT",0.00748129675810474
