"","method","pval"
"1","AMCE",0.379652252747655
"2","CRT",0.00748129675810474
