"","method","pval"
"1","AMCE",0.02248838620564
"2","CRT",0.00249376558603491
