"","method","pval"
"1","AMCE",0.011347530570279
"2","CRT",0.00997506234413965
