"","method","pval"
"1","AMCE",0.0466726195312514
"2","CRT",0.084788029925187
