"","method","pval"
"1","AMCE",0.238558688006884
"2","CRT",0.620947630922693
