"","method","pval"
"1","AMCE",0.190625890742971
"2","CRT",0.00748129675810474
