"","method","pval"
"1","AMCE",0.98018403234871
"2","CRT",0.00498753117206983
