"","method","pval"
"1","AMCE",0.00568533731681966
"2","CRT",0.324189526184539
