"","method","pval"
"1","AMCE",0.538881985117978
"2","CRT",0.00249376558603491
