"","method","pval"
"1","AMCE",0.123668106383466
"2","CRT",0.860349127182045
