"","method","pval"
"1","AMCE",0.0480953616473447
"2","CRT",0.286783042394015
