"","method","pval"
"1","AMCE",0.0433483405250609
"2","CRT",0.00249376558603491
