"","method","pval"
"1","AMCE",0.0200973753765366
"2","CRT",0.00498753117206983
