"","method","pval"
"1","AMCE",0.185516978737624
"2","CRT",0.00249376558603491
