"","method","pval"
"1","AMCE",0.514858486744093
"2","CRT",0.0872817955112219
