"","method","pval"
"1","AMCE",0.915459968197899
"2","CRT",0.0773067331670823
