"","method","pval"
"1","AMCE",0.193365055396265
"2","CRT",0.00498753117206983
