"","method","pval"
"1","AMCE",0.500855171011384
"2","CRT",0.00249376558603491
