"","method","pval"
"1","AMCE",0.0393873362647535
"2","CRT",0.0249376558603491
