"","method","pval"
"1","AMCE",0.183734062947494
"2","CRT",0.0773067331670823
