"","method","pval"
"1","AMCE",0.0272183436197742
"2","CRT",0.00249376558603491
