"","method","pval"
"1","AMCE",0.289819007051298
"2","CRT",0.1571072319202
