"","method","pval"
"1","AMCE",0.268067872844677
"2","CRT",0.00997506234413965
