"","method","pval"
"1","AMCE",0.0387626537426744
"2","CRT",0.189526184538653
