"","method","pval"
"1","AMCE",0.0525297091535214
"2","CRT",0.346633416458853
