"","method","pval"
"1","AMCE",0.179371752590773
"2","CRT",0.0922693266832918
