"","method","pval"
"1","AMCE",0.194574690878141
"2","CRT",0.301745635910224
