"","method","pval"
"1","AMCE",0.171250273451345
"2","CRT",0.0124688279301746
