"","method","pval"
"1","AMCE",0.0226064259052002
"2","CRT",0.0224438902743142
