"","method","pval"
"1","AMCE",0.102635062709682
"2","CRT",0.00498753117206983
