"","method","pval"
"1","AMCE",0.00585887392716389
"2","CRT",0.0598503740648379
