"","method","pval"
"1","AMCE",0.497141039393511
"2","CRT",0.00748129675810474
