"","method","pval"
"1","AMCE",0.00398591128306798
"2","CRT",0.369077306733167
