"","method","pval"
"1","AMCE",0.0742820502518405
"2","CRT",0.00249376558603491
