"","method","pval"
"1","AMCE",0.786662279545759
"2","CRT",0.0423940149625935
