"","method","pval"
"1","AMCE",0.381801193477658
"2","CRT",0.0748129675810474
