"","method","pval"
"1","AMCE",0.0113839325353799
"2","CRT",0.503740648379052
