"","method","pval"
"1","AMCE",0.0311441265283724
"2","CRT",0.00748129675810474
