"","method","pval"
"1","AMCE",0.215221097713543
"2","CRT",0.0149625935162095
