"","method","pval"
"1","AMCE",0.642482211067696
"2","CRT",0.00997506234413965
