"","method","pval"
"1","AMCE",0.257611952479082
"2","CRT",0.192019950124688
