"","method","pval"
"1","AMCE",0.0651952834248734
"2","CRT",0.311720698254364
