"","method","pval"
"1","AMCE",0.0233157171385692
"2","CRT",0.0798004987531172
