"","method","pval"
"1","AMCE",0.0751358586080312
"2","CRT",0.084788029925187
