"","method","pval"
"1","AMCE",0.0160857241199879
"2","CRT",0.00997506234413965
