"","method","pval"
"1","AMCE",0.357326480552563
"2","CRT",0.27431421446384
