"","method","pval"
"1","AMCE",0.00715065474384859
"2","CRT",0.00249376558603491
