"","method","pval"
"1","AMCE",0.103756861292094
"2","CRT",0.144638403990025
