"","method","pval"
"1","AMCE",0.0747831450692058
"2","CRT",0.0324189526184539
