"","method","pval"
"1","AMCE",0.0495348390100196
"2","CRT",0.0349127182044888
