"","method","pval"
"1","AMCE",0.581103436116958
"2","CRT",0.376558603491272
