"","method","pval"
"1","AMCE",0.740110858461905
"2","CRT",0.0822942643391521
