"","method","pval"
"1","AMCE",0.0241113003461728
"2","CRT",0.027431421446384
