"","method","pval"
"1","AMCE",0.0278239673249239
"2","CRT",0.673316708229426
