"","method","pval"
"1","AMCE",0.00841304762036488
"2","CRT",0.00249376558603491
