"","method","pval"
"1","AMCE",0.105754442093229
"2","CRT",0.226932668329177
