"","method","pval"
"1","AMCE",0.00529103543034001
"2","CRT",0.107231920199501
