"","method","pval"
"1","AMCE",0.967616593880035
"2","CRT",0.00997506234413965
