"","method","pval"
"1","AMCE",0.0101766176537997
"2","CRT",0.0149625935162095
