"","method","pval"
"1","AMCE",0.214878581920921
"2","CRT",0.00249376558603491
