"","method","pval"
"1","AMCE",0.0256273190449692
"2","CRT",0.149625935162095
