"","method","pval"
"1","AMCE",0.036038472972537
"2","CRT",0.0149625935162095
