"","method","pval"
"1","AMCE",0.0500175445557978
"2","CRT",0.0124688279301746
