"","method","pval"
"1","AMCE",0.15177783348603
"2","CRT",0.0224438902743142
