"","method","pval"
"1","AMCE",0.00758323409789817
"2","CRT",0.112219451371571
