"","method","pval"
"1","AMCE",0.0116525808854664
"2","CRT",0.635910224438903
