"","method","pval"
"1","AMCE",0.0417228719945344
"2","CRT",0.0698254364089776
