"","method","pval"
"1","AMCE",0.0514225484448447
"2","CRT",0.0249376558603491
