"","method","pval"
"1","AMCE",0.168968882606167
"2","CRT",0.104738154613466
