"","method","pval"
"1","AMCE",0.159128142598764
"2","CRT",0.229426433915212
