"","method","pval"
"1","AMCE",0.0220512644333018
"2","CRT",0.0224438902743142
