"","method","pval"
"1","AMCE",0.0348288360954241
"2","CRT",0.314214463840399
