"","method","pval"
"1","AMCE",0.864518782371659
"2","CRT",0.00498753117206983
