"","method","pval"
"1","AMCE",0.465669980037574
"2","CRT",0.0249376558603491
