"","method","pval"
"1","AMCE",0.230058613586953
"2","CRT",0.266832917705736
