"","method","pval"
"1","AMCE",0.603778744037292
"2","CRT",0.314214463840399
