"","method","pval"
"1","AMCE",0.495225033258406
"2","CRT",0.00997506234413965
