"","method","pval"
"1","AMCE",0.0670574360419719
"2","CRT",0.0972568578553616
