"","method","pval"
"1","AMCE",0.0252016187525252
"2","CRT",0.00498753117206983
