"","method","pval"
"1","AMCE",0.0227082358727962
"2","CRT",0.256857855361596
