"","method","pval"
"1","AMCE",0.00391284475089301
"2","CRT",0.00249376558603491
