"","method","pval"
"1","AMCE",0.360556813559986
"2","CRT",0.0648379052369077
