"","method","pval"
"1","AMCE",0.231405381644161
"2","CRT",0.349127182044888
