"","method","pval"
"1","AMCE",0.564252898386035
"2","CRT",0.162094763092269
