"","method","pval"
"1","AMCE",0.0159743047787245
"2","CRT",0.0498753117206983
