"","method","pval"
"1","AMCE",0.551314131157601
"2","CRT",0.0224438902743142
