"","method","pval"
"1","AMCE",0.0124966032217831
"2","CRT",0.00748129675810474
