"","method","pval"
"1","AMCE",0.793940314560313
"2","CRT",0.0498753117206983
