"","method","pval"
"1","AMCE",0.025383895833588
"2","CRT",0.00498753117206983
