"","method","pval"
"1","AMCE",0.00910786988156537
"2","CRT",0.00748129675810474
