"","method","pval"
"1","AMCE",0.0196909470232194
"2","CRT",0.00249376558603491
