"","method","pval"
"1","AMCE",0.886574565894525
"2","CRT",0.0374064837905237
