"","method","pval"
"1","AMCE",0.279630672306155
"2","CRT",0.149625935162095
