"","method","pval"
"1","AMCE",0.359929343227094
"2","CRT",0.369077306733167
