"","method","pval"
"1","AMCE",0.00973284222979235
"2","CRT",0.0224438902743142
