"","method","pval"
"1","AMCE",0.473412150941326
"2","CRT",0.00748129675810474
