"","method","pval"
"1","AMCE",0.599761180651149
"2","CRT",0.00997506234413965
