"","method","pval"
"1","AMCE",0.162029231405795
"2","CRT",0.246882793017456
