"","method","pval"
"1","AMCE",0.0250749915397205
"2","CRT",0.0199501246882793
