"","method","pval"
"1","AMCE",0.941445119966793
"2","CRT",0.00997506234413965
