"","method","pval"
"1","AMCE",0.304916376574727
"2","CRT",0.0748129675810474
