"","method","pval"
"1","AMCE",0.75834884383099
"2","CRT",0.0872817955112219
