"","method","pval"
"1","AMCE",0.0208367953475625
"2","CRT",0.216957605985037
