"","method","pval"
"1","AMCE",0.0895372933116999
"2","CRT",0.0523690773067332
