"","method","pval"
"1","AMCE",0.00379387303353485
"2","CRT",0.057356608478803
