"","method","pval"
"1","AMCE",0.143946218232804
"2","CRT",0.783042394014963
