"","method","pval"
"1","AMCE",0.00352017191750003
"2","CRT",0.00748129675810474
