"","method","pval"
"1","AMCE",0.00830043910397162
"2","CRT",0.1571072319202
