"","method","pval"
"1","AMCE",0.951097537451953
"2","CRT",0.0149625935162095
