"","method","pval"
"1","AMCE",0.00158631531160411
"2","CRT",0.179551122194514
