"","method","pval"
"1","AMCE",0.0108996538792134
"2","CRT",0.0174563591022444
