"","method","pval"
"1","AMCE",0.829671690051534
"2","CRT",0.443890274314214
