"","method","pval"
"1","AMCE",0.117708994581606
"2","CRT",0.0773067331670823
