"","method","pval"
"1","AMCE",0.0418326955301344
"2","CRT",0.00997506234413965
