"","method","pval"
"1","AMCE",0.28307591149431
"2","CRT",0.027431421446384
