"","method","pval"
"1","AMCE",0.0713065953565939
"2","CRT",0.159600997506234
