"","method","pval"
"1","AMCE",0.171689501660164
"2","CRT",0.0822942643391521
