"","method","pval"
"1","AMCE",0.231954061947968
"2","CRT",0.00498753117206983
