"","method","pval"
"1","AMCE",0.510176263898458
"2","CRT",0.00997506234413965
