"","method","pval"
"1","AMCE",0.0335197918582006
"2","CRT",0.0947630922693267
