"","method","pval"
"1","AMCE",0.0439926072828621
"2","CRT",0.0149625935162095
