"","method","pval"
"1","AMCE",0.0434789845759114
"2","CRT",0.124688279301746
