"","method","pval"
"1","AMCE",0.162387720721105
"2","CRT",0.0249376558603491
