"","method","pval"
"1","AMCE",0.274066836218121
"2","CRT",0.00748129675810474
