"","method","pval"
"1","AMCE",0.834075441418891
"2","CRT",0.00748129675810474
