"","method","pval"
"1","AMCE",0.232139292809312
"2","CRT",0.134663341645885
