"","method","pval"
"1","AMCE",0.058026748648368
"2","CRT",0.167082294264339
