"","method","pval"
"1","AMCE",0.103866207888886
"2","CRT",0.00498753117206983
