"","method","pval"
"1","AMCE",0.305989390590959
"2","CRT",0.0249376558603491
