"","method","pval"
"1","AMCE",0.200223222761308
"2","CRT",0.00748129675810474
