"","method","pval"
"1","AMCE",0.0336990543060472
"2","CRT",0.0324189526184539
