"","method","pval"
"1","AMCE",0.306501929192755
"2","CRT",0.00748129675810474
