"","method","pval"
"1","AMCE",0.376752388704975
"2","CRT",0.057356608478803
