"","method","pval"
"1","AMCE",0.0890262672574555
"2","CRT",0.269326683291771
