"","method","pval"
"1","AMCE",0.097690393365718
"2","CRT",0.124688279301746
