"","method","pval"
"1","AMCE",0.891664742093344
"2","CRT",0.0124688279301746
