"","method","pval"
"1","AMCE",0.00997702910210181
"2","CRT",0.336658354114713
