"","method","pval"
"1","AMCE",0.685034106988067
"2","CRT",0.71571072319202
