"","method","pval"
"1","AMCE",0.0234176205979351
"2","CRT",0.00498753117206983
