"","method","pval"
"1","AMCE",0.300059505381245
"2","CRT",0.00997506234413965
