"","method","pval"
"1","AMCE",0.610762262401282
"2","CRT",0.503740648379052
