"","method","pval"
"1","AMCE",0.0699069347232557
"2","CRT",0.211970074812968
