"","method","pval"
"1","AMCE",0.282116492909182
"2","CRT",0.00997506234413965
