"","method","pval"
"1","AMCE",0.315635057232106
"2","CRT",0.00249376558603491
