"","method","pval"
"1","AMCE",0.148413345896146
"2","CRT",0.027431421446384
