"","method","pval"
"1","AMCE",0.0117238186210787
"2","CRT",0.204488778054863
