"","method","pval"
"1","AMCE",0.0298876946253407
"2","CRT",0.00997506234413965
