"","method","pval"
"1","AMCE",0.933120958491733
"2","CRT",0.144638403990025
