"","method","pval"
"1","AMCE",0.0316474656485214
"2","CRT",0.00997506234413965
