"","method","pval"
"1","AMCE",0.0256288051576641
"2","CRT",0.00748129675810474
