"","method","pval"
"1","AMCE",0.0441812852644638
"2","CRT",0.538653366583541
