"","method","pval"
"1","AMCE",0.00332417010724965
"2","CRT",0.00997506234413965
