"","method","pval"
"1","AMCE",0.00708337485183938
"2","CRT",0.0199501246882793
