"","method","pval"
"1","AMCE",0.927785474168032
"2","CRT",0.00249376558603491
