"","method","pval"
"1","AMCE",0.842701861326866
"2","CRT",0.28927680798005
