"","method","pval"
"1","AMCE",0.0235165992169282
"2","CRT",0.00249376558603491
