"","method","pval"
"1","AMCE",0.191937378365184
"2","CRT",0.349127182044888
