"","method","pval"
"1","AMCE",0.143161921967393
"2","CRT",0.513715710723192
