"","method","pval"
"1","AMCE",0.132528624091795
"2","CRT",0.29925187032419
