"","method","pval"
"1","AMCE",0.0358905782729704
"2","CRT",0.189526184538653
