"","method","pval"
"1","AMCE",0.0181995931049313
"2","CRT",0.149625935162095
