"","method","pval"
"1","AMCE",0.447629436250565
"2","CRT",0.266832917705736
