"","method","pval"
"1","AMCE",0.503837379291834
"2","CRT",0.00249376558603491
