"","method","pval"
"1","AMCE",0.0362892369861051
"2","CRT",0.0199501246882793
