"","method","pval"
"1","AMCE",0.0676920512568981
"2","CRT",0.0773067331670823
