"","method","pval"
"1","AMCE",0.0423759665446069
"2","CRT",0.0124688279301746
