"","method","pval"
"1","AMCE",0.133810967668151
"2","CRT",0.713216957605985
