"","method","pval"
"1","AMCE",0.318149162647173
"2","CRT",0.00498753117206983
