"","method","pval"
"1","AMCE",0.496144852688971
"2","CRT",0.0174563591022444
