"","method","pval"
"1","AMCE",0.498345605180486
"2","CRT",0.0374064837905237
