"","method","pval"
"1","AMCE",0.261548716498025
"2","CRT",0.536159600997506
