"","method","pval"
"1","AMCE",0.18850620181
"2","CRT",0.224438902743142
