"","method","pval"
"1","AMCE",0.0260859985680681
"2","CRT",0.645885286783042
