"","method","pval"
"1","AMCE",0.618020797121372
"2","CRT",0.117206982543641
