"","method","pval"
"1","AMCE",0.00999397436085971
"2","CRT",0.0598503740648379
