"","method","pval"
"1","AMCE",0.0724381475710276
"2","CRT",0.610972568578554
