"","method","pval"
"1","AMCE",0.713491276257146
"2","CRT",0.0324189526184539
