"","method","pval"
"1","AMCE",0.535989598442458
"2","CRT",0.00498753117206983
