"","method","pval"
"1","AMCE",0.0377651324782747
"2","CRT",0.0798004987531172
