"","method","pval"
"1","AMCE",0.68730537322135
"2","CRT",0.00249376558603491
