"","method","pval"
"1","AMCE",0.999235604077576
"2","CRT",0.304239401496259
