"","method","pval"
"1","AMCE",0.00678836117527813
"2","CRT",0.184538653366584
