"","method","pval"
"1","AMCE",0.0560939108413399
"2","CRT",0.226932668329177
