"","method","pval"
"1","AMCE",0.00495880152157795
"2","CRT",0.00748129675810474
