"","method","pval"
"1","AMCE",0.156135183999195
"2","CRT",0.029925187032419
