"","method","pval"
"1","AMCE",0.00609360638971356
"2","CRT",0.00748129675810474
