"","method","pval"
"1","AMCE",0.0452463030284767
"2","CRT",0.0773067331670823
