"","method","pval"
"1","AMCE",0.0856861710583331
"2","CRT",0.027431421446384
