"","method","pval"
"1","AMCE",0.575465589309908
"2","CRT",0.00498753117206983
