"","method","pval"
"1","AMCE",0.0781934565980648
"2","CRT",0.0374064837905237
