"","method","pval"
"1","AMCE",0.0908514056443424
"2","CRT",0.0174563591022444
