"","method","pval"
"1","AMCE",0.0377123774518978
"2","CRT",0.00249376558603491
