"","method","pval"
"1","AMCE",0.171043146618592
"2","CRT",0.0249376558603491
