"","method","pval"
"1","AMCE",0.377243498132233
"2","CRT",0.486284289276808
