"","method","pval"
"1","AMCE",0.66992252089215
"2","CRT",0.00498753117206983
