"","method","pval"
"1","AMCE",0.0229317460290111
"2","CRT",0.548628428927681
