"","method","pval"
"1","AMCE",0.200529073746749
"2","CRT",0.0224438902743142
