"","method","pval"
"1","AMCE",0.759758399212741
"2","CRT",0.00748129675810474
