"","method","pval"
"1","AMCE",0.00506966963498239
"2","CRT",0.628428927680798
