"","method","pval"
"1","AMCE",0.441590430788069
"2","CRT",0.0174563591022444
