"","method","pval"
"1","AMCE",0.0361020470790026
"2","CRT",0.00249376558603491
