"","method","pval"
"1","AMCE",0.038494780499217
"2","CRT",0.102244389027431
