"","method","pval"
"1","AMCE",0.399623388292542
"2","CRT",0.0748129675810474
