"","method","pval"
"1","AMCE",0.0497776593607405
"2","CRT",0.890274314214464
