"","method","pval"
"1","AMCE",0.00552015120347833
"2","CRT",0.216957605985037
