"","method","pval"
"1","AMCE",0.119880315168965
"2","CRT",0.00249376558603491
