"","method","pval"
"1","AMCE",0.281644009520287
"2","CRT",0.129675810473815
