"","method","pval"
"1","AMCE",0.598435726492726
"2","CRT",0.0349127182044888
