"","method","pval"
"1","AMCE",0.123450874078775
"2","CRT",0.219451371571072
