"","method","pval"
"1","AMCE",0.511580051879835
"2","CRT",0.0673316708229426
