"","method","pval"
"1","AMCE",0.0625103763727758
"2","CRT",0.234413965087282
