"","method","pval"
"1","AMCE",0.000203465947749275
"2","CRT",0.0473815461346633
