"","method","pval"
"1","AMCE",0.0180327582650688
"2","CRT",0.00249376558603491
