"","method","pval"
"1","AMCE",0.0291914442207849
"2","CRT",0.261845386533666
