"","method","pval"
"1","AMCE",0.0136781230865666
"2","CRT",0.117206982543641
