"","method","pval"
"1","AMCE",0.00339329581789713
"2","CRT",0.00748129675810474
