"","method","pval"
"1","AMCE",0.0224705193274205
"2","CRT",0.00997506234413965
