"","method","pval"
"1","AMCE",0.00699411142194191
"2","CRT",0.214463840399002
