"","method","pval"
"1","AMCE",0.0153631219404889
"2","CRT",0.0199501246882793
