"","method","pval"
"1","AMCE",0.0917425334606261
"2","CRT",0.261845386533666
