"","method","pval"
"1","AMCE",0.0108681555610258
"2","CRT",0.0972568578553616
