"","method","pval"
"1","AMCE",0.0247421578533311
"2","CRT",0.214463840399002
