"","method","pval"
"1","AMCE",0.231030792528527
"2","CRT",0.211970074812968
