"","method","pval"
"1","AMCE",0.00699682253393755
"2","CRT",0.00997506234413965
