"","method","pval"
"1","AMCE",0.000354039323601222
"2","CRT",0.107231920199501
