"","method","pval"
"1","AMCE",0.0286743822648489
"2","CRT",0.00249376558603491
