"","method","pval"
"1","AMCE",0.539044703951187
"2","CRT",0.0374064837905237
