"","method","pval"
"1","AMCE",0.181118930675179
"2","CRT",0.104738154613466
