"","method","pval"
"1","AMCE",0.0154928804978485
"2","CRT",0.00498753117206983
