"","method","pval"
"1","AMCE",0.187109095793273
"2","CRT",0.0199501246882793
