"","method","pval"
"1","AMCE",0.0575101354123004
"2","CRT",0.261845386533666
