"","method","pval"
"1","AMCE",0.00646080475862359
"2","CRT",0.0249376558603491
