"","method","pval"
"1","AMCE",0.00356315207806381
"2","CRT",0.114713216957606
