"","method","pval"
"1","AMCE",0.597286024437394
"2","CRT",0.00748129675810474
