"","method","pval"
"1","AMCE",0.320629338264368
"2","CRT",0.0897755610972569
