"","method","pval"
"1","AMCE",0.888317827085515
"2","CRT",0.00997506234413965
