"","method","pval"
"1","AMCE",0.0866959551838037
"2","CRT",0.00498753117206983
