"","method","pval"
"1","AMCE",0.0295529361353166
"2","CRT",0.00249376558603491
