"","method","pval"
"1","AMCE",0.0987118760019312
"2","CRT",0.356608478802993
