"","method","pval"
"1","AMCE",0.269453985948005
"2","CRT",0.00498753117206983
