"","method","pval"
"1","AMCE",0.0215010257421375
"2","CRT",0.528678304239402
