"","method","pval"
"1","AMCE",0.904572464624842
"2","CRT",0.0149625935162095
