"","method","pval"
"1","AMCE",0.630680280083372
"2","CRT",0.0249376558603491
