"","method","pval"
"1","AMCE",0.0659569221105798
"2","CRT",0.114713216957606
