"","method","pval"
"1","AMCE",0.0260747781322155
"2","CRT",0.14214463840399
