"","method","pval"
"1","AMCE",0.239359217903086
"2","CRT",0.0224438902743142
