"","method","pval"
"1","AMCE",0.0169104695035905
"2","CRT",0.246882793017456
