"","method","pval"
"1","AMCE",0.100490596497208
"2","CRT",0.226932668329177
