"","method","pval"
"1","AMCE",0.601466767242841
"2","CRT",0.0149625935162095
