"","method","pval"
"1","AMCE",0.205955850846342
"2","CRT",0.463840399002494
