"","method","pval"
"1","AMCE",0.0140889171370662
"2","CRT",0.00748129675810474
