"","method","pval"
"1","AMCE",0.026879777057611
"2","CRT",0.0199501246882793
