"","method","pval"
"1","AMCE",0.0739362905903682
"2","CRT",0.0399002493765586
