"","method","pval"
"1","AMCE",0.0164714832103433
"2","CRT",0.0349127182044888
