"","method","pval"
"1","AMCE",0.371027439502874
"2","CRT",0.177057356608479
