"","method","pval"
"1","AMCE",0.555409865752934
"2","CRT",0.00249376558603491
