"","method","pval"
"1","AMCE",0.0550400568381594
"2","CRT",0.13715710723192
