"","method","pval"
"1","AMCE",0.0469660250258431
"2","CRT",0.645885286783042
