"","method","pval"
"1","AMCE",0.876861637474251
"2","CRT",0.029925187032419
