"","method","pval"
"1","AMCE",0.0241672819523195
"2","CRT",0.401496259351621
