"","method","pval"
"1","AMCE",0.0431887120282871
"2","CRT",0.391521197007481
