"","method","pval"
"1","AMCE",0.694134231811233
"2","CRT",0.184538653366584
