"","method","pval"
"1","AMCE",0.0524712774802809
"2","CRT",0.665835411471322
