"","method","pval"
"1","AMCE",0.0157924749342469
"2","CRT",0.231920199501247
