"","method","pval"
"1","AMCE",0.0690846507026883
"2","CRT",0.0872817955112219
