"","method","pval"
"1","AMCE",0.126048522538339
"2","CRT",0.00249376558603491
