"","method","pval"
"1","AMCE",0.972465803998751
"2","CRT",0.029925187032419
