"","method","pval"
"1","AMCE",0.874077803873406
"2","CRT",0.241895261845387
