"","method","pval"
"1","AMCE",0.0298591554090627
"2","CRT",0.0897755610972569
