"","method","pval"
"1","AMCE",0.123444271107038
"2","CRT",0.169576059850374
