"","method","pval"
"1","AMCE",0.939186588680744
"2","CRT",0.0199501246882793
