"","method","pval"
"1","AMCE",0.71433501668371
"2","CRT",0.00498753117206983
