"","method","pval"
"1","AMCE",0.315635557244148
"2","CRT",0.354114713216958
