"","method","pval"
"1","AMCE",0.00383430546837111
"2","CRT",0.00249376558603491
