"","method","pval"
"1","AMCE",0.00843673319825694
"2","CRT",0.0249376558603491
