"","method","pval"
"1","AMCE",0.102778699672709
"2","CRT",0.0623441396508728
