"","method","pval"
"1","AMCE",0.0141443682408025
"2","CRT",0.194513715710723
