"","method","pval"
"1","AMCE",0.0201622365430358
"2","CRT",0.00249376558603491
