"","method","pval"
"1","AMCE",0.0467571062246134
"2","CRT",0.0199501246882793
