"","method","pval"
"1","AMCE",0.0435744755855143
"2","CRT",0.00498753117206983
