"","method","pval"
"1","AMCE",0.483904422813011
"2","CRT",0.0773067331670823
