"","method","pval"
"1","AMCE",0.7759467275783
"2","CRT",0.00498753117206983
