"","method","pval"
"1","AMCE",0.0441359462995533
"2","CRT",0.0374064837905237
