"","method","pval"
"1","AMCE",0.0626371393056264
"2","CRT",0.00498753117206983
