"","method","pval"
"1","AMCE",0.134097330800734
"2","CRT",0.0174563591022444
