"","method","pval"
"1","AMCE",0.357793154519159
"2","CRT",0.29426433915212
