"","method","pval"
"1","AMCE",0.0284523331860715
"2","CRT",0.229426433915212
