"","method","pval"
"1","AMCE",0.880555489980492
"2","CRT",0.00249376558603491
