"","method","pval"
"1","AMCE",0.109650446434488
"2","CRT",0.533665835411471
