"","method","pval"
"1","AMCE",0.0816992991658574
"2","CRT",0.0249376558603491
