"","method","pval"
"1","AMCE",0.0130149022936571
"2","CRT",0.134663341645885
