"","method","pval"
"1","AMCE",0.0151058071577878
"2","CRT",0.0822942643391521
