"","method","pval"
"1","AMCE",0.0764827067823607
"2","CRT",0.0648379052369077
