"","method","pval"
"1","AMCE",0.036280777727381
"2","CRT",0.129675810473815
