"","method","pval"
"1","AMCE",0.026444295708503
"2","CRT",0.00748129675810474
