"","method","pval"
"1","AMCE",0.522848218813824
"2","CRT",0.159600997506234
