"","method","pval"
"1","AMCE",0.105510914206908
"2","CRT",0.00997506234413965
