"","method","pval"
"1","AMCE",0.342869758561293
"2","CRT",0.0174563591022444
