"","method","pval"
"1","AMCE",0.0658451245719513
"2","CRT",0.386533665835411
