"","method","pval"
"1","AMCE",0.0236504586270717
"2","CRT",0.027431421446384
