"","method","pval"
"1","AMCE",0.0227708591321173
"2","CRT",0.00997506234413965
