"","method","pval"
"1","AMCE",0.0561371778507534
"2","CRT",0.276807980049875
