"","method","pval"
"1","AMCE",0.138125467038928
"2","CRT",0.249376558603491
