"","method","pval"
"1","AMCE",0.0200465389124216
"2","CRT",0.0673316708229426
