"","method","pval"
"1","AMCE",0.342239773472932
"2","CRT",0.0374064837905237
