"","method","pval"
"1","AMCE",0.0511057632935257
"2","CRT",0.0199501246882793
