"","method","pval"
"1","AMCE",0.165514728561562
"2","CRT",0.0249376558603491
