"","method","pval"
"1","AMCE",0.0367667745739963
"2","CRT",0.14713216957606
