"","method","pval"
"1","AMCE",0.424877193753916
"2","CRT",0.00498753117206983
