"","method","pval"
"1","AMCE",0.402294932564798
"2","CRT",0.501246882793017
