"","method","pval"
"1","AMCE",0.0375484060061068
"2","CRT",0.00748129675810474
