"","method","pval"
"1","AMCE",0.0318310545789562
"2","CRT",0.0897755610972569
