"","method","pval"
"1","AMCE",0.0969367452157964
"2","CRT",0.231920199501247
