"","method","pval"
"1","AMCE",0.0708701590522864
"2","CRT",0.0748129675810474
