"","method","pval"
"1","AMCE",0.0461933917917064
"2","CRT",0.00997506234413965
