"","method","pval"
"1","AMCE",0.0161174684459984
"2","CRT",0.204488778054863
