"","method","pval"
"1","AMCE",0.0927091206281416
"2","CRT",0.00997506234413965
