"","method","pval"
"1","AMCE",0.0411694884896116
"2","CRT",0.00997506234413965
