"","method","pval"
"1","AMCE",0.0660151373502776
"2","CRT",0.199501246882793
