"","method","pval"
"1","AMCE",0.0076415748464471
"2","CRT",0.216957605985037
