"","method","pval"
"1","AMCE",0.544913908436523
"2","CRT",0.0399002493765586
