"","method","pval"
"1","AMCE",0.0985140816499447
"2","CRT",0.00498753117206983
