"","method","pval"
"1","AMCE",0.112463433566299
"2","CRT",0.139650872817955
