"","method","pval"
"1","AMCE",0.0331852400564483
"2","CRT",0.0598503740648379
