"","method","pval"
"1","AMCE",0.0201395761533886
"2","CRT",0.0698254364089776
