"","method","pval"
"1","AMCE",0.0088453504392065
"2","CRT",0.00748129675810474
