"","method","pval"
"1","AMCE",0.568494880508027
"2","CRT",0.0698254364089776
