"","method","pval"
"1","AMCE",0.0677656906833812
"2","CRT",0.301745635910224
