"","method","pval"
"1","AMCE",0.0426163811460075
"2","CRT",0.566084788029925
