"","method","pval"
"1","AMCE",0.20649652952725
"2","CRT",0.00249376558603491
