"","method","pval"
"1","AMCE",0.511746377024927
"2","CRT",0.0773067331670823
