"","method","pval"
"1","AMCE",0.65370968595418
"2","CRT",0.0748129675810474
