"","method","pval"
"1","AMCE",0.0398353948936792
"2","CRT",0.0748129675810474
