"","method","pval"
"1","AMCE",0.00247672601609979
"2","CRT",0.14713216957606
