"","method","pval"
"1","AMCE",0.652400253746224
"2","CRT",0.354114713216958
