"","method","pval"
"1","AMCE",0.0236617454179386
"2","CRT",0.0423940149625935
