"","method","pval"
"1","AMCE",0.0135448361165055
"2","CRT",0.00498753117206983
