"","method","pval"
"1","AMCE",0.0146127620834735
"2","CRT",0.00498753117206983
