"","method","pval"
"1","AMCE",0.0313028396176556
"2","CRT",0.00498753117206983
