"","method","pval"
"1","AMCE",0.832532723162782
"2","CRT",0.481296758104738
