"","method","pval"
"1","AMCE",0.00929740508195573
"2","CRT",0.0249376558603491
