"","method","pval"
"1","AMCE",0.167246880567928
"2","CRT",0.0124688279301746
