"","method","pval"
"1","AMCE",0.0169193910604382
"2","CRT",0.117206982543641
