"","method","pval"
"1","AMCE",0.512702280995407
"2","CRT",0.187032418952618
