"","method","pval"
"1","AMCE",0.0859995481799548
"2","CRT",0.663341645885287
