"","method","pval"
"1","AMCE",0.309037034942614
"2","CRT",0.00498753117206983
