"","method","pval"
"1","AMCE",0.0452695403428807
"2","CRT",0.239401496259352
