"","method","pval"
"1","AMCE",0.069197236146575
"2","CRT",0.00997506234413965
