"","method","pval"
"1","AMCE",0.00654817042757551
"2","CRT",0.0249376558603491
