"","method","pval"
"1","AMCE",0.000590222642675045
"2","CRT",0.0872817955112219
