"","method","pval"
"1","AMCE",0.00341676919905926
"2","CRT",0.306733167082294
