"","method","pval"
"1","AMCE",0.0871312843064884
"2","CRT",0.00997506234413965
