"","method","pval"
"1","AMCE",0.217010307257408
"2","CRT",0.0997506234413965
