"","method","pval"
"1","AMCE",0.0926786642400723
"2","CRT",0.0947630922693267
