"","method","pval"
"1","AMCE",0.0102178354805958
"2","CRT",0.361596009975062
