"","method","pval"
"1","AMCE",0.000933338712071277
"2","CRT",0.0224438902743142
