"","method","pval"
"1","AMCE",0.0394408007255558
"2","CRT",0.349127182044888
