"","method","pval"
"1","AMCE",0.0408193538964991
"2","CRT",0.0698254364089776
