"","method","pval"
"1","AMCE",0.0692037092134483
"2","CRT",0.0897755610972569
