"","method","pval"
"1","AMCE",0.0569724851307154
"2","CRT",0.0972568578553616
