"","method","pval"
"1","AMCE",0.124252382695797
"2","CRT",0.129675810473815
