"","method","pval"
"1","AMCE",0.947994765925552
"2","CRT",0.00498753117206983
