"","method","pval"
"1","AMCE",0.26885919076715
"2","CRT",0.281795511221945
