"","method","pval"
"1","AMCE",0.513064088139151
"2","CRT",0.0174563591022444
