"","method","pval"
"1","AMCE",0.0512543484977272
"2","CRT",0.0748129675810474
