"","method","pval"
"1","AMCE",0.0697062756042306
"2","CRT",0.0174563591022444
