"","method","pval"
"1","AMCE",0.125174614135337
"2","CRT",0.438902743142145
