"","method","pval"
"1","AMCE",0.00973930302150206
"2","CRT",0.00997506234413965
