"","method","pval"
"1","AMCE",0.0390563503326551
"2","CRT",0.0773067331670823
