"","method","pval"
"1","AMCE",0.0232417591223106
"2","CRT",0.244389027431421
