"","method","pval"
"1","AMCE",0.0489268798395241
"2","CRT",0.204488778054863
