"","method","pval"
"1","AMCE",0.124299464705982
"2","CRT",0.0498753117206983
