"","method","pval"
"1","AMCE",0.100316105335896
"2","CRT",0.00997506234413965
