"","method","pval"
"1","AMCE",0.00969351505964954
"2","CRT",0.182044887780549
