"","method","pval"
"1","AMCE",0.0319538301189197
"2","CRT",0.221945137157107
