"","method","pval"
"1","AMCE",0.032185547564213
"2","CRT",0.379052369077307
