"","method","pval"
"1","AMCE",0.0361203472662612
"2","CRT",0.14214463840399
