"","method","pval"
"1","AMCE",0.199736691271264
"2","CRT",0.00249376558603491
