"","method","pval"
"1","AMCE",0.043860611631115
"2","CRT",0.154613466334165
