"","method","pval"
"1","AMCE",0.0651254372523564
"2","CRT",0.13715710723192
