"","method","pval"
"1","AMCE",0.111594223648394
"2","CRT",0.0648379052369077
