"","method","pval"
"1","AMCE",0.492442444039473
"2","CRT",0.301745635910224
