"","method","pval"
"1","AMCE",0.00682529679435112
"2","CRT",0.0997506234413965
