"","method","pval"
"1","AMCE",0.12395810115896
"2","CRT",0.0224438902743142
