"","method","pval"
"1","AMCE",0.0261616588917014
"2","CRT",0.0473815461346633
