"","method","pval"
"1","AMCE",0.299703072295278
"2","CRT",0.162094763092269
