"","method","pval"
"1","AMCE",0.153342243662506
"2","CRT",0.00498753117206983
