"","method","pval"
"1","AMCE",0.433997870429405
"2","CRT",0.374064837905237
