"","method","pval"
"1","AMCE",0.0389595216440213
"2","CRT",0.00498753117206983
