"","method","pval"
"1","AMCE",0.0710413274951664
"2","CRT",0.825436408977556
