"","method","pval"
"1","AMCE",0.566476359380686
"2","CRT",0.1571072319202
