"","method","pval"
"1","AMCE",0.516594214015963
"2","CRT",0.0698254364089776
