"","method","pval"
"1","AMCE",0.0295323251900822
"2","CRT",0.381546134663342
