"","method","pval"
"1","AMCE",0.0626729998229513
"2","CRT",0.029925187032419
