"","method","pval"
"1","AMCE",0.698865005666049
"2","CRT",0.204488778054863
