"","method","pval"
"1","AMCE",0.0155358560529217
"2","CRT",0.254364089775561
