"","method","pval"
"1","AMCE",0.0472165096136865
"2","CRT",0.324189526184539
