"","method","pval"
"1","AMCE",0.00410643211751313
"2","CRT",0.356608478802993
