"","method","pval"
"1","AMCE",0.184901016375606
"2","CRT",0.201995012468828
