"","method","pval"
"1","AMCE",0.53448146474712
"2","CRT",0.855361596009975
