"","method","pval"
"1","AMCE",0.232406173702674
"2","CRT",0.623441396508728
