"","method","pval"
"1","AMCE",0.958434337175353
"2","CRT",0.057356608478803
