"","method","pval"
"1","AMCE",0.0138364676821789
"2","CRT",0.815461346633416
