"","method","pval"
"1","AMCE",0.070094436358925
"2","CRT",0.0149625935162095
