"","method","pval"
"1","AMCE",0.0119690280717925
"2","CRT",0.0174563591022444
