"","method","pval"
"1","AMCE",0.003034486314272
"2","CRT",0.735660847880299
