"","method","pval"
"1","AMCE",0.122219168526883
"2","CRT",0.0149625935162095
