"","method","pval"
"1","AMCE",0.193616282585526
"2","CRT",0.14713216957606
