"","method","pval"
"1","AMCE",0.0474030767631906
"2","CRT",0.00498753117206983
