"","method","pval"
"1","AMCE",0.199339426510034
"2","CRT",0.00249376558603491
