"","method","pval"
"1","AMCE",0.0769223056266509
"2","CRT",0.259351620947631
