"","method","pval"
"1","AMCE",0.0197413570680966
"2","CRT",0.428927680798005
