"","method","pval"
"1","AMCE",0.0200654782262372
"2","CRT",0.00748129675810474
