"","method","pval"
"1","AMCE",0.137337608216021
"2","CRT",0.00748129675810474
