"","method","pval"
"1","AMCE",0.00373338340163993
"2","CRT",0.0349127182044888
