"","method","pval"
"1","AMCE",0.0113156881417752
"2","CRT",0.411471321695761
