"","method","pval"
"1","AMCE",0.691437073286374
"2","CRT",0.00498753117206983
