"","method","pval"
"1","AMCE",0.0385280640223383
"2","CRT",0.134663341645885
