"","method","pval"
"1","AMCE",0.0246753697844261
"2","CRT",0.371571072319202
