"","method","pval"
"1","AMCE",0.753976510073772
"2","CRT",0.00249376558603491
