"","method","pval"
"1","AMCE",0.0398542481746879
"2","CRT",0.00748129675810474
