"","method","pval"
"1","AMCE",0.00415139031787315
"2","CRT",0.0249376558603491
