"","method","pval"
"1","AMCE",0.279136445416153
"2","CRT",0.00748129675810474
