"","method","pval"
"1","AMCE",0.0196067268734077
"2","CRT",0.00498753117206983
