"","method","pval"
"1","AMCE",0.669061182842267
"2","CRT",0.306733167082294
