"","method","pval"
"1","AMCE",0.0298800817969769
"2","CRT",0.00997506234413965
