"","method","pval"
"1","AMCE",0.00796776795683685
"2","CRT",0.359102244389027
