"","method","pval"
"1","AMCE",0.0215644416976216
"2","CRT",0.209476309226933
