"","method","pval"
"1","AMCE",0.535841048345713
"2","CRT",0.139650872817955
