"","method","pval"
"1","AMCE",0.240838973142869
"2","CRT",0.0374064837905237
