"","method","pval"
"1","AMCE",0.00868060848523287
"2","CRT",0.556109725685786
