"","method","pval"
"1","AMCE",0.691252700316231
"2","CRT",0.0224438902743142
