"","method","pval"
"1","AMCE",0.710362306470325
"2","CRT",0.351620947630923
