"","method","pval"
"1","AMCE",0.527293668628157
"2","CRT",0.708229426433915
