"","method","pval"
"1","AMCE",0.0216184087112537
"2","CRT",0.0199501246882793
