"","method","pval"
"1","AMCE",0.00612096658575809
"2","CRT",0.423940149625935
