"","method","pval"
"1","AMCE",0.30329414298295
"2","CRT",0.0124688279301746
