"","method","pval"
"1","AMCE",0.072990050334881
"2","CRT",0.0124688279301746
