"","method","pval"
"1","AMCE",0.295243397119116
"2","CRT",0.057356608478803
