"","method","pval"
"1","AMCE",0.0207340101443305
"2","CRT",0.0249376558603491
