"","method","pval"
"1","AMCE",0.517318012587889
"2","CRT",0.00748129675810474
