"","method","pval"
"1","AMCE",0.110632091832771
"2","CRT",0.204488778054863
