"","method","pval"
"1","AMCE",0.118549713294786
"2","CRT",0.498753117206983
