"","method","pval"
"1","AMCE",0.12154599964472
"2","CRT",0.0124688279301746
