"","method","pval"
"1","AMCE",0.201786091946501
"2","CRT",0.144638403990025
