"","method","pval"
"1","AMCE",0.0528160751218059
"2","CRT",0.0897755610972569
