"","method","pval"
"1","AMCE",0.0189018143252629
"2","CRT",0.029925187032419
