"","method","pval"
"1","AMCE",0.402789977345498
"2","CRT",0.0199501246882793
