"","method","pval"
"1","AMCE",0.117546118307012
"2","CRT",0.286783042394015
