"","method","pval"
"1","AMCE",0.312331549754271
"2","CRT",0.0199501246882793
