"","method","pval"
"1","AMCE",0.165140654656188
"2","CRT",0.271820448877805
