"","method","pval"
"1","AMCE",0.018575907539814
"2","CRT",0.206982543640898
