"","method","pval"
"1","AMCE",0.469711371141482
"2","CRT",0.029925187032419
