"","method","pval"
"1","AMCE",0.163932707827282
"2","CRT",0.00249376558603491
