"","method","pval"
"1","AMCE",0.690082092188553
"2","CRT",0.119700748129676
