"","method","pval"
"1","AMCE",0.0792218551053202
"2","CRT",0.0897755610972569
