"","method","pval"
"1","AMCE",0.0115521064375749
"2","CRT",0.0124688279301746
