"","method","pval"
"1","AMCE",0.00531573081804787
"2","CRT",0.00997506234413965
