"","method","pval"
"1","AMCE",0.0332814338737345
"2","CRT",0.00748129675810474
