"","method","pval"
"1","AMCE",0.19255839933874
"2","CRT",0.00249376558603491
