"","method","pval"
"1","AMCE",0.227639251740696
"2","CRT",0.0548628428927681
