"","method","pval"
"1","AMCE",0.955107503888344
"2","CRT",0.00748129675810474
