"","method","pval"
"1","AMCE",0.296496826587451
"2","CRT",0.0124688279301746
