"","method","pval"
"1","AMCE",0.0833152338979915
"2","CRT",0.00997506234413965
