"","method","pval"
"1","AMCE",0.354972635769903
"2","CRT",0.00748129675810474
