"","method","pval"
"1","AMCE",0.477505539898213
"2","CRT",0.0723192019950125
