"","method","pval"
"1","AMCE",0.0434451822527986
"2","CRT",0.15211970074813
