"","method","pval"
"1","AMCE",0.545547520486176
"2","CRT",0.0872817955112219
