"","method","pval"
"1","AMCE",0.894537679419545
"2","CRT",0.00748129675810474
