"","method","pval"
"1","AMCE",0.011846423090264
"2","CRT",0.0473815461346633
