"","method","pval"
"1","AMCE",0.34453838274118
"2","CRT",0.0673316708229426
