"","method","pval"
"1","AMCE",0.215126716917029
"2","CRT",0.00249376558603491
