"","method","pval"
"1","AMCE",0.0227301328914781
"2","CRT",0.411471321695761
