"","method","pval"
"1","AMCE",0.00863984683640357
"2","CRT",0.428927680798005
