"","method","pval"
"1","AMCE",0.325167116650033
"2","CRT",0.027431421446384
