"","method","pval"
"1","AMCE",0.689795972952377
"2","CRT",0.0199501246882793
