"","method","pval"
"1","AMCE",0.131724939809345
"2","CRT",0.0448877805486284
