"","method","pval"
"1","AMCE",0.220465065842005
"2","CRT",0.723192019950125
