"","method","pval"
"1","AMCE",0.00775992758559279
"2","CRT",0.189526184538653
