"","method","pval"
"1","AMCE",0.00126316505898927
"2","CRT",0.13715710723192
