"","method","pval"
"1","AMCE",0.381034656388652
"2","CRT",0.00748129675810474
