"","method","pval"
"1","AMCE",0.104020556818821
"2","CRT",0.403990024937656
