"","method","pval"
"1","AMCE",0.0408832163503341
"2","CRT",0.00748129675810474
