"","method","pval"
"1","AMCE",0.00583473326013508
"2","CRT",0.0748129675810474
