"","method","pval"
"1","AMCE",0.0108934182347833
"2","CRT",0.00249376558603491
