"","method","pval"
"1","AMCE",0.885031279751241
"2","CRT",0.236907730673317
