"","method","pval"
"1","AMCE",0.0304497774260676
"2","CRT",0.00498753117206983
