"","method","pval"
"1","AMCE",0.0248035824012911
"2","CRT",0.00748129675810474
