"","method","pval"
"1","AMCE",0.859277470504342
"2","CRT",0.0174563591022444
