"","method","pval"
"1","AMCE",0.160484615943205
"2","CRT",0.0548628428927681
