"","method","pval"
"1","AMCE",0.172082794454863
"2","CRT",0.0124688279301746
