"","method","pval"
"1","AMCE",0.117256355017756
"2","CRT",0.0224438902743142
