"","method","pval"
"1","AMCE",0.0881180900854215
"2","CRT",0.845386533665835
