"","method","pval"
"1","AMCE",0.024440930835579
"2","CRT",0.14713216957606
