"","method","pval"
"1","AMCE",0.00581544026635828
"2","CRT",0.291770573566085
