"","method","pval"
"1","AMCE",0.00714407998788195
"2","CRT",0.0922693266832918
