"","method","pval"
"1","AMCE",0.066252102221143
"2","CRT",0.0623441396508728
