"","method","pval"
"1","AMCE",0.968206033285969
"2","CRT",0.0249376558603491
