"","method","pval"
"1","AMCE",0.847074679166509
"2","CRT",0.00249376558603491
