"","method","pval"
"1","AMCE",0.0301788397130797
"2","CRT",0.134663341645885
