"","method","pval"
"1","AMCE",0.014891110907884
"2","CRT",0.00498753117206983
