"","method","pval"
"1","AMCE",0.0128748375296415
"2","CRT",0.00997506234413965
