"","method","pval"
"1","AMCE",0.231808920596756
"2","CRT",0.593516209476309
