"","method","pval"
"1","AMCE",0.17083376494191
"2","CRT",0.14214463840399
