"","method","pval"
"1","AMCE",0.0227253906675442
"2","CRT",0.0199501246882793
