"","method","pval"
"1","AMCE",0.0342862965361312
"2","CRT",0.0249376558603491
