"","method","pval"
"1","AMCE",0.0238473132527642
"2","CRT",0.511221945137157
