"","method","pval"
"1","AMCE",0.466562902635434
"2","CRT",0.0199501246882793
