"","method","pval"
"1","AMCE",0.0755874614938971
"2","CRT",0.0224438902743142
