"","method","pval"
"1","AMCE",0.21588150319615
"2","CRT",0.354114713216958
