"","method","pval"
"1","AMCE",0.0478642126493105
"2","CRT",0.0349127182044888
