"","method","pval"
"1","AMCE",0.00580972201589781
"2","CRT",0.00997506234413965
