"","method","pval"
"1","AMCE",0.0117358311163368
"2","CRT",0.0249376558603491
