"","method","pval"
"1","AMCE",0.711914954675795
"2","CRT",0.738154613466334
