"","method","pval"
"1","AMCE",0.245888284693915
"2","CRT",0.144638403990025
