"","method","pval"
"1","AMCE",0.304503845691035
"2","CRT",0.296758104738155
