"","method","pval"
"1","AMCE",0.0815397729293348
"2","CRT",0.13715710723192
