"","method","pval"
"1","AMCE",0.262392134692268
"2","CRT",0.00748129675810474
