"","method","pval"
"1","AMCE",0.205122553651583
"2","CRT",0.13715710723192
