"","method","pval"
"1","AMCE",0.019327412597137
"2","CRT",0.13216957605985
