"","method","pval"
"1","AMCE",0.175327004262522
"2","CRT",0.371571072319202
