"","method","pval"
"1","AMCE",0.0123514454059664
"2","CRT",0.0224438902743142
