"","method","pval"
"1","AMCE",0.401585898715428
"2","CRT",0.0149625935162095
