"","method","pval"
"1","AMCE",0.012830517550581
"2","CRT",0.14214463840399
