"","method","pval"
"1","AMCE",0.695959784388342
"2","CRT",0.428927680798005
