"","method","pval"
"1","AMCE",0.197830265674823
"2","CRT",0.00997506234413965
