"","method","pval"
"1","AMCE",0.198287293733292
"2","CRT",0.0748129675810474
