"","method","pval"
"1","AMCE",0.394522290592231
"2","CRT",0.526184538653367
