"","method","pval"
"1","AMCE",0.0306443002675962
"2","CRT",0.0748129675810474
