"","method","pval"
"1","AMCE",0.513814007064001
"2","CRT",0.027431421446384
