"","method","pval"
"1","AMCE",0.0958520706461986
"2","CRT",0.254364089775561
