"","method","pval"
"1","AMCE",0.0408332011913817
"2","CRT",0.114713216957606
