"","method","pval"
"1","AMCE",0.0893727085762658
"2","CRT",0.975062344139651
