"","method","pval"
"1","AMCE",0.0012637999274776
"2","CRT",0.865336658354115
