"","method","pval"
"1","AMCE",0.135256616555072
"2","CRT",0.00249376558603491
