"","method","pval"
"1","AMCE",0.0120346027684946
"2","CRT",0.00498753117206983
