"","method","pval"
"1","AMCE",0.221669344171576
"2","CRT",0.00748129675810474
