"","method","pval"
"1","AMCE",0.873224981049172
"2","CRT",0.00748129675810474
