"","method","pval"
"1","AMCE",0.567268208978669
"2","CRT",0.139650872817955
