"","method","pval"
"1","AMCE",0.568355418815143
"2","CRT",0.498753117206983
