"","method","pval"
"1","AMCE",0.362655991012549
"2","CRT",0.084788029925187
