"","method","pval"
"1","AMCE",0.0136116250325475
"2","CRT",0.00997506234413965
