"","method","pval"
"1","AMCE",0.602809810781282
"2","CRT",0.0673316708229426
