"","method","pval"
"1","AMCE",0.588354404490965
"2","CRT",0.0598503740648379
