"","method","pval"
"1","AMCE",0.106422168729136
"2","CRT",0.630922693266833
