"","method","pval"
"1","AMCE",0.0877105701079851
"2","CRT",0.00997506234413965
