"","method","pval"
"1","AMCE",0.120431150973261
"2","CRT",0.144638403990025
