"","method","pval"
"1","AMCE",0.0234726127464027
"2","CRT",0.369077306733167
