"","method","pval"
"1","AMCE",0.019571904290456
"2","CRT",0.00249376558603491
