"","method","pval"
"1","AMCE",0.0255504890605757
"2","CRT",0.0473815461346633
