"","method","pval"
"1","AMCE",0.0662119138447249
"2","CRT",0.0124688279301746
