"","method","pval"
"1","AMCE",0.0434294387997543
"2","CRT",0.259351620947631
