"","method","pval"
"1","AMCE",0.587094773886097
"2","CRT",0.830423940149626
