"","method","pval"
"1","AMCE",0.0782327040963131
"2","CRT",0.127182044887781
