"","method","pval"
"1","AMCE",0.0115819511270248
"2","CRT",0.00997506234413965
