"","method","pval"
"1","AMCE",0.133416687385175
"2","CRT",0.0598503740648379
