"","method","pval"
"1","AMCE",0.00809721980847915
"2","CRT",0.00498753117206983
