"","method","pval"
"1","AMCE",0.00541125264014891
"2","CRT",0.0897755610972569
