"","method","pval"
"1","AMCE",0.895498900763545
"2","CRT",0.0149625935162095
