"","method","pval"
"1","AMCE",0.860545662168778
"2","CRT",0.00498753117206983
