"","method","pval"
"1","AMCE",0.648904926672579
"2","CRT",0.0473815461346633
