"","method","pval"
"1","AMCE",0.0224317581348143
"2","CRT",0.00249376558603491
