"","method","pval"
"1","AMCE",0.0548991910876219
"2","CRT",0.00748129675810474
