"","method","pval"
"1","AMCE",0.0204550958632812
"2","CRT",0.605985037406484
