"","method","pval"
"1","AMCE",0.0742619917486397
"2","CRT",0.102244389027431
