"","method","pval"
"1","AMCE",0.00656537205378908
"2","CRT",0.00249376558603491
