"","method","pval"
"1","AMCE",0.00344269453401261
"2","CRT",0.0224438902743142
