"","method","pval"
"1","AMCE",0.0966272339385243
"2","CRT",0.214463840399002
