"","method","pval"
"1","AMCE",0.457259683234539
"2","CRT",0.00249376558603491
