"","method","pval"
"1","AMCE",0.000382558861597747
"2","CRT",0.0149625935162095
