"","method","pval"
"1","AMCE",0.105529900892053
"2","CRT",0.648379052369077
