"","method","pval"
"1","AMCE",0.732738289884456
"2","CRT",0.0374064837905237
