"","method","pval"
"1","AMCE",0.0023115258528556
"2","CRT",0.29426433915212
