"","method","pval"
"1","AMCE",0.589727731930162
"2","CRT",0.00249376558603491
