"","method","pval"
"1","AMCE",0.169896899688882
"2","CRT",0.239401496259352
