"","method","pval"
"1","AMCE",0.0030921533324185
"2","CRT",0.00498753117206983
