"","method","pval"
"1","AMCE",0.00727816692428762
"2","CRT",0.0249376558603491
