"","method","pval"
"1","AMCE",0.564268671188478
"2","CRT",0.027431421446384
