"","method","pval"
"1","AMCE",0.00149225265423005
"2","CRT",0.00498753117206983
