"","method","pval"
"1","AMCE",0.102191341686056
"2","CRT",0.960099750623441
