"","method","pval"
"1","AMCE",0.0328480912865955
"2","CRT",0.00498753117206983
