"","method","pval"
"1","AMCE",0.202690207955915
"2","CRT",0.785536159600998
