"","method","pval"
"1","AMCE",0.309154000865539
"2","CRT",0.306733167082294
