"","method","pval"
"1","AMCE",0.036902713154911
"2","CRT",0.00498753117206983
