"","method","pval"
"1","AMCE",0.118956001707836
"2","CRT",0.314214463840399
