"","method","pval"
"1","AMCE",0.0110227668900722
"2","CRT",0.00498753117206983
