"","method","pval"
"1","AMCE",0.0383260952452751
"2","CRT",0.00249376558603491
