"","method","pval"
"1","AMCE",0.135706887512818
"2","CRT",0.00748129675810474
