"","method","pval"
"1","AMCE",0.0400212670176907
"2","CRT",0.0224438902743142
