"","method","pval"
"1","AMCE",0.0134503846004663
"2","CRT",0.00748129675810474
