"","method","pval"
"1","AMCE",0.223583224161119
"2","CRT",0.0199501246882793
