"","method","pval"
"1","AMCE",0.0801894365601189
"2","CRT",0.0972568578553616
