"","method","pval"
"1","AMCE",0.220214466578749
"2","CRT",0.00498753117206983
