"","method","pval"
"1","AMCE",0.248321498513646
"2","CRT",0.0249376558603491
