"","method","pval"
"1","AMCE",0.0184488208268097
"2","CRT",0.0149625935162095
