"","method","pval"
"1","AMCE",0.0602779219407671
"2","CRT",0.0922693266832918
