"","method","pval"
"1","AMCE",0.0470454690429815
"2","CRT",0.0249376558603491
