"","method","pval"
"1","AMCE",0.0551640024823885
"2","CRT",0.0723192019950125
