"","method","pval"
"1","AMCE",0.133886561065078
"2","CRT",0.538653366583541
