"","method","pval"
"1","AMCE",0.0216306486799151
"2","CRT",0.0423940149625935
