"","method","pval"
"1","AMCE",0.68826802036567
"2","CRT",0.386533665835411
