"","method","pval"
"1","AMCE",0.0539253315678633
"2","CRT",0.00498753117206983
