"","method","pval"
"1","AMCE",0.0250945456590306
"2","CRT",0.0349127182044888
