"","method","pval"
"1","AMCE",0.118612878738015
"2","CRT",0.00498753117206983
