"","method","pval"
"1","AMCE",0.687056445071968
"2","CRT",0.0124688279301746
