"","method","pval"
"1","AMCE",0.00679587773863776
"2","CRT",0.0199501246882793
