"","method","pval"
"1","AMCE",0.783916505325244
"2","CRT",0.229426433915212
