"","method","pval"
"1","AMCE",0.00751456021070198
"2","CRT",0.029925187032419
