"","method","pval"
"1","AMCE",0.00597355513196424
"2","CRT",0.00498753117206983
