"","method","pval"
"1","AMCE",0.51333846449596
"2","CRT",0.351620947630923
