"","method","pval"
"1","AMCE",0.0982091664488466
"2","CRT",0.0199501246882793
