"","method","pval"
"1","AMCE",0.0353542172731343
"2","CRT",0.102244389027431
