"","method","pval"
"1","AMCE",0.1731794045248
"2","CRT",0.296758104738155
