"","method","pval"
"1","AMCE",0.667652778446989
"2","CRT",0.00997506234413965
