"","method","pval"
"1","AMCE",0.0958818835893703
"2","CRT",0.00249376558603491
