"","method","pval"
"1","AMCE",0.0291970304894417
"2","CRT",0.0773067331670823
