"","method","pval"
"1","AMCE",0.00233744167460463
"2","CRT",0.00498753117206983
