"","method","pval"
"1","AMCE",0.240383550137652
"2","CRT",0.625935162094763
