"","method","pval"
"1","AMCE",0.0188739223490966
"2","CRT",0.027431421446384
