"","method","pval"
"1","AMCE",0.00762329332188779
"2","CRT",0.0249376558603491
