"","method","pval"
"1","AMCE",0.504785168817314
"2","CRT",0.14214463840399
