"","method","pval"
"1","AMCE",0.0112714481871039
"2","CRT",0.261845386533666
