"","method","pval"
"1","AMCE",0.00978583465864074
"2","CRT",0.00748129675810474
