"","method","pval"
"1","AMCE",0.401757361291862
"2","CRT",0.00748129675810474
