"","method","pval"
"1","AMCE",0.0438488837529818
"2","CRT",0.0698254364089776
