"","method","pval"
"1","AMCE",0.0168568485956406
"2","CRT",0.057356608478803
