"","method","pval"
"1","AMCE",0.717198327303822
"2","CRT",0.341645885286783
