"","method","pval"
"1","AMCE",0.00254990258346117
"2","CRT",0.211970074812968
