"","method","pval"
"1","AMCE",0.337093304920988
"2","CRT",0.496259351620948
