"","method","pval"
"1","AMCE",0.0134368620937132
"2","CRT",0.206982543640898
