"","method","pval"
"1","AMCE",0.222508436690096
"2","CRT",0.00748129675810474
