"","method","pval"
"1","AMCE",0.0744037156107584
"2","CRT",0.0698254364089776
