"","method","pval"
"1","AMCE",0.0174615014587661
"2","CRT",0.0523690773067332
