"","method","pval"
"1","AMCE",0.0297427424651012
"2","CRT",0.0623441396508728
