"","method","pval"
"1","AMCE",0.00679031543538539
"2","CRT",0.356608478802993
