"","method","pval"
"1","AMCE",0.0104470520578542
"2","CRT",0.00498753117206983
