"","method","pval"
"1","AMCE",0.0776423891875068
"2","CRT",0.00748129675810474
