"","method","pval"
"1","AMCE",0.0117767512951529
"2","CRT",0.129675810473815
