"","method","pval"
"1","AMCE",0.103528267919252
"2","CRT",0.635910224438903
