"","method","pval"
"1","AMCE",0.0160106203598566
"2","CRT",0.55860349127182
