"","method","pval"
"1","AMCE",0.363873997395774
"2","CRT",0.0149625935162095
