"","method","pval"
"1","AMCE",0.0161694986999003
"2","CRT",0.0149625935162095
