"","method","pval"
"1","AMCE",0.0350219903564662
"2","CRT",0.71072319201995
