"","method","pval"
"1","AMCE",0.984865130891013
"2","CRT",0.603491271820449
