"","method","pval"
"1","AMCE",0.0333424258533003
"2","CRT",0.14214463840399
