"","method","pval"
"1","AMCE",0.0415177706365314
"2","CRT",0.029925187032419
