"","method","pval"
"1","AMCE",0.634903948936784
"2","CRT",0.00498753117206983
