"","method","pval"
"1","AMCE",0.0994849912408038
"2","CRT",0.271820448877805
