"","method","pval"
"1","AMCE",0.141375620716131
"2","CRT",0.0648379052369077
