"","method","pval"
"1","AMCE",0.00875645100440449
"2","CRT",0.102244389027431
