"","method","pval"
"1","AMCE",0.0763160552638588
"2","CRT",0.266832917705736
