"","method","pval"
"1","AMCE",0.135311148709389
"2","CRT",0.00249376558603491
