"","method","pval"
"1","AMCE",0.20223741418575
"2","CRT",0.029925187032419
