"","method","pval"
"1","AMCE",0.153993940190435
"2","CRT",0.0723192019950125
