"","method","pval"
"1","AMCE",0.00585022249403138
"2","CRT",0.00249376558603491
