"","method","pval"
"1","AMCE",0.0320634455255522
"2","CRT",0.00498753117206983
