"","method","pval"
"1","AMCE",0.226051094289535
"2","CRT",0.927680798004987
