"","method","pval"
"1","AMCE",0.00397025502461423
"2","CRT",0.00748129675810474
