"","method","pval"
"1","AMCE",0.279240033885402
"2","CRT",0.00249376558603491
