"","method","pval"
"1","AMCE",0.00790282112968377
"2","CRT",0.29426433915212
