"","method","pval"
"1","AMCE",0.109630712562273
"2","CRT",0.201995012468828
