"","method","pval"
"1","AMCE",0.0670278653323134
"2","CRT",0.00249376558603491
