"","method","pval"
"1","AMCE",0.298408280256456
"2","CRT",0.00498753117206983
