"","method","pval"
"1","AMCE",0.0236786751632369
"2","CRT",0.00997506234413965
