"","method","pval"
"1","AMCE",0.0107367908160858
"2","CRT",0.00498753117206983
