"","method","pval"
"1","AMCE",0.103015324156972
"2","CRT",0.0224438902743142
