"","method","pval"
"1","AMCE",0.184148717177195
"2","CRT",0.0623441396508728
