"","method","pval"
"1","AMCE",0.0476811478680434
"2","CRT",0.149625935162095
