"","method","pval"
"1","AMCE",0.268049408283481
"2","CRT",0.0324189526184539
