"","method","pval"
"1","AMCE",0.00241609343164132
"2","CRT",0.0548628428927681
