"","method","pval"
"1","AMCE",0.0129299264418778
"2","CRT",0.139650872817955
