"","method","pval"
"1","AMCE",0.150796671192295
"2","CRT",0.0698254364089776
