"","method","pval"
"1","AMCE",0.373865445719776
"2","CRT",0.0174563591022444
