"","method","pval"
"1","AMCE",0.0184282048554448
"2","CRT",0.00748129675810474
