"","method","pval"
"1","AMCE",0.411535246516849
"2","CRT",0.0199501246882793
