"","method","pval"
"1","AMCE",0.0629813085579918
"2","CRT",0.112219451371571
