"","method","pval"
"1","AMCE",0.518985216800585
"2","CRT",0.00249376558603491
