"","method","pval"
"1","AMCE",0.0382782319945645
"2","CRT",0.690773067331671
