"","method","pval"
"1","AMCE",0.137408042839517
"2","CRT",0.00997506234413965
