"","method","pval"
"1","AMCE",0.0218719036267897
"2","CRT",0.0149625935162095
