"","method","pval"
"1","AMCE",0.0101646458289313
"2","CRT",0.0324189526184539
