"","method","pval"
"1","AMCE",0.0919030187014479
"2","CRT",0.0224438902743142
