"","method","pval"
"1","AMCE",0.0148223713894009
"2","CRT",0.249376558603491
