"","method","pval"
"1","AMCE",0.596497755801736
"2","CRT",0.00748129675810474
