"","method","pval"
"1","AMCE",0.02343844325461
"2","CRT",0.00249376558603491
