"","method","pval"
"1","AMCE",0.168898580499917
"2","CRT",0.00748129675810474
