"","method","pval"
"1","AMCE",0.507995830493234
"2","CRT",0.0723192019950125
