"","method","pval"
"1","AMCE",0.016901009157774
"2","CRT",0.119700748129676
