"","method","pval"
"1","AMCE",0.0324023654505875
"2","CRT",0.349127182044888
