"","method","pval"
"1","AMCE",0.0279662644106394
"2","CRT",0.084788029925187
