"","method","pval"
"1","AMCE",0.0184967935664464
"2","CRT",0.114713216957606
