"","method","pval"
"1","AMCE",0.204773057423712
"2","CRT",0.00498753117206983
