"","method","pval"
"1","AMCE",0.19434279905353
"2","CRT",0.00249376558603491
