"","method","pval"
"1","AMCE",0.336343390875126
"2","CRT",0.379052369077307
