"","method","pval"
"1","AMCE",0.0190645731023537
"2","CRT",0.281795511221945
