"","method","pval"
"1","AMCE",0.0335623627632428
"2","CRT",0.0224438902743142
