"","method","pval"
"1","AMCE",0.305196801440196
"2","CRT",0.783042394014963
