"","method","pval"
"1","AMCE",0.188691116604606
"2","CRT",0.531172069825436
