"","method","pval"
"1","AMCE",0.618400647539449
"2","CRT",0.00748129675810474
