"","method","pval"
"1","AMCE",0.273440471403901
"2","CRT",0.029925187032419
