"","method","pval"
"1","AMCE",0.0389268564884098
"2","CRT",0.00249376558603491
