"","method","pval"
"1","AMCE",0.0119643489139896
"2","CRT",0.00498753117206983
