"","method","pval"
"1","AMCE",0.21213508742979
"2","CRT",0.613466334164589
