"","method","pval"
"1","AMCE",0.0015153786695849
"2","CRT",0.0598503740648379
