"","method","pval"
"1","AMCE",0.0273586418333926
"2","CRT",0.084788029925187
