"","method","pval"
"1","AMCE",0.40432095796999
"2","CRT",0.149625935162095
