"","method","pval"
"1","AMCE",0.0248347179823042
"2","CRT",0.730673316708229
