"","method","pval"
"1","AMCE",0.00869939878368282
"2","CRT",0.00997506234413965
