"","method","pval"
"1","AMCE",0.0521506969289025
"2","CRT",0.0349127182044888
