"","method","pval"
"1","AMCE",0.016021996733752
"2","CRT",0.122194513715711
