"","method","pval"
"1","AMCE",0.516457733753954
"2","CRT",0.0149625935162095
