"","method","pval"
"1","AMCE",0.0111539842224973
"2","CRT",0.109725685785536
