"","method","pval"
"1","AMCE",0.012065493644619
"2","CRT",0.695760598503741
