"","method","pval"
"1","AMCE",0.0666469456158064
"2","CRT",0.0199501246882793
