"","method","pval"
"1","AMCE",0.152463275354111
"2","CRT",0.0249376558603491
