"","method","pval"
"1","AMCE",0.00440947302801715
"2","CRT",0.0149625935162095
