"","method","pval"
"1","AMCE",0.59731284358431
"2","CRT",0.0473815461346633
