"","method","pval"
"1","AMCE",0.0265226893354214
"2","CRT",0.00748129675810474
