"","method","pval"
"1","AMCE",0.778331867425395
"2","CRT",0.0249376558603491
