"","method","pval"
"1","AMCE",0.145016553072241
"2","CRT",0.423940149625935
