"","method","pval"
"1","AMCE",0.00406849945039278
"2","CRT",0.00748129675810474
