"","method","pval"
"1","AMCE",0.083190865601996
"2","CRT",0.00997506234413965
