"","method","pval"
"1","AMCE",0.0299524172685309
"2","CRT",0.214463840399002
