"","method","pval"
"1","AMCE",0.0121888742102955
"2","CRT",0.0124688279301746
