"","method","pval"
"1","AMCE",0.128063076716661
"2","CRT",0.750623441396509
