"","method","pval"
"1","AMCE",0.026310751372067
"2","CRT",0.0498753117206983
