"","method","pval"
"1","AMCE",0.144068450939585
"2","CRT",0.0174563591022444
