"","method","pval"
"1","AMCE",0.267097417112987
"2","CRT",0.935162094763092
