"","method","pval"
"1","AMCE",0.907107044928437
"2","CRT",0.192019950124688
