"","method","pval"
"1","AMCE",0.0267353716383089
"2","CRT",0.214463840399002
