"","method","pval"
"1","AMCE",0.00888151989338481
"2","CRT",0.369077306733167
