"","method","pval"
"1","AMCE",0.0194152291254078
"2","CRT",0.162094763092269
