"","method","pval"
"1","AMCE",0.256921267001708
"2","CRT",0.84788029925187
