"","method","pval"
"1","AMCE",0.897906086579952
"2","CRT",0.00249376558603491
