"","method","pval"
"1","AMCE",0.149489947732424
"2","CRT",0.029925187032419
