"","method","pval"
"1","AMCE",0.0554252103070362
"2","CRT",0.149625935162095
