"","method","pval"
"1","AMCE",0.339931669223689
"2","CRT",0.029925187032419
