"","method","pval"
"1","AMCE",0.201980623306094
"2","CRT",0.0249376558603491
