"","method","pval"
"1","AMCE",0.0117809556395473
"2","CRT",0.0922693266832918
