"","method","pval"
"1","AMCE",0.0478768642655285
"2","CRT",0.00249376558603491
