"","method","pval"
"1","AMCE",0.0335978490157535
"2","CRT",0.27930174563591
