"","method","pval"
"1","AMCE",0.106897996554568
"2","CRT",0.00748129675810474
