"","method","pval"
"1","AMCE",0.303132474503165
"2","CRT",0.316708229426434
