"","method","pval"
"1","AMCE",0.654108695979761
"2","CRT",0.0798004987531172
