"","method","pval"
"1","AMCE",0.767797961159809
"2","CRT",0.269326683291771
