"","method","pval"
"1","AMCE",0.248594818831451
"2","CRT",0.00748129675810474
