"","method","pval"
"1","AMCE",0.489031031835084
"2","CRT",0.0473815461346633
