"","method","pval"
"1","AMCE",0.5637377441941
"2","CRT",0.0124688279301746
