"","method","pval"
"1","AMCE",0.0984813208605466
"2","CRT",0.0698254364089776
