"","method","pval"
"1","AMCE",0.015798541701307
"2","CRT",0.13715710723192
