"","method","pval"
"1","AMCE",0.026614240342426
"2","CRT",0.192019950124688
