"","method","pval"
"1","AMCE",0.0560118948543693
"2","CRT",0.00748129675810474
