"","method","pval"
"1","AMCE",0.135629177349417
"2","CRT",0.00249376558603491
