"","method","pval"
"1","AMCE",0.0255388010258411
"2","CRT",0.0698254364089776
