"","method","pval"
"1","AMCE",0.165526866930207
"2","CRT",0.321695760598504
