"","method","pval"
"1","AMCE",0.0273823291821117
"2","CRT",0.381546134663342
