"","method","pval"
"1","AMCE",0.00389160866496247
"2","CRT",0.0947630922693267
