"","method","pval"
"1","AMCE",0.00390077382757741
"2","CRT",0.0723192019950125
