"","method","pval"
"1","AMCE",0.0877273736815706
"2","CRT",0.00997506234413965
