"","method","pval"
"1","AMCE",0.428509461890232
"2","CRT",0.00498753117206983
