"","method","pval"
"1","AMCE",0.536220800897227
"2","CRT",0.0149625935162095
