"","method","pval"
"1","AMCE",0.0744797649738978
"2","CRT",0.221945137157107
