"","method","pval"
"1","AMCE",0.446445394056019
"2","CRT",0.029925187032419
