"","method","pval"
"1","AMCE",0.153743925078172
"2","CRT",0.0224438902743142
