"","method","pval"
"1","AMCE",0.0181161964952024
"2","CRT",0.127182044887781
