"","method","pval"
"1","AMCE",0.0372498205910956
"2","CRT",0.56359102244389
