"","method","pval"
"1","AMCE",0.0276482075971777
"2","CRT",0.194513715710723
