"","method","pval"
"1","AMCE",0.528686626844923
"2","CRT",0.0349127182044888
