"","method","pval"
"1","AMCE",0.690655669868653
"2","CRT",0.00997506234413965
