"","method","pval"
"1","AMCE",0.020570946057741
"2","CRT",0.00498753117206983
