"","method","pval"
"1","AMCE",0.0281861528767022
"2","CRT",0.13216957605985
