"","method","pval"
"1","AMCE",0.0808186760937949
"2","CRT",0.0199501246882793
