"","method","pval"
"1","AMCE",0.0897006782315553
"2","CRT",0.0124688279301746
