"","method","pval"
"1","AMCE",0.0943416816120193
"2","CRT",0.00249376558603491
