"","method","pval"
"1","AMCE",0.0214830517983733
"2","CRT",0.204488778054863
