"","method","pval"
"1","AMCE",0.0747933085349346
"2","CRT",0.0174563591022444
