"","method","pval"
"1","AMCE",0.174562762525595
"2","CRT",0.00748129675810474
