"","method","pval"
"1","AMCE",0.00756943916691439
"2","CRT",0.0473815461346633
