"","method","pval"
"1","AMCE",0.0655240844373818
"2","CRT",0.541147132169576
