"","method","pval"
"1","AMCE",0.0704170710916631
"2","CRT",0.553615960099751
