"","method","pval"
"1","AMCE",0.585882882570841
"2","CRT",0.0523690773067332
