"","method","pval"
"1","AMCE",0.0200979101765684
"2","CRT",0.211970074812968
