"","method","pval"
"1","AMCE",0.110228658920058
"2","CRT",0.00498753117206983
