"","method","pval"
"1","AMCE",0.449831075795217
"2","CRT",0.0249376558603491
