"","method","pval"
"1","AMCE",0.00375382852677101
"2","CRT",0.0149625935162095
