"","method","pval"
"1","AMCE",0.18271628323814
"2","CRT",0.206982543640898
