"","method","pval"
"1","AMCE",0.0499123149298134
"2","CRT",0.13216957605985
