"","method","pval"
"1","AMCE",0.0533005084726656
"2","CRT",0.129675810473815
