"","method","pval"
"1","AMCE",0.134432497898422
"2","CRT",0.0673316708229426
