"","method","pval"
"1","AMCE",0.00448378696552998
"2","CRT",0.0748129675810474
