"","method","pval"
"1","AMCE",0.0132944316433664
"2","CRT",0.433915211970075
