"","method","pval"
"1","AMCE",0.0567678686196184
"2","CRT",0.0124688279301746
