"","method","pval"
"1","AMCE",0.0179392091737107
"2","CRT",0.27431421446384
