"","method","pval"
"1","AMCE",0.591293378233019
"2","CRT",0.0872817955112219
