"","method","pval"
"1","AMCE",0.0188543798475047
"2","CRT",0.0947630922693267
