"","method","pval"
"1","AMCE",0.240140262062749
"2","CRT",0.00997506234413965
