"","method","pval"
"1","AMCE",0.000710622146183076
"2","CRT",0.0224438902743142
