"","method","pval"
"1","AMCE",0.0268232455008804
"2","CRT",0.453865336658354
