"","method","pval"
"1","AMCE",0.254011745246457
"2","CRT",0.0748129675810474
