"","method","pval"
"1","AMCE",0.297042368507074
"2","CRT",0.506234413965087
