"","method","pval"
"1","AMCE",0.0166253064366511
"2","CRT",0.0124688279301746
