"","method","pval"
"1","AMCE",0.693129700144072
"2","CRT",0.0324189526184539
