"","method","pval"
"1","AMCE",0.0310149852969885
"2","CRT",0.112219451371571
