"","method","pval"
"1","AMCE",0.22124775304123
"2","CRT",0.291770573566085
