"","method","pval"
"1","AMCE",0.0655996003664907
"2","CRT",0.0897755610972569
