"","method","pval"
"1","AMCE",0.014208704985819
"2","CRT",0.00997506234413965
