"","method","pval"
"1","AMCE",0.0150149762435311
"2","CRT",0.00997506234413965
