"","method","pval"
"1","AMCE",0.318149178301295
"2","CRT",0.0648379052369077
