"","method","pval"
"1","AMCE",0.087027708879812
"2","CRT",0.00249376558603491
