"","method","pval"
"1","AMCE",0.0309547545685529
"2","CRT",0.104738154613466
