"","method","pval"
"1","AMCE",0.256191514415453
"2","CRT",0.00249376558603491
