"","method","pval"
"1","AMCE",0.546321222732765
"2","CRT",0.00748129675810474
