"","method","pval"
"1","AMCE",0.00518785413701553
"2","CRT",0.399002493765586
