"","method","pval"
"1","AMCE",0.0203333844342492
"2","CRT",0.162094763092269
