"","method","pval"
"1","AMCE",0.568698232466077
"2","CRT",0.0199501246882793
