"","method","pval"
"1","AMCE",0.164854127420238
"2","CRT",0.0748129675810474
