"","method","pval"
"1","AMCE",0.54991448428037
"2","CRT",0.0199501246882793
