"","method","pval"
"1","AMCE",0.0936410682096345
"2","CRT",0.0349127182044888
