"","method","pval"
"1","AMCE",0.0872014925394519
"2","CRT",0.13216957605985
