"","method","pval"
"1","AMCE",0.00677238535570433
"2","CRT",0.0648379052369077
