"","method","pval"
"1","AMCE",0.897451440645968
"2","CRT",0.00997506234413965
