"","method","pval"
"1","AMCE",0.00807190590896459
"2","CRT",0.870324189526185
