"","method","pval"
"1","AMCE",0.0129912717977367
"2","CRT",0.13216957605985
