"","method","pval"
"1","AMCE",0.0161172682831587
"2","CRT",0.00748129675810474
