"","method","pval"
"1","AMCE",0.327735865371194
"2","CRT",0.306733167082294
