"","method","pval"
"1","AMCE",0.0164345204549869
"2","CRT",0.14713216957606
