"","method","pval"
"1","AMCE",0.170495656869568
"2","CRT",0.0598503740648379
