"","method","pval"
"1","AMCE",0.0148617311052712
"2","CRT",0.403990024937656
