"","method","pval"
"1","AMCE",0.0117686917713003
"2","CRT",0.167082294264339
