"","method","pval"
"1","AMCE",0.0420432494229418
"2","CRT",0.027431421446384
