"","method","pval"
"1","AMCE",0.929388988155179
"2","CRT",0.119700748129676
