"","method","pval"
"1","AMCE",0.0739075735760582
"2","CRT",0.0174563591022444
