"","method","pval"
"1","AMCE",0.0578786215383531
"2","CRT",0.241895261845387
