"","method","pval"
"1","AMCE",0.0306025322579528
"2","CRT",0.0872817955112219
