"","method","pval"
"1","AMCE",0.175335257753268
"2","CRT",0.0997506234413965
