"","method","pval"
"1","AMCE",0.303700684445393
"2","CRT",0.13715710723192
