"","method","pval"
"1","AMCE",0.0918243383441225
"2","CRT",0.690773067331671
