"","method","pval"
"1","AMCE",0.268721904783511
"2","CRT",0.00498753117206983
