"","method","pval"
"1","AMCE",0.0165888881501013
"2","CRT",0.00748129675810474
