"","method","pval"
"1","AMCE",0.154078561110436
"2","CRT",0.00997506234413965
