"","method","pval"
"1","AMCE",0.0201713733379839
"2","CRT",0.57356608478803
