"","method","pval"
"1","AMCE",0.700356246271178
"2","CRT",0.0174563591022444
