"","method","pval"
"1","AMCE",0.0644562713200545
"2","CRT",0.28927680798005
