"","method","pval"
"1","AMCE",0.30209843713492
"2","CRT",0.0523690773067332
