"","method","pval"
"1","AMCE",0.581601130753161
"2","CRT",0.975062344139651
