"","method","pval"
"1","AMCE",0.00791119254734393
"2","CRT",0.027431421446384
