"","method","pval"
"1","AMCE",0.0460501335478873
"2","CRT",0.643391521197007
