"","method","pval"
"1","AMCE",0.681611787915528
"2","CRT",0.00997506234413965
