"","method","pval"
"1","AMCE",0.00919259652029885
"2","CRT",0.144638403990025
