"","method","pval"
"1","AMCE",0.00402202585038903
"2","CRT",0.00249376558603491
