"","method","pval"
"1","AMCE",0.0155702916680329
"2","CRT",0.0822942643391521
