"","method","pval"
"1","AMCE",0.432458306809922
"2","CRT",0.00249376558603491
