"","method","pval"
"1","AMCE",0.553159974549162
"2","CRT",0.0872817955112219
