"","method","pval"
"1","AMCE",0.600108234252357
"2","CRT",0.00748129675810474
