"","method","pval"
"1","AMCE",0.978210459320667
"2","CRT",0.0798004987531172
