"","method","pval"
"1","AMCE",0.112918385034039
"2","CRT",0.00249376558603491
