"","method","pval"
"1","AMCE",0.0456336715433824
"2","CRT",0.0773067331670823
