"","method","pval"
"1","AMCE",0.0170895782173719
"2","CRT",0.870324189526185
