"","method","pval"
"1","AMCE",0.0161484475842273
"2","CRT",0.72568578553616
