"","method","pval"
"1","AMCE",0.0108902969829138
"2","CRT",0.159600997506234
