"","method","pval"
"1","AMCE",0.0195857188312719
"2","CRT",0.286783042394015
