"","method","pval"
"1","AMCE",0.0860305801002994
"2","CRT",0.902743142144638
