"","method","pval"
"1","AMCE",0.0268510580509701
"2","CRT",0.0249376558603491
