"","method","pval"
"1","AMCE",0.559337018483257
"2","CRT",0.107231920199501
