"","method","pval"
"1","AMCE",0.00470557912644117
"2","CRT",0.00748129675810474
