"","method","pval"
"1","AMCE",0.0316411367804672
"2","CRT",0.00249376558603491
