"","method","pval"
"1","AMCE",0.369481186702637
"2","CRT",0.0124688279301746
