"","method","pval"
"1","AMCE",0.221288238222743
"2","CRT",0.00249376558603491
