"","method","pval"
"1","AMCE",0.0150567711134156
"2","CRT",0.00748129675810474
