"","method","pval"
"1","AMCE",0.136232814759774
"2","CRT",0.0872817955112219
