"","method","pval"
"1","AMCE",0.0126418212196272
"2","CRT",0.199501246882793
