"","method","pval"
"1","AMCE",0.517176157414592
"2","CRT",0.00249376558603491
