"","method","pval"
"1","AMCE",0.362907060824713
"2","CRT",0.1571072319202
