"","method","pval"
"1","AMCE",0.259522099645113
"2","CRT",0.209476309226933
