"","method","pval"
"1","AMCE",0.0248161192233676
"2","CRT",0.795511221945137
