"","method","pval"
"1","AMCE",0.0960942535987932
"2","CRT",0.084788029925187
