"","method","pval"
"1","AMCE",0.035047759876097
"2","CRT",0.00498753117206983
