"","method","pval"
"1","AMCE",0.0162222862916286
"2","CRT",0.00498753117206983
