"","method","pval"
"1","AMCE",0.611995656645492
"2","CRT",0.0523690773067332
