"","method","pval"
"1","AMCE",0.018612815797069
"2","CRT",0.00498753117206983
