"","method","pval"
"1","AMCE",0.0514648422698207
"2","CRT",0.00249376558603491
