"","method","pval"
"1","AMCE",0.0277483127029025
"2","CRT",0.00249376558603491
