"","method","pval"
"1","AMCE",0.0333205164583371
"2","CRT",0.698254364089776
