"","method","pval"
"1","AMCE",0.0466510470603638
"2","CRT",0.1571072319202
