"","method","pval"
"1","AMCE",0.0613307494644795
"2","CRT",0.00997506234413965
