"","method","pval"
"1","AMCE",0.738399374259387
"2","CRT",0.239401496259352
