"","method","pval"
"1","AMCE",0.202501773314737
"2","CRT",0.0748129675810474
