"","method","pval"
"1","AMCE",0.181994035993207
"2","CRT",0.0174563591022444
