"","method","pval"
"1","AMCE",0.0108408434488318
"2","CRT",0.00748129675810474
