"","method","pval"
"1","AMCE",0.0549141997372763
"2","CRT",0.401496259351621
