"","method","pval"
"1","AMCE",0.174423650554736
"2","CRT",0.0224438902743142
