"","method","pval"
"1","AMCE",0.0586655073117566
"2","CRT",0.00498753117206983
