"","method","pval"
"1","AMCE",0.257261717215987
"2","CRT",0.0374064837905237
