"","method","pval"
"1","AMCE",0.0851082424854071
"2","CRT",0.00498753117206983
