"","method","pval"
"1","AMCE",0.121250878358764
"2","CRT",0.00997506234413965
