"","method","pval"
"1","AMCE",0.229012694885166
"2","CRT",0.00249376558603491
