"","method","pval"
"1","AMCE",0.369567016010723
"2","CRT",0.00249376558603491
