"","method","pval"
"1","AMCE",0.0248818270034586
"2","CRT",0.581047381546135
