"","method","pval"
"1","AMCE",0.0235053073485049
"2","CRT",0.204488778054863
