"","method","pval"
"1","AMCE",0.0821274145017606
"2","CRT",0.0523690773067332
