"","method","pval"
"1","AMCE",0.178380996041626
"2","CRT",0.0224438902743142
