"","method","pval"
"1","AMCE",0.998442372434119
"2","CRT",0.0748129675810474
