"","method","pval"
"1","AMCE",0.0123791036490858
"2","CRT",0.0698254364089776
