"","method","pval"
"1","AMCE",0.0226475158620373
"2","CRT",0.00249376558603491
