"","method","pval"
"1","AMCE",0.64990470542293
"2","CRT",0.13216957605985
