"","method","pval"
"1","AMCE",0.00750771389972972
"2","CRT",0.084788029925187
