"","method","pval"
"1","AMCE",0.573692495332979
"2","CRT",0.119700748129676
