"","method","pval"
"1","AMCE",0.00763862679380177
"2","CRT",0.541147132169576
