"","method","pval"
"1","AMCE",0.0143817866464406
"2","CRT",0.0249376558603491
