"","method","pval"
"1","AMCE",0.0336762060855715
"2","CRT",0.221945137157107
