"","method","pval"
"1","AMCE",0.0646829520770025
"2","CRT",0.00249376558603491
