"","method","pval"
"1","AMCE",0.00591601707107494
"2","CRT",0.0673316708229426
