"","method","pval"
"1","AMCE",0.60524159014768
"2","CRT",0.00249376558603491
