"","method","pval"
"1","AMCE",0.124985907713329
"2","CRT",0.00748129675810474
