"","method","pval"
"1","AMCE",0.52194361761287
"2","CRT",0.0249376558603491
