"","method","pval"
"1","AMCE",0.151045762478963
"2","CRT",0.154613466334165
