"","method","pval"
"1","AMCE",0.271085993363591
"2","CRT",0.384039900249377
