"","method","pval"
"1","AMCE",0.807292360098223
"2","CRT",0.413965087281795
