"","method","pval"
"1","AMCE",0.09191163875303
"2","CRT",0.00249376558603491
