"","method","pval"
"1","AMCE",0.0256883913636123
"2","CRT",0.271820448877805
