"","method","pval"
"1","AMCE",0.0280250989227197
"2","CRT",0.0224438902743142
