"","method","pval"
"1","AMCE",0.025813627473706
"2","CRT",0.0149625935162095
