"","method","pval"
"1","AMCE",0.184441507685113
"2","CRT",0.00249376558603491
