"","method","pval"
"1","AMCE",0.111855970451753
"2","CRT",0.00249376558603491
