"","method","pval"
"1","AMCE",0.034050411069911
"2","CRT",0.221945137157107
