"","method","pval"
"1","AMCE",0.013103639614477
"2","CRT",0.00249376558603491
