"","method","pval"
"1","AMCE",0.0106434953773567
"2","CRT",0.0723192019950125
