"","method","pval"
"1","AMCE",0.027469335904457
"2","CRT",0.309226932668329
