"","method","pval"
"1","AMCE",0.0424391372999274
"2","CRT",0.548628428927681
