"","method","pval"
"1","AMCE",0.42193469304036
"2","CRT",0.226932668329177
