"","method","pval"
"1","AMCE",0.0244871191015411
"2","CRT",0.0648379052369077
