"","method","pval"
"1","AMCE",0.539899351057641
"2","CRT",0.00249376558603491
