"","method","pval"
"1","AMCE",0.100109012875197
"2","CRT",0.0124688279301746
