"","method","pval"
"1","AMCE",0.00166890195705745
"2","CRT",0.00249376558603491
