"","method","pval"
"1","AMCE",0.143861895560908
"2","CRT",0.538653366583541
