"","method","pval"
"1","AMCE",0.0954469204045403
"2","CRT",0.466334164588529
