"","method","pval"
"1","AMCE",0.369293483461847
"2","CRT",0.703241895261845
