"","method","pval"
"1","AMCE",0.00888622657588677
"2","CRT",0.00249376558603491
