"","method","pval"
"1","AMCE",0.0191203872144753
"2","CRT",0.00498753117206983
