"","method","pval"
"1","AMCE",0.0547098933945876
"2","CRT",0.00748129675810474
