"","method","pval"
"1","AMCE",0.89814656445758
"2","CRT",0.0498753117206983
