"","method","pval"
"1","AMCE",0.00621761363320271
"2","CRT",0.127182044887781
