"","method","pval"
"1","AMCE",0.21874138642889
"2","CRT",0.0723192019950125
