"","method","pval"
"1","AMCE",0.00791691448518096
"2","CRT",0.00498753117206983
