"","method","pval"
"1","AMCE",0.0986304703283949
"2","CRT",0.0199501246882793
