"","method","pval"
"1","AMCE",0.00784492543808878
"2","CRT",0.179551122194514
