"","method","pval"
"1","AMCE",0.150060851659272
"2","CRT",0.00249376558603491
