"","method","pval"
"1","AMCE",0.538352785977662
"2","CRT",0.169576059850374
