"","method","pval"
"1","AMCE",0.072127739625652
"2","CRT",0.72568578553616
