"","method","pval"
"1","AMCE",0.583093639374447
"2","CRT",0.0922693266832918
