"","method","pval"
"1","AMCE",0.245612650342202
"2","CRT",0.0947630922693267
