"","method","pval"
"1","AMCE",0.109676571345837
"2","CRT",0.0174563591022444
