"","method","pval"
"1","AMCE",0.0247247793289285
"2","CRT",0.00748129675810474
