"","method","pval"
"1","AMCE",0.227992094395696
"2","CRT",0.00249376558603491
