"","method","pval"
"1","AMCE",0.0748818236676668
"2","CRT",0.00748129675810474
