"","method","pval"
"1","AMCE",0.463138998251922
"2","CRT",0.0723192019950125
