"","method","pval"
"1","AMCE",0.0516601381152198
"2","CRT",0.546134663341646
