"","method","pval"
"1","AMCE",0.680139963065444
"2","CRT",0.29925187032419
