"","method","pval"
"1","AMCE",0.667608320988537
"2","CRT",0.00748129675810474
