"","method","pval"
"1","AMCE",0.0158038949028965
"2","CRT",0.00498753117206983
