"","method","pval"
"1","AMCE",0.0280748431143039
"2","CRT",0.286783042394015
