"","method","pval"
"1","AMCE",0.00795762642460998
"2","CRT",0.0448877805486284
