"","method","pval"
"1","AMCE",0.0228558634130318
"2","CRT",0.0723192019950125
