"","method","pval"
"1","AMCE",0.0815665593560815
"2","CRT",0.0124688279301746
