"","method","pval"
"1","AMCE",0.0253102646045503
"2","CRT",0.027431421446384
