"","method","pval"
"1","AMCE",0.0166990887632199
"2","CRT",0.713216957605985
