"","method","pval"
"1","AMCE",0.466800232048982
"2","CRT",0.109725685785536
