"","method","pval"
"1","AMCE",0.109311233455993
"2","CRT",0.635910224438903
