"","method","pval"
"1","AMCE",0.0116224992176268
"2","CRT",0.0199501246882793
