"","method","pval"
"1","AMCE",0.287085935360935
"2","CRT",0.00249376558603491
