"","method","pval"
"1","AMCE",0.0198757742601474
"2","CRT",0.00748129675810474
