"","method","pval"
"1","AMCE",0.0425742364941845
"2","CRT",0.00997506234413965
