"","method","pval"
"1","AMCE",0.0389914345321027
"2","CRT",0.199501246882793
