"","method","pval"
"1","AMCE",0.323829442900509
"2","CRT",0.0723192019950125
