"","method","pval"
"1","AMCE",0.533468397126636
"2","CRT",0.0673316708229426
