"","method","pval"
"1","AMCE",0.138837057072982
"2","CRT",0.0124688279301746
