"","method","pval"
"1","AMCE",0.192778576047213
"2","CRT",0.149625935162095
