"","method","pval"
"1","AMCE",0.00359205315776361
"2","CRT",0.1571072319202
