"","method","pval"
"1","AMCE",0.061580439394449
"2","CRT",0.214463840399002
