"","method","pval"
"1","AMCE",0.0228069916240744
"2","CRT",0.28428927680798
