"","method","pval"
"1","AMCE",0.766592594416819
"2","CRT",0.0249376558603491
