"","method","pval"
"1","AMCE",0.0222020007367737
"2","CRT",0.00997506234413965
