"","method","pval"
"1","AMCE",0.00706123488314554
"2","CRT",0.698254364089776
