"","method","pval"
"1","AMCE",0.580378167710093
"2","CRT",0.109725685785536
