"","method","pval"
"1","AMCE",0.0257578089510957
"2","CRT",0.0149625935162095
