"","method","pval"
"1","AMCE",0.670389670619767
"2","CRT",0.0922693266832918
