"","method","pval"
"1","AMCE",0.720886664668167
"2","CRT",0.379052369077307
