"","method","pval"
"1","AMCE",0.00207201054654852
"2","CRT",0.0124688279301746
