"","method","pval"
"1","AMCE",0.071515026830872
"2","CRT",0.296758104738155
