"","method","pval"
"1","AMCE",0.0182861514316204
"2","CRT",0.00249376558603491
