"","method","pval"
"1","AMCE",0.0058429838314234
"2","CRT",0.0498753117206983
