"","method","pval"
"1","AMCE",0.313971694588467
"2","CRT",0.0124688279301746
