"","method","pval"
"1","AMCE",0.0309086517522512
"2","CRT",0.144638403990025
