"","method","pval"
"1","AMCE",0.0359609752797579
"2","CRT",0.159600997506234
