"","method","pval"
"1","AMCE",0.00197311498272299
"2","CRT",0.501246882793017
