"","method","pval"
"1","AMCE",0.319452207921262
"2","CRT",0.244389027431421
