"","method","pval"
"1","AMCE",0.755414546608064
"2","CRT",0.0249376558603491
