"","method","pval"
"1","AMCE",0.00790885390456323
"2","CRT",0.428927680798005
