"","method","pval"
"1","AMCE",0.998846898739945
"2","CRT",0.00997506234413965
