"","method","pval"
"1","AMCE",0.56945956352253
"2","CRT",0.0623441396508728
