"","method","pval"
"1","AMCE",0.0348354117534943
"2","CRT",0.0598503740648379
