"","method","pval"
"1","AMCE",0.0316589039197764
"2","CRT",0.144638403990025
