"","method","pval"
"1","AMCE",0.00599735081285335
"2","CRT",0.00249376558603491
