"","method","pval"
"1","AMCE",0.274277536020259
"2","CRT",0.00498753117206983
