"","method","pval"
"1","AMCE",0.00980820027584862
"2","CRT",0.117206982543641
