"","method","pval"
"1","AMCE",0.0411396365356749
"2","CRT",0.259351620947631
