"","method","pval"
"1","AMCE",0.00496514383187439
"2","CRT",0.571072319201995
