"","method","pval"
"1","AMCE",0.945309514682125
"2","CRT",0.698254364089776
