"","method","pval"
"1","AMCE",0.0273918957184393
"2","CRT",0.00249376558603491
