"","method","pval"
"1","AMCE",0.222526959826395
"2","CRT",0.00249376558603491
