"","method","pval"
"1","AMCE",0.309122926903236
"2","CRT",0.14214463840399
