"","method","pval"
"1","AMCE",0.0283439610211504
"2","CRT",0.029925187032419
