"","method","pval"
"1","AMCE",0.141989132205159
"2","CRT",0.167082294264339
