"","method","pval"
"1","AMCE",0.0272179419627311
"2","CRT",0.648379052369077
