"","method","pval"
"1","AMCE",0.0116785191443685
"2","CRT",0.0224438902743142
