"","method","pval"
"1","AMCE",0.0252027261495949
"2","CRT",0.00498753117206983
