"","method","pval"
"1","AMCE",0.0499747297334238
"2","CRT",0.351620947630923
