"","method","pval"
"1","AMCE",0.406802471002822
"2","CRT",0.00249376558603491
