"","method","pval"
"1","AMCE",0.0754570620431411
"2","CRT",0.0872817955112219
