"","method","pval"
"1","AMCE",0.464403782595864
"2","CRT",0.0374064837905237
