"","method","pval"
"1","AMCE",0.571543083721046
"2","CRT",0.13715710723192
