"","method","pval"
"1","AMCE",0.0369006710541718
"2","CRT",0.00997506234413965
