"","method","pval"
"1","AMCE",0.412588773278682
"2","CRT",0.349127182044888
