"","method","pval"
"1","AMCE",0.0882954853587019
"2","CRT",0.029925187032419
