"","method","pval"
"1","AMCE",0.344113115561408
"2","CRT",0.13715710723192
