"","method","pval"
"1","AMCE",0.00859956050576792
"2","CRT",0.184538653366584
