"","method","pval"
"1","AMCE",0.00267473518953284
"2","CRT",0.15211970074813
