"","method","pval"
"1","AMCE",0.526557913350053
"2","CRT",0.0673316708229426
