"","method","pval"
"1","AMCE",0.00825785452950264
"2","CRT",0.00997506234413965
