"","method","pval"
"1","AMCE",0.808780077697702
"2","CRT",0.00249376558603491
