"","method","pval"
"1","AMCE",0.727415961365578
"2","CRT",0.351620947630923
