"","method","pval"
"1","AMCE",0.00459051156428364
"2","CRT",0.0399002493765586
