"","method","pval"
"1","AMCE",0.00556929129882814
"2","CRT",0.201995012468828
