"","method","pval"
"1","AMCE",0.883800934264371
"2","CRT",0.349127182044888
