"","method","pval"
"1","AMCE",0.132007300323971
"2","CRT",0.221945137157107
