"","method","pval"
"1","AMCE",0.0178321250600662
"2","CRT",0.0473815461346633
