"","method","pval"
"1","AMCE",0.257471188835674
"2","CRT",0.00498753117206983
