"","method","pval"
"1","AMCE",0.0127541597766436
"2","CRT",0.139650872817955
