"","method","pval"
"1","AMCE",0.0183617078245003
"2","CRT",0.28927680798005
