"","method","pval"
"1","AMCE",0.068087490796295
"2","CRT",0.00249376558603491
