"","method","pval"
"1","AMCE",0.287520568875556
"2","CRT",0.738154613466334
