"","method","pval"
"1","AMCE",0.0189311582492826
"2","CRT",0.341645885286783
