"","method","pval"
"1","AMCE",0.834902944283251
"2","CRT",0.0748129675810474
