"","method","pval"
"1","AMCE",0.123500184434264
"2","CRT",0.0399002493765586
