"","method","pval"
"1","AMCE",0.0133387676689294
"2","CRT",0.0648379052369077
