"","method","pval"
"1","AMCE",0.865426693531818
"2","CRT",0.0199501246882793
