"","method","pval"
"1","AMCE",0.119074928176672
"2","CRT",0.703241895261845
