"","method","pval"
"1","AMCE",0.262991759330143
"2","CRT",0.127182044887781
