"","method","pval"
"1","AMCE",0.656354476076076
"2","CRT",0.00997506234413965
