"","method","pval"
"1","AMCE",0.0318953549718864
"2","CRT",0.29426433915212
