"","method","pval"
"1","AMCE",0.00300737390632809
"2","CRT",0.027431421446384
