"","method","pval"
"1","AMCE",0.24592117567326
"2","CRT",0.723192019950125
