"","method","pval"
"1","AMCE",0.0216851610247887
"2","CRT",0.0124688279301746
