"","method","pval"
"1","AMCE",0.00876574411195116
"2","CRT",0.0124688279301746
