"","method","pval"
"1","AMCE",0.0110155117760208
"2","CRT",0.0174563591022444
