"","method","pval"
"1","AMCE",0.597626345154822
"2","CRT",0.00748129675810474
