"","method","pval"
"1","AMCE",0.297711579006314
"2","CRT",0.00498753117206983
