"","method","pval"
"1","AMCE",0.757081207518178
"2","CRT",0.149625935162095
