"","method","pval"
"1","AMCE",0.000509604335513329
"2","CRT",0.122194513715711
