"","method","pval"
"1","AMCE",0.0118157558191194
"2","CRT",0.0548628428927681
