"","method","pval"
"1","AMCE",0.136990240647906
"2","CRT",0.0124688279301746
