"","method","pval"
"1","AMCE",0.50936295746541
"2","CRT",0.00997506234413965
