"","method","pval"
"1","AMCE",0.0258500394709555
"2","CRT",0.850374064837905
