"","method","pval"
"1","AMCE",0.283243479959388
"2","CRT",0.0773067331670823
