"","method","pval"
"1","AMCE",0.360994538525454
"2","CRT",0.0897755610972569
