"","method","pval"
"1","AMCE",0.323746414738774
"2","CRT",0.00748129675810474
