"","method","pval"
"1","AMCE",0.525185580915177
"2","CRT",0.00249376558603491
