"","method","pval"
"1","AMCE",0.0508149302837276
"2","CRT",0.15211970074813
