"","method","pval"
"1","AMCE",0.157331844747559
"2","CRT",0.0872817955112219
