"","method","pval"
"1","AMCE",0.0982526653742516
"2","CRT",0.182044887780549
