"","method","pval"
"1","AMCE",0.00385402642330324
"2","CRT",0.114713216957606
