"","method","pval"
"1","AMCE",0.00113055000511948
"2","CRT",0.182044887780549
