"","method","pval"
"1","AMCE",0.0734775245796832
"2","CRT",0.86284289276808
