"","method","pval"
"1","AMCE",0.0189122923023638
"2","CRT",0.548628428927681
