"","method","pval"
"1","AMCE",0.0199138066558603
"2","CRT",0.339152119700748
