"","method","pval"
"1","AMCE",0.139662734943219
"2","CRT",0.00997506234413965
