"","method","pval"
"1","AMCE",0.0162758382020343
"2","CRT",0.00997506234413965
