"","method","pval"
"1","AMCE",0.000795943814078807
"2","CRT",0.728179551122195
