"","method","pval"
"1","AMCE",0.0212585190969224
"2","CRT",0.149625935162095
