"","method","pval"
"1","AMCE",0.507872090107434
"2","CRT",0.169576059850374
