"","method","pval"
"1","AMCE",0.0717434919859517
"2","CRT",0.418952618453865
