"","method","pval"
"1","AMCE",0.271056967087625
"2","CRT",0.0199501246882793
