"","method","pval"
"1","AMCE",0.359622749144617
"2","CRT",0.403990024937656
