"","method","pval"
"1","AMCE",0.0353376488490125
"2","CRT",0.00498753117206983
