"","method","pval"
"1","AMCE",0.156950760463405
"2","CRT",0.206982543640898
