"","method","pval"
"1","AMCE",0.0183164412367793
"2","CRT",0.72568578553616
