"","method","pval"
"1","AMCE",0.199886257248617
"2","CRT",0.406483790523691
