"","method","pval"
"1","AMCE",0.0666911235071572
"2","CRT",0.0199501246882793
