"","method","pval"
"1","AMCE",0.0502650762470173
"2","CRT",0.00498753117206983
