"","method","pval"
"1","AMCE",0.0201450997346539
"2","CRT",0.234413965087282
