"","method","pval"
"1","AMCE",0.61823257886325
"2","CRT",0.214463840399002
