"","method","pval"
"1","AMCE",0.052141741959387
"2","CRT",0.0897755610972569
