"","method","pval"
"1","AMCE",0.0747265397280495
"2","CRT",0.00249376558603491
