"","method","pval"
"1","AMCE",0.686467238317925
"2","CRT",0.00498753117206983
