"","method","pval"
"1","AMCE",0.398894380906122
"2","CRT",0.00249376558603491
