"","method","pval"
"1","AMCE",0.108714677867614
"2","CRT",0.15211970074813
