"","method","pval"
"1","AMCE",0.128549945501599
"2","CRT",0.0174563591022444
