"","method","pval"
"1","AMCE",0.283553580802985
"2","CRT",0.0124688279301746
