"","method","pval"
"1","AMCE",0.00850783289749314
"2","CRT",0.00997506234413965
