"","method","pval"
"1","AMCE",0.295512778391878
"2","CRT",0.084788029925187
