"","method","pval"
"1","AMCE",0.015750200339925
"2","CRT",0.0623441396508728
