"","method","pval"
"1","AMCE",0.761470370345867
"2","CRT",0.00997506234413965
