"","method","pval"
"1","AMCE",0.0243239296648724
"2","CRT",0.00997506234413965
