"","method","pval"
"1","AMCE",0.319096844808527
"2","CRT",0.291770573566085
