"","method","pval"
"1","AMCE",0.257532100017881
"2","CRT",0.798004987531172
