"","method","pval"
"1","AMCE",0.0482296933036541
"2","CRT",0.788029925187032
