"","method","pval"
"1","AMCE",0.0119395578973323
"2","CRT",0.00748129675810474
