"","method","pval"
"1","AMCE",0.0205006360628219
"2","CRT",0.13715710723192
