"","method","pval"
"1","AMCE",0.141846702550945
"2","CRT",0.0349127182044888
