"","method","pval"
"1","AMCE",0.0289233133786283
"2","CRT",0.00498753117206983
