"","method","pval"
"1","AMCE",0.00673335688965959
"2","CRT",0.683291770573566
