"","method","pval"
"1","AMCE",0.0822918897055618
"2","CRT",0.533665835411471
