"","method","pval"
"1","AMCE",0.126713944952359
"2","CRT",0.209476309226933
