"","method","pval"
"1","AMCE",0.00615113409136248
"2","CRT",0.00748129675810474
