"","method","pval"
"1","AMCE",0.766828162270196
"2","CRT",0.0249376558603491
