"","method","pval"
"1","AMCE",0.00171427092757244
"2","CRT",0.336658354114713
