"","method","pval"
"1","AMCE",0.165097190325449
"2","CRT",0.0623441396508728
