"","method","pval"
"1","AMCE",0.233774589417384
"2","CRT",0.211970074812968
