"","method","pval"
"1","AMCE",0.439129201667598
"2","CRT",0.00249376558603491
