"","method","pval"
"1","AMCE",0.209132190802106
"2","CRT",0.708229426433915
