"","method","pval"
"1","AMCE",0.0116823783949306
"2","CRT",0.00249376558603491
