"","method","pval"
"1","AMCE",0.0815562459211245
"2","CRT",0.28428927680798
