"","method","pval"
"1","AMCE",0.0318953068420331
"2","CRT",0.226932668329177
