"","method","pval"
"1","AMCE",0.0107959908968097
"2","CRT",0.144638403990025
