"","method","pval"
"1","AMCE",0.0410025090613181
"2","CRT",0.418952618453865
