"","method","pval"
"1","AMCE",0.220239945716719
"2","CRT",0.531172069825436
