"","method","pval"
"1","AMCE",0.0440145629240679
"2","CRT",0.0673316708229426
