"","method","pval"
"1","AMCE",0.0413001498377896
"2","CRT",0.0798004987531172
