"","method","pval"
"1","AMCE",0.310243667855492
"2","CRT",0.0473815461346633
