"","method","pval"
"1","AMCE",0.227238860385492
"2","CRT",0.00498753117206983
