"","method","pval"
"1","AMCE",0.0981968010662319
"2","CRT",0.0224438902743142
