"","method","pval"
"1","AMCE",0.702444767206263
"2","CRT",0.0199501246882793
