"","method","pval"
"1","AMCE",0.0225663957528936
"2","CRT",0.0673316708229426
