"","method","pval"
"1","AMCE",0.0866824327645975
"2","CRT",0.029925187032419
