"","method","pval"
"1","AMCE",0.127107029223317
"2","CRT",0.00997506234413965
