"","method","pval"
"1","AMCE",0.00992503493566861
"2","CRT",0.109725685785536
