"","method","pval"
"1","AMCE",0.0513851894862559
"2","CRT",0.00997506234413965
