"","method","pval"
"1","AMCE",0.1933968914999
"2","CRT",0.00249376558603491
