"","method","pval"
"1","AMCE",0.660084963979672
"2","CRT",0.00498753117206983
