"","method","pval"
"1","AMCE",0.200505421125466
"2","CRT",0.276807980049875
