"","method","pval"
"1","AMCE",0.0101563548449735
"2","CRT",0.00748129675810474
