"","method","pval"
"1","AMCE",0.838139597906567
"2","CRT",0.0822942643391521
