"","method","pval"
"1","AMCE",0.00266006168530486
"2","CRT",0.331670822942643
