"","method","pval"
"1","AMCE",0.0599985732739259
"2","CRT",0.0723192019950125
