"","method","pval"
"1","AMCE",0.0860902090304556
"2","CRT",0.149625935162095
