"","method","pval"
"1","AMCE",0.403047921859777
"2","CRT",0.0124688279301746
