"","method","pval"
"1","AMCE",0.0778702939197091
"2","CRT",0.728179551122195
