"","method","pval"
"1","AMCE",0.00553951468187506
"2","CRT",0.00997506234413965
