"","method","pval"
"1","AMCE",0.474540731710691
"2","CRT",0.0947630922693267
