"","method","pval"
"1","AMCE",0.145166626606307
"2","CRT",0.276807980049875
