"","method","pval"
"1","AMCE",0.161025851362095
"2","CRT",0.0199501246882793
