"","method","pval"
"1","AMCE",0.199295319512643
"2","CRT",0.29426433915212
