"","method","pval"
"1","AMCE",0.038362581859716
"2","CRT",0.0748129675810474
