"","method","pval"
"1","AMCE",0.0731148426917548
"2","CRT",0.00249376558603491
