"","method","pval"
"1","AMCE",0.0636120814586141
"2","CRT",0.00997506234413965
