"","method","pval"
"1","AMCE",0.00758859052052655
"2","CRT",0.0324189526184539
