"","method","pval"
"1","AMCE",0.0278483828913656
"2","CRT",0.0723192019950125
