"","method","pval"
"1","AMCE",0.588499554570428
"2","CRT",0.0822942643391521
