"","method","pval"
"1","AMCE",0.219158803601424
"2","CRT",0.00748129675810474
