"","method","pval"
"1","AMCE",0.00517536869031684
"2","CRT",0.718204488778055
