"","method","pval"
"1","AMCE",0.00239650322494028
"2","CRT",0.0374064837905237
