"","method","pval"
"1","AMCE",0.0156264833877249
"2","CRT",0.0374064837905237
