"","method","pval"
"1","AMCE",0.518198700575124
"2","CRT",0.00498753117206983
