"","method","pval"
"1","AMCE",0.0120368239426172
"2","CRT",0.209476309226933
