"","method","pval"
"1","AMCE",0.0619241140244834
"2","CRT",0.438902743142145
