"","method","pval"
"1","AMCE",0.0518457465335089
"2","CRT",0.00748129675810474
