"","method","pval"
"1","AMCE",0.0108230353801238
"2","CRT",0.0598503740648379
