"","method","pval"
"1","AMCE",0.0147631859893886
"2","CRT",0.00249376558603491
