"","method","pval"
"1","AMCE",0.163153268470327
"2","CRT",0.00249376558603491
