"","method","pval"
"1","AMCE",0.732441693162021
"2","CRT",0.85286783042394
