"","method","pval"
"1","AMCE",0.0350603270905989
"2","CRT",0.925187032418953
