"","method","pval"
"1","AMCE",0.0197131507385453
"2","CRT",0.728179551122195
