"","method","pval"
"1","AMCE",0.132353014927474
"2","CRT",0.00997506234413965
