"","method","pval"
"1","AMCE",0.479237609969071
"2","CRT",0.0124688279301746
