"","method","pval"
"1","AMCE",0.0456366445442944
"2","CRT",0.084788029925187
