"","method","pval"
"1","AMCE",0.040271418780341
"2","CRT",0.780548628428928
