"","method","pval"
"1","AMCE",0.124624084903463
"2","CRT",0.14214463840399
