"","method","pval"
"1","AMCE",0.158430929740329
"2","CRT",0.286783042394015
