"","method","pval"
"1","AMCE",0.0821236077255932
"2","CRT",0.00498753117206983
