"","method","pval"
"1","AMCE",0.15174097781717
"2","CRT",0.00498753117206983
