"","method","pval"
"1","AMCE",0.597869555214298
"2","CRT",0.408977556109726
