"","method","pval"
"1","AMCE",0.786508104205556
"2","CRT",0.0548628428927681
