"","method","pval"
"1","AMCE",0.883215764782325
"2","CRT",0.466334164588529
