"","method","pval"
"1","AMCE",0.00476835847727637
"2","CRT",0.0648379052369077
