"","method","pval"
"1","AMCE",0.0529453175539368
"2","CRT",0.0224438902743142
