"","method","pval"
"1","AMCE",0.0494525117622303
"2","CRT",0.00498753117206983
