"","method","pval"
"1","AMCE",0.428936437599892
"2","CRT",0.775561097256858
