"","method","pval"
"1","AMCE",0.367556091592314
"2","CRT",0.029925187032419
