"","method","pval"
"1","AMCE",0.0162166144325089
"2","CRT",0.00249376558603491
