"","method","pval"
"1","AMCE",0.41947995610906
"2","CRT",0.618453865336658
