"","method","pval"
"1","AMCE",0.234858837345231
"2","CRT",0.057356608478803
