"","method","pval"
"1","AMCE",0.0130718079124766
"2","CRT",0.0473815461346633
