"","method","pval"
"1","AMCE",0.99055524369321
"2","CRT",0.0922693266832918
