"","method","pval"
"1","AMCE",0.011774391530897
"2","CRT",0.528678304239402
