"","method","pval"
"1","AMCE",0.125292377316752
"2","CRT",0.930174563591022
