"","method","pval"
"1","AMCE",0.396533887180915
"2","CRT",0.241895261845387
