"","method","pval"
"1","AMCE",0.0230818331104112
"2","CRT",0.199501246882793
