"","method","pval"
"1","AMCE",0.000100974125023199
"2","CRT",0.134663341645885
