"","method","pval"
"1","AMCE",0.925582965570773
"2","CRT",0.628428927680798
