"","method","pval"
"1","AMCE",0.00961915480387968
"2","CRT",0.0174563591022444
