"","method","pval"
"1","AMCE",0.231440545893148
"2","CRT",0.0324189526184539
