"","method","pval"
"1","AMCE",0.0241529807124215
"2","CRT",0.0149625935162095
