"","method","pval"
"1","AMCE",0.0273999687910633
"2","CRT",0.00498753117206983
