"","method","pval"
"1","AMCE",0.18767889063547
"2","CRT",0.00249376558603491
