"","method","pval"
"1","AMCE",0.27591665157182
"2","CRT",0.531172069825436
