"","method","pval"
"1","AMCE",0.59320801039953
"2","CRT",0.0349127182044888
