"","method","pval"
"1","AMCE",0.033574703973252
"2","CRT",0.0623441396508728
