"","method","pval"
"1","AMCE",0.267700144108149
"2","CRT",0.00748129675810474
