"","method","pval"
"1","AMCE",0.0356373689567592
"2","CRT",0.00498753117206983
