"","method","pval"
"1","AMCE",0.0880194166091763
"2","CRT",0.306733167082294
