"","method","pval"
"1","AMCE",0.18731158117918
"2","CRT",0.189526184538653
