"","method","pval"
"1","AMCE",0.00981789300393376
"2","CRT",0.117206982543641
