"","method","pval"
"1","AMCE",0.675061086519809
"2","CRT",0.638403990024938
