"","method","pval"
"1","AMCE",0.0381787779557376
"2","CRT",0.0822942643391521
