"","method","pval"
"1","AMCE",0.187059867891084
"2","CRT",0.00249376558603491
