"","method","pval"
"1","AMCE",0.0294718263875508
"2","CRT",0.00498753117206983
