"","method","pval"
"1","AMCE",0.129139002165536
"2","CRT",0.316708229426434
