"","method","pval"
"1","AMCE",0.00483591245004483
"2","CRT",0.206982543640898
