"","method","pval"
"1","AMCE",0.0237015754285093
"2","CRT",0.0822942643391521
