"","method","pval"
"1","AMCE",0.00716671753728621
"2","CRT",0.00498753117206983
