"","method","pval"
"1","AMCE",0.571582194859824
"2","CRT",0.00748129675810474
