"","method","pval"
"1","AMCE",0.0787598915069299
"2","CRT",0.0374064837905237
