"","method","pval"
"1","AMCE",0.151593215945506
"2","CRT",0.00498753117206983
