"","method","pval"
"1","AMCE",0.0339306835991983
"2","CRT",0.369077306733167
