"","method","pval"
"1","AMCE",0.291662100777291
"2","CRT",0.0174563591022444
