"","method","pval"
"1","AMCE",0.0462689278585428
"2","CRT",0.0249376558603491
