"","method","pval"
"1","AMCE",0.0255643778904846
"2","CRT",0.0822942643391521
