"","method","pval"
"1","AMCE",0.28488567765856
"2","CRT",0.0224438902743142
