"","method","pval"
"1","AMCE",0.186819246717794
"2","CRT",0.0149625935162095
