"","method","pval"
"1","AMCE",0.0131211787243943
"2","CRT",0.0947630922693267
