"","method","pval"
"1","AMCE",0.5138318839839
"2","CRT",0.057356608478803
