"","method","pval"
"1","AMCE",0.542448911331179
"2","CRT",0.129675810473815
