"","method","pval"
"1","AMCE",0.0214078018788512
"2","CRT",0.234413965087282
