"","method","pval"
"1","AMCE",0.0306072316402029
"2","CRT",0.28428927680798
