"","method","pval"
"1","AMCE",0.71499370578409
"2","CRT",0.199501246882793
