"","method","pval"
"1","AMCE",0.00464916751281966
"2","CRT",0.0798004987531172
