"","method","pval"
"1","AMCE",0.0113064434376733
"2","CRT",0.0997506234413965
