"","method","pval"
"1","AMCE",0.849535084196449
"2","CRT",0.620947630922693
