"","method","pval"
"1","AMCE",0.0360713569020613
"2","CRT",0.895261845386534
