"","method","pval"
"1","AMCE",0.0349827284886231
"2","CRT",0.259351620947631
