"","method","pval"
"1","AMCE",0.141378089529652
"2","CRT",0.0523690773067332
