"","method","pval"
"1","AMCE",0.08240324713956
"2","CRT",0.0473815461346633
