"","method","pval"
"1","AMCE",0.0410505063480347
"2","CRT",0.00498753117206983
