"","method","pval"
"1","AMCE",0.0585614408542407
"2","CRT",0.291770573566085
