"","method","pval"
"1","AMCE",0.0516185991500883
"2","CRT",0.0324189526184539
