"","method","pval"
"1","AMCE",0.562550415809765
"2","CRT",0.00249376558603491
