"","method","pval"
"1","AMCE",0.736208623358022
"2","CRT",0.027431421446384
