"","method","pval"
"1","AMCE",0.149707324925268
"2","CRT",0.00997506234413965
