"","method","pval"
"1","AMCE",0.0598965083177163
"2","CRT",0.00249376558603491
