"","method","pval"
"1","AMCE",0.444382062807477
"2","CRT",0.411471321695761
