"","method","pval"
"1","AMCE",0.0168336715544877
"2","CRT",0.127182044887781
