"","method","pval"
"1","AMCE",0.506158059615076
"2","CRT",0.0872817955112219
