"","method","pval"
"1","AMCE",0.0252424274000503
"2","CRT",0.00748129675810474
