"","method","pval"
"1","AMCE",0.269622892470248
"2","CRT",0.211970074812968
