"","method","pval"
"1","AMCE",0.00597540001795655
"2","CRT",0.842892768079801
