"","method","pval"
"1","AMCE",0.283261244393504
"2","CRT",0.144638403990025
