"","method","pval"
"1","AMCE",0.480284781291391
"2","CRT",0.164588528678304
