"","method","pval"
"1","AMCE",0.0176870497374799
"2","CRT",0.0224438902743142
