"","method","pval"
"1","AMCE",0.114751459601367
"2","CRT",0.00997506234413965
