"","method","pval"
"1","AMCE",0.15917929804614
"2","CRT",0.00748129675810474
