"","method","pval"
"1","AMCE",0.394251629292139
"2","CRT",0.0149625935162095
