"","method","pval"
"1","AMCE",0.0378484673388768
"2","CRT",0.27930174563591
