"","method","pval"
"1","AMCE",0.112145772177108
"2","CRT",0.364089775561097
