"","method","pval"
"1","AMCE",0.00251589941065594
"2","CRT",0.00249376558603491
