"","method","pval"
"1","AMCE",0.916234697254015
"2","CRT",0.855361596009975
