"","method","pval"
"1","AMCE",0.0105334397892625
"2","CRT",0.00498753117206983
