"","method","pval"
"1","AMCE",0.0122896232173599
"2","CRT",0.344139650872818
