"","method","pval"
"1","AMCE",0.0689622716165018
"2","CRT",0.0498753117206983
