"","method","pval"
"1","AMCE",0.160659826007686
"2","CRT",0.366583541147132
