"","method","pval"
"1","AMCE",0.00492125351145448
"2","CRT",0.778054862842893
