"","method","pval"
"1","AMCE",0.00391308009775029
"2","CRT",0.134663341645885
