"","method","pval"
"1","AMCE",0.110690959715602
"2","CRT",0.0648379052369077
