"","method","pval"
"1","AMCE",0.0038938052772137
"2","CRT",0.209476309226933
