"","method","pval"
"1","AMCE",0.00826203263377915
"2","CRT",0.084788029925187
