"","method","pval"
"1","AMCE",0.383999655400699
"2","CRT",0.00748129675810474
