"","method","pval"
"1","AMCE",0.0608083583831581
"2","CRT",0.0648379052369077
