"","method","pval"
"1","AMCE",0.364647408998866
"2","CRT",0.0773067331670823
