"","method","pval"
"1","AMCE",0.034324748896245
"2","CRT",0.503740648379052
