"","method","pval"
"1","AMCE",0.323798261104474
"2","CRT",0.149625935162095
