"","method","pval"
"1","AMCE",0.0803357141569817
"2","CRT",0.0124688279301746
