"","method","pval"
"1","AMCE",0.0689833360054948
"2","CRT",0.00748129675810474
