"","method","pval"
"1","AMCE",0.199629554415666
"2","CRT",0.00249376558603491
