"","method","pval"
"1","AMCE",0.0304594045289232
"2","CRT",0.42643391521197
