"","method","pval"
"1","AMCE",0.0823332172308252
"2","CRT",0.0448877805486284
