"","method","pval"
"1","AMCE",0.0153121313655859
"2","CRT",0.0374064837905237
