"","method","pval"
"1","AMCE",0.0767581728690024
"2","CRT",0.00498753117206983
