"","method","pval"
"1","AMCE",0.65123059262087
"2","CRT",0.0872817955112219
