"","method","pval"
"1","AMCE",0.772666865978596
"2","CRT",0.00249376558603491
