"","method","pval"
"1","AMCE",0.15960066841573
"2","CRT",0.00748129675810474
