"","method","pval"
"1","AMCE",0.0161495251840572
"2","CRT",0.369077306733167
