"","method","pval"
"1","AMCE",0.0371988878915604
"2","CRT",0.177057356608479
