"","method","pval"
"1","AMCE",0.266373866463816
"2","CRT",0.0872817955112219
