"","method","pval"
"1","AMCE",0.0774004698266104
"2","CRT",0.374064837905237
