"","method","pval"
"1","AMCE",0.181796613161429
"2","CRT",0.027431421446384
