"","method","pval"
"1","AMCE",0.095596171796551
"2","CRT",0.396508728179551
