"","method","pval"
"1","AMCE",0.407086303172588
"2","CRT",0.084788029925187
