"","method","pval"
"1","AMCE",0.222379017359223
"2","CRT",0.0199501246882793
