"","method","pval"
"1","AMCE",0.666000960377595
"2","CRT",0.99501246882793
