"","method","pval"
"1","AMCE",0.0316898937442737
"2","CRT",0.0249376558603491
