"","method","pval"
"1","AMCE",0.0118717496749176
"2","CRT",0.00249376558603491
