"","method","pval"
"1","AMCE",0.0205329185786991
"2","CRT",0.00249376558603491
