"","method","pval"
"1","AMCE",0.0937636395999995
"2","CRT",0.029925187032419
