"","method","pval"
"1","AMCE",0.315512818349
"2","CRT",0.56359102244389
