"","method","pval"
"1","AMCE",0.244531217672481
"2","CRT",0.810473815461347
