"","method","pval"
"1","AMCE",0.306940323973122
"2","CRT",0.231920199501247
