"","method","pval"
"1","AMCE",0.669405140969517
"2","CRT",0.00997506234413965
