"","method","pval"
"1","AMCE",0.0120809594926189
"2","CRT",0.0349127182044888
