"","method","pval"
"1","AMCE",0.0418185557250358
"2","CRT",0.0947630922693267
