"","method","pval"
"1","AMCE",0.00930002314057687
"2","CRT",0.0498753117206983
