"","method","pval"
"1","AMCE",0.0907472731067371
"2","CRT",0.0124688279301746
