"","method","pval"
"1","AMCE",0.0390643449711236
"2","CRT",0.1571072319202
