"","method","pval"
"1","AMCE",0.0053606512378211
"2","CRT",0.0124688279301746
