"","method","pval"
"1","AMCE",0.773664217628893
"2","CRT",0.0249376558603491
