"","method","pval"
"1","AMCE",0.227912410472776
"2","CRT",0.344139650872818
