"","method","pval"
"1","AMCE",0.0122130162483546
"2","CRT",0.144638403990025
