"","method","pval"
"1","AMCE",0.324772948981786
"2","CRT",0.0648379052369077
