"","method","pval"
"1","AMCE",0.881759216964898
"2","CRT",0.359102244389027
