"","method","pval"
"1","AMCE",0.18566151177097
"2","CRT",0.241895261845387
