"","method","pval"
"1","AMCE",0.00343259189818021
"2","CRT",0.00498753117206983
