"","method","pval"
"1","AMCE",0.0318766910498432
"2","CRT",0.0723192019950125
