"","method","pval"
"1","AMCE",0.00851424507648296
"2","CRT",0.655860349127182
