"","method","pval"
"1","AMCE",0.21207340491397
"2","CRT",0.00748129675810474
