"","method","pval"
"1","AMCE",0.12357022806022
"2","CRT",0.129675810473815
