"","method","pval"
"1","AMCE",0.385111878207924
"2","CRT",0.0773067331670823
