"","method","pval"
"1","AMCE",0.0313051166102539
"2","CRT",0.00249376558603491
