"","method","pval"
"1","AMCE",0.021943851040625
"2","CRT",0.0698254364089776
