"","method","pval"
"1","AMCE",0.451553741245488
"2","CRT",0.0448877805486284
