"","method","pval"
"1","AMCE",0.0586649765495298
"2","CRT",0.329177057356608
