"","method","pval"
"1","AMCE",0.90593797813113
"2","CRT",0.506234413965087
