"","method","pval"
"1","AMCE",0.291578110605616
"2","CRT",0.438902743142145
