"","method","pval"
"1","AMCE",0.590076577407872
"2","CRT",0.0174563591022444
