"","method","pval"
"1","AMCE",0.206764957442895
"2","CRT",0.169576059850374
