"","method","pval"
"1","AMCE",0.0336414277780209
"2","CRT",0.179551122194514
