"","method","pval"
"1","AMCE",0.0961729717712842
"2","CRT",0.281795511221945
