"","method","pval"
"1","AMCE",0.0881320215871624
"2","CRT",0.00997506234413965
