"","method","pval"
"1","AMCE",0.563857380953782
"2","CRT",0.718204488778055
