"","method","pval"
"1","AMCE",0.0107166890927357
"2","CRT",0.408977556109726
