"","method","pval"
"1","AMCE",0.00647430870426942
"2","CRT",0.0773067331670823
