"","method","pval"
"1","AMCE",0.0100592212391952
"2","CRT",0.104738154613466
