"","method","pval"
"1","AMCE",0.0558796256442541
"2","CRT",0.124688279301746
