"","method","pval"
"1","AMCE",0.0278626669557237
"2","CRT",0.144638403990025
