"","method","pval"
"1","AMCE",0.0243581977972735
"2","CRT",0.261845386533666
