"","method","pval"
"1","AMCE",0.299812269415665
"2","CRT",0.00748129675810474
