"","method","pval"
"1","AMCE",0.405158567485421
"2","CRT",0.00498753117206983
