"","method","pval"
"1","AMCE",0.0418340261815374
"2","CRT",0.00997506234413965
