"","method","pval"
"1","AMCE",0.218670426671577
"2","CRT",0.127182044887781
