"","method","pval"
"1","AMCE",0.0816129913278819
"2","CRT",0.029925187032419
