"","method","pval"
"1","AMCE",0.0990150073711541
"2","CRT",0.57356608478803
