"","method","pval"
"1","AMCE",0.00725805042752277
"2","CRT",0.112219451371571
