"","method","pval"
"1","AMCE",0.00951614769237488
"2","CRT",0.0174563591022444
