"","method","pval"
"1","AMCE",0.902166206831414
"2","CRT",0.0698254364089776
