"","method","pval"
"1","AMCE",0.656938459473794
"2","CRT",0.00249376558603491
