"","method","pval"
"1","AMCE",0.247775376743786
"2","CRT",0.0872817955112219
