"","method","pval"
"1","AMCE",0.525348754307569
"2","CRT",0.00748129675810474
