"","method","pval"
"1","AMCE",0.00348970298888259
"2","CRT",0.00748129675810474
