"","method","pval"
"1","AMCE",0.0792698234971508
"2","CRT",0.00249376558603491
