"","method","pval"
"1","AMCE",0.0237873823177922
"2","CRT",0.00249376558603491
