"","method","pval"
"1","AMCE",0.197337360188484
"2","CRT",0.00748129675810474
