"","method","pval"
"1","AMCE",0.884224853741382
"2","CRT",0.703241895261845
