"","method","pval"
"1","AMCE",0.0874143816164307
"2","CRT",0.0349127182044888
