"","method","pval"
"1","AMCE",0.0620278023589722
"2","CRT",0.029925187032419
