"","method","pval"
"1","AMCE",0.0590014321788978
"2","CRT",0.122194513715711
