"","method","pval"
"1","AMCE",0.00382919656485918
"2","CRT",0.057356608478803
