"","method","pval"
"1","AMCE",0.187944603618322
"2","CRT",0.13216957605985
