"","method","pval"
"1","AMCE",0.00984068063781714
"2","CRT",0.491271820448878
