"","method","pval"
"1","AMCE",0.025679029087159
"2","CRT",0.00249376558603491
