"","method","pval"
"1","AMCE",0.259637402425871
"2","CRT",0.084788029925187
