"","method","pval"
"1","AMCE",0.00623218487096615
"2","CRT",0.381546134663342
