"","method","pval"
"1","AMCE",0.0105094427269695
"2","CRT",0.411471321695761
