"","method","pval"
"1","AMCE",0.00621425901511802
"2","CRT",0.0897755610972569
