"","method","pval"
"1","AMCE",0.212393415515878
"2","CRT",0.0798004987531172
