"","method","pval"
"1","AMCE",0.0286785087132594
"2","CRT",0.0773067331670823
