"","method","pval"
"1","AMCE",0.0102270374973648
"2","CRT",0.0798004987531172
