"","method","pval"
"1","AMCE",0.166460897107527
"2","CRT",0.84788029925187
