"","method","pval"
"1","AMCE",0.286017948341083
"2","CRT",0.112219451371571
