"","method","pval"
"1","AMCE",0.0112050822028135
"2","CRT",0.00249376558603491
