"","method","pval"
"1","AMCE",0.978692441062922
"2","CRT",0.0623441396508728
