"","method","pval"
"1","AMCE",0.192636381581511
"2","CRT",0.0149625935162095
