"","method","pval"
"1","AMCE",0.00912449273323905
"2","CRT",0.0698254364089776
