"","method","pval"
"1","AMCE",0.0386259503543672
"2","CRT",0.0174563591022444
