"","method","pval"
"1","AMCE",0.0425071732793033
"2","CRT",0.102244389027431
