"","method","pval"
"1","AMCE",0.00384144983520753
"2","CRT",0.0249376558603491
