"","method","pval"
"1","AMCE",0.873980731221922
"2","CRT",0.0249376558603491
