"","method","pval"
"1","AMCE",0.00993385109276178
"2","CRT",0.119700748129676
