"","method","pval"
"1","AMCE",0.032738418408789
"2","CRT",0.0822942643391521
