"","method","pval"
"1","AMCE",0.0705405892134821
"2","CRT",0.104738154613466
