"","method","pval"
"1","AMCE",0.0347547769375991
"2","CRT",0.00498753117206983
