"","method","pval"
"1","AMCE",0.201757995637925
"2","CRT",0.0773067331670823
