"","method","pval"
"1","AMCE",0.0277446180307053
"2","CRT",0.249376558603491
