"","method","pval"
"1","AMCE",0.314780554546441
"2","CRT",0.0548628428927681
