"","method","pval"
"1","AMCE",0.0240726605271553
"2","CRT",0.0124688279301746
