"","method","pval"
"1","AMCE",0.0140063942328641
"2","CRT",0.324189526184539
