"","method","pval"
"1","AMCE",0.0734970711032162
"2","CRT",0.0124688279301746
