"","method","pval"
"1","AMCE",0.0670597313332072
"2","CRT",0.0224438902743142
