"","method","pval"
"1","AMCE",0.0122847021659516
"2","CRT",0.0349127182044888
