"","method","pval"
"1","AMCE",0.519408588639956
"2","CRT",0.144638403990025
