"","method","pval"
"1","AMCE",0.0117517607020518
"2","CRT",0.029925187032419
