"","method","pval"
"1","AMCE",0.0196770574518311
"2","CRT",0.0448877805486284
