"","method","pval"
"1","AMCE",0.266716047258258
"2","CRT",0.00748129675810474
