"","method","pval"
"1","AMCE",0.000221214722186835
"2","CRT",0.027431421446384
