"","method","pval"
"1","AMCE",0.0137660465908684
"2","CRT",0.00249376558603491
