"","method","pval"
"1","AMCE",0.00853925489038073
"2","CRT",0.00748129675810474
