"","method","pval"
"1","AMCE",0.00419356447484134
"2","CRT",0.0723192019950125
