"","method","pval"
"1","AMCE",0.0450714508983271
"2","CRT",0.0124688279301746
