"","method","pval"
"1","AMCE",0.0252302007013671
"2","CRT",0.00748129675810474
