"","method","pval"
"1","AMCE",0.540241410974637
"2","CRT",0.0673316708229426
