"","method","pval"
"1","AMCE",0.297718778671104
"2","CRT",0.58354114713217
