"","method","pval"
"1","AMCE",0.0269169149298212
"2","CRT",0.0723192019950125
