"","method","pval"
"1","AMCE",0.0294575047032761
"2","CRT",0.0773067331670823
