"","method","pval"
"1","AMCE",0.0408974513229729
"2","CRT",0.14214463840399
