"","method","pval"
"1","AMCE",0.0633116633557827
"2","CRT",0.0748129675810474
