"","method","pval"
"1","AMCE",0.316172879869817
"2","CRT",0.14214463840399
