"","method","pval"
"1","AMCE",0.111665132631344
"2","CRT",0.00748129675810474
