"","method","pval"
"1","AMCE",0.0683307328902676
"2","CRT",0.15211970074813
