"","method","pval"
"1","AMCE",0.022726196646367
"2","CRT",0.029925187032419
