"","method","pval"
"1","AMCE",0.6308798191849
"2","CRT",0.0124688279301746
