"","method","pval"
"1","AMCE",0.71594151735748
"2","CRT",0.00249376558603491
