"","method","pval"
"1","AMCE",0.026698653122598
"2","CRT",0.0174563591022444
