"","method","pval"
"1","AMCE",0.0460061129943578
"2","CRT",0.216957605985037
