"","method","pval"
"1","AMCE",0.943545581056464
"2","CRT",0.104738154613466
