"","method","pval"
"1","AMCE",0.00923972179858804
"2","CRT",0.0648379052369077
