"","method","pval"
"1","AMCE",0.62506468424861
"2","CRT",0.0249376558603491
