"","method","pval"
"1","AMCE",0.0189811423784967
"2","CRT",0.167082294264339
