"","method","pval"
"1","AMCE",0.143683678197834
"2","CRT",0.122194513715711
