"","method","pval"
"1","AMCE",0.755783347857401
"2","CRT",0.321695760598504
