"","method","pval"
"1","AMCE",0.384649709545334
"2","CRT",0.0124688279301746
