"","method","pval"
"1","AMCE",0.00356552223059062
"2","CRT",0.226932668329177
