"","method","pval"
"1","AMCE",0.0141561989933517
"2","CRT",0.00249376558603491
