"","method","pval"
"1","AMCE",0.812749724508629
"2","CRT",0.209476309226933
