"","method","pval"
"1","AMCE",0.000439871328920949
"2","CRT",0.00997506234413965
