"","method","pval"
"1","AMCE",0.00557451693717236
"2","CRT",0.00249376558603491
