"","method","pval"
"1","AMCE",0.137302368935868
"2","CRT",0.0324189526184539
