"","method","pval"
"1","AMCE",0.0227864200625036
"2","CRT",0.301745635910224
