"","method","pval"
"1","AMCE",0.0724010465197521
"2","CRT",0.488778054862843
