"","method","pval"
"1","AMCE",0.00108889851522369
"2","CRT",0.481296758104738
