"","method","pval"
"1","AMCE",0.274520935451181
"2","CRT",0.0773067331670823
