"","method","pval"
"1","AMCE",0.0265634463616908
"2","CRT",0.254364089775561
