"","method","pval"
"1","AMCE",0.00628261815997796
"2","CRT",0.15211970074813
