"","method","pval"
"1","AMCE",0.0460605712888205
"2","CRT",0.0698254364089776
