"","method","pval"
"1","AMCE",0.89981882791028
"2","CRT",0.00249376558603491
