"","method","pval"
"1","AMCE",0.674988441398397
"2","CRT",0.00997506234413965
