"","method","pval"
"1","AMCE",0.0432945094742748
"2","CRT",0.553615960099751
