"","method","pval"
"1","AMCE",0.0250308315366608
"2","CRT",0.00997506234413965
