"","method","pval"
"1","AMCE",0.925510474036275
"2","CRT",0.0997506234413965
