"","method","pval"
"1","AMCE",0.300705249254137
"2","CRT",0.219451371571072
