"","method","pval"
"1","AMCE",0.545658487063888
"2","CRT",0.638403990024938
