"","method","pval"
"1","AMCE",0.0427403986412197
"2","CRT",0.680798004987531
