"","method","pval"
"1","AMCE",0.168203665453404
"2","CRT",0.204488778054863
