"","method","pval"
"1","AMCE",0.0183820021483781
"2","CRT",0.189526184538653
