"","method","pval"
"1","AMCE",0.0230591988123833
"2","CRT",0.027431421446384
