"","method","pval"
"1","AMCE",0.00628150707360244
"2","CRT",0.164588528678304
