"","method","pval"
"1","AMCE",0.00304797982056672
"2","CRT",0.00748129675810474
