"","method","pval"
"1","AMCE",0.0555464660821304
"2","CRT",0.28428927680798
