"","method","pval"
"1","AMCE",0.291463516871501
"2","CRT",0.0897755610972569
