"","method","pval"
"1","AMCE",0.103299526495685
"2","CRT",0.0399002493765586
