"","method","pval"
"1","AMCE",0.515074291433246
"2","CRT",0.00498753117206983
