"","method","pval"
"1","AMCE",0.0486760029442749
"2","CRT",0.0548628428927681
