"","method","pval"
"1","AMCE",0.0277085427085841
"2","CRT",0.00748129675810474
