"","method","pval"
"1","AMCE",0.348482154592596
"2","CRT",0.162094763092269
