"","method","pval"
"1","AMCE",0.184947895230096
"2","CRT",0.0947630922693267
