"","method","pval"
"1","AMCE",0.0165597455482719
"2","CRT",0.00498753117206983
