"","method","pval"
"1","AMCE",0.585042567017655
"2","CRT",0.00498753117206983
