"","method","pval"
"1","AMCE",0.110967209323821
"2","CRT",0.00249376558603491
