"","method","pval"
"1","AMCE",0.123060589280156
"2","CRT",0.0922693266832918
