"","method","pval"
"1","AMCE",0.302575652859578
"2","CRT",0.0623441396508728
