"","method","pval"
"1","AMCE",0.249539618725395
"2","CRT",0.00249376558603491
