"","method","pval"
"1","AMCE",0.518903729323206
"2","CRT",0.688279301745636
