"","method","pval"
"1","AMCE",0.00151947404519572
"2","CRT",0.14713216957606
