"","method","pval"
"1","AMCE",0.258912145733769
"2","CRT",0.329177057356608
