"","method","pval"
"1","AMCE",0.0197861539460021
"2","CRT",0.00249376558603491
