"","method","pval"
"1","AMCE",0.0325381803606664
"2","CRT",0.0648379052369077
