"","method","pval"
"1","AMCE",0.585564240080185
"2","CRT",0.0174563591022444
