"","method","pval"
"1","AMCE",0.111816661875872
"2","CRT",0.960099750623441
