"","method","pval"
"1","AMCE",0.000373243228255606
"2","CRT",0.199501246882793
