"","method","pval"
"1","AMCE",0.00557307464114247
"2","CRT",0.0473815461346633
