"","method","pval"
"1","AMCE",0.0171566036567568
"2","CRT",0.0423940149625935
