"","method","pval"
"1","AMCE",0.145636279862499
"2","CRT",0.0598503740648379
