"","method","pval"
"1","AMCE",0.0215180282778374
"2","CRT",0.00498753117206983
