"","method","pval"
"1","AMCE",0.012599939208247
"2","CRT",0.992518703241895
