"","method","pval"
"1","AMCE",0.0358774250474274
"2","CRT",0.00249376558603491
