"","method","pval"
"1","AMCE",0.0355553599006185
"2","CRT",0.0324189526184539
