"","method","pval"
"1","AMCE",0.00841952619311124
"2","CRT",0.129675810473815
