"","method","pval"
"1","AMCE",0.00436719969704529
"2","CRT",0.00748129675810474
