"","method","pval"
"1","AMCE",0.00707457262375983
"2","CRT",0.00748129675810474
