"","method","pval"
"1","AMCE",0.199248592794424
"2","CRT",0.0199501246882793
