"","method","pval"
"1","AMCE",0.115608856350842
"2","CRT",0.0947630922693267
