"","method","pval"
"1","AMCE",0.0298056584690167
"2","CRT",0.0723192019950125
