"","method","pval"
"1","AMCE",0.0588123369327148
"2","CRT",0.229426433915212
