"","method","pval"
"1","AMCE",0.00389723915356873
"2","CRT",0.057356608478803
