"","method","pval"
"1","AMCE",0.988434812422375
"2","CRT",0.0149625935162095
