"","method","pval"
"1","AMCE",0.560690771292537
"2","CRT",0.234413965087282
