"","method","pval"
"1","AMCE",0.652500369561177
"2","CRT",0.0124688279301746
