"","method","pval"
"1","AMCE",0.951889368933799
"2","CRT",0.481296758104738
