"","method","pval"
"1","AMCE",0.608355333933052
"2","CRT",0.00498753117206983
