"","method","pval"
"1","AMCE",0.577993247381614
"2","CRT",0.241895261845387
