"","method","pval"
"1","AMCE",0.0443337371395028
"2","CRT",0.291770573566085
