"","method","pval"
"1","AMCE",0.00428845755869973
"2","CRT",0.00498753117206983
