"","method","pval"
"1","AMCE",0.0130370170572548
"2","CRT",0.00498753117206983
