"","method","pval"
"1","AMCE",0.0684758293543059
"2","CRT",0.27930174563591
