"","method","pval"
"1","AMCE",0.107745424045205
"2","CRT",0.084788029925187
