"","method","pval"
"1","AMCE",0.71922432345835
"2","CRT",0.0174563591022444
