"","method","pval"
"1","AMCE",0.0271987099325647
"2","CRT",0.00498753117206983
