"","method","pval"
"1","AMCE",0.0232255840558404
"2","CRT",0.13715710723192
