"","method","pval"
"1","AMCE",0.0748912608588405
"2","CRT",0.00748129675810474
