"","method","pval"
"1","AMCE",0.520166260085725
"2","CRT",0.00997506234413965
