"","method","pval"
"1","AMCE",0.0113171224086027
"2","CRT",0.0598503740648379
