"","method","pval"
"1","AMCE",0.0037373874188744
"2","CRT",0.00249376558603491
