"","method","pval"
"1","AMCE",0.159115830737421
"2","CRT",0.618453865336658
