"","method","pval"
"1","AMCE",0.304999090945336
"2","CRT",0.0149625935162095
