"","method","pval"
"1","AMCE",0.00816518597920671
"2","CRT",0.00748129675810474
