"","method","pval"
"1","AMCE",0.72965545433126
"2","CRT",0.29426433915212
