"","method","pval"
"1","AMCE",0.221821968656061
"2","CRT",0.0698254364089776
