"","method","pval"
"1","AMCE",0.335752513627758
"2","CRT",0.226932668329177
