"","method","pval"
"1","AMCE",0.238398117802432
"2","CRT",0.00748129675810474
