"","method","pval"
"1","AMCE",0.151297724788264
"2","CRT",0.0922693266832918
