"","method","pval"
"1","AMCE",0.603871531830465
"2","CRT",0.199501246882793
