"","method","pval"
"1","AMCE",0.512131747527883
"2","CRT",0.718204488778055
