"","method","pval"
"1","AMCE",0.0393756056468343
"2","CRT",0.0174563591022444
