"","method","pval"
"1","AMCE",0.0572994237873656
"2","CRT",0.0947630922693267
