"","method","pval"
"1","AMCE",0.0472988609248975
"2","CRT",0.0748129675810474
