"","method","pval"
"1","AMCE",0.0393003811126804
"2","CRT",0.723192019950125
