"","method","pval"
"1","AMCE",0.0545368721862479
"2","CRT",0.281795511221945
