"","method","pval"
"1","AMCE",0.0750135844832326
"2","CRT",0.027431421446384
