"","method","pval"
"1","AMCE",0.0196052209863224
"2","CRT",0.608478802992519
