"","method","pval"
"1","AMCE",0.677049370411875
"2","CRT",0.0822942643391521
