"","method","pval"
"1","AMCE",0.0934520938832819
"2","CRT",0.00498753117206983
