"","method","pval"
"1","AMCE",0.0370029775163746
"2","CRT",0.00498753117206983
