"","method","pval"
"1","AMCE",0.225920762662524
"2","CRT",0.226932668329177
