"","method","pval"
"1","AMCE",0.0318425266232425
"2","CRT",0.0199501246882793
