"","method","pval"
"1","AMCE",0.122690035202078
"2","CRT",0.0324189526184539
