"","method","pval"
"1","AMCE",0.226424064061422
"2","CRT",0.216957605985037
