"","method","pval"
"1","AMCE",0.00772823516942516
"2","CRT",0.0872817955112219
