"","method","pval"
"1","AMCE",0.169248434215657
"2","CRT",0.917705735660848
