"","method","pval"
"1","AMCE",0.302477676208833
"2","CRT",0.254364089775561
