"","method","pval"
"1","AMCE",0.0282952698507899
"2","CRT",0.00748129675810474
