"","method","pval"
"1","AMCE",0.0563405078316505
"2","CRT",0.0149625935162095
