"","method","pval"
"1","AMCE",0.0559623618150144
"2","CRT",0.00748129675810474
