"","method","pval"
"1","AMCE",0.0403717315840667
"2","CRT",0.0349127182044888
