"","method","pval"
"1","AMCE",0.069382088840069
"2","CRT",0.0598503740648379
