"","method","pval"
"1","AMCE",0.0165444168499627
"2","CRT",0.0174563591022444
