"","method","pval"
"1","AMCE",0.897909500118955
"2","CRT",0.0773067331670823
