"","method","pval"
"1","AMCE",0.541972394869146
"2","CRT",0.548628428927681
