"","method","pval"
"1","AMCE",0.0768906376633882
"2","CRT",0.00249376558603491
