"","method","pval"
"1","AMCE",0.30484740107574
"2","CRT",0.084788029925187
