"","method","pval"
"1","AMCE",0.534196794439363
"2","CRT",0.084788029925187
