"","method","pval"
"1","AMCE",0.0710328575446332
"2","CRT",0.117206982543641
