"","method","pval"
"1","AMCE",0.010698179033889
"2","CRT",0.00748129675810474
