"","method","pval"
"1","AMCE",0.0994772221197256
"2","CRT",0.0374064837905237
