"","method","pval"
"1","AMCE",0.0502282827941453
"2","CRT",0.0249376558603491
