"","method","pval"
"1","AMCE",0.0179503392957578
"2","CRT",0.0822942643391521
