"","method","pval"
"1","AMCE",0.0228029421056039
"2","CRT",0.0748129675810474
