"","method","pval"
"1","AMCE",0.488183771933415
"2","CRT",0.0947630922693267
