"","method","pval"
"1","AMCE",0.00407016219869033
"2","CRT",0.733167082294264
