"","method","pval"
"1","AMCE",0.0221809204115278
"2","CRT",0.0199501246882793
