"","method","pval"
"1","AMCE",0.0838162514512034
"2","CRT",0.0224438902743142
