"","method","pval"
"1","AMCE",0.0546432933911486
"2","CRT",0.0773067331670823
