"","method","pval"
"1","AMCE",0.490555076994499
"2","CRT",0.114713216957606
