"","method","pval"
"1","AMCE",0.00772942483501106
"2","CRT",0.00249376558603491
