"","method","pval"
"1","AMCE",0.0666204611949826
"2","CRT",0.259351620947631
