"","method","pval"
"1","AMCE",0.00670596761863217
"2","CRT",0.00498753117206983
