"","method","pval"
"1","AMCE",0.0355387376862445
"2","CRT",0.0723192019950125
