"","method","pval"
"1","AMCE",0.00242379111296685
"2","CRT",0.376558603491272
