"","method","pval"
"1","AMCE",0.028710163867982
"2","CRT",0.00249376558603491
