"","method","pval"
"1","AMCE",0.0117678246330546
"2","CRT",0.00748129675810474
