"","method","pval"
"1","AMCE",0.692280930145673
"2","CRT",0.00748129675810474
