"","method","pval"
"1","AMCE",0.00141074941939767
"2","CRT",0.236907730673317
