"","method","pval"
"1","AMCE",0.255340460447708
"2","CRT",0.0224438902743142
