"","method","pval"
"1","AMCE",0.0377117808858477
"2","CRT",0.00249376558603491
