"","method","pval"
"1","AMCE",0.0438275274901694
"2","CRT",0.144638403990025
