"","method","pval"
"1","AMCE",0.11612480361328
"2","CRT",0.780548628428928
