"","method","pval"
"1","AMCE",0.0616799946973086
"2","CRT",0.0523690773067332
