"","method","pval"
"1","AMCE",0.161297598902696
"2","CRT",0.543640897755611
