"","method","pval"
"1","AMCE",0.0363601688577863
"2","CRT",0.872817955112219
