"","method","pval"
"1","AMCE",0.0201096059219728
"2","CRT",0.0224438902743142
