"","method","pval"
"1","AMCE",0.119733643996216
"2","CRT",0.635910224438903
