"","method","pval"
"1","AMCE",0.0423136336067941
"2","CRT",0.00249376558603491
