"","method","pval"
"1","AMCE",0.031579858147884
"2","CRT",0.0124688279301746
