"","method","pval"
"1","AMCE",0.0853176187417283
"2","CRT",0.0149625935162095
