"","method","pval"
"1","AMCE",0.67318660930117
"2","CRT",0.159600997506234
