"","method","pval"
"1","AMCE",0.0215594713317215
"2","CRT",0.0199501246882793
