"","method","pval"
"1","AMCE",0.469893843179944
"2","CRT",0.0124688279301746
