"","method","pval"
"1","AMCE",0.276403438156122
"2","CRT",0.119700748129676
