"","method","pval"
"1","AMCE",0.124617034110622
"2","CRT",0.802992518703242
