"","method","pval"
"1","AMCE",0.2245963367607
"2","CRT",0.13715710723192
