"","method","pval"
"1","AMCE",0.0325740846344841
"2","CRT",0.00997506234413965
