"","method","pval"
"1","AMCE",0.0141436857384648
"2","CRT",0.00997506234413965
