"","method","pval"
"1","AMCE",0.0394677328084333
"2","CRT",0.00498753117206983
