"","method","pval"
"1","AMCE",0.0351692288117053
"2","CRT",0.708229426433915
