"","method","pval"
"1","AMCE",0.37100360313837
"2","CRT",0.00249376558603491
