"","method","pval"
"1","AMCE",0.0335109525301364
"2","CRT",0.216957605985037
