"","method","pval"
"1","AMCE",0.121217136921759
"2","CRT",0.0673316708229426
