"","method","pval"
"1","AMCE",0.0622065097557883
"2","CRT",0.0149625935162095
