"","method","pval"
"1","AMCE",0.711698936488262
"2","CRT",0.00748129675810474
