"","method","pval"
"1","AMCE",0.00765534736535184
"2","CRT",0.71072319201995
