"","method","pval"
"1","AMCE",0.016061349769834
"2","CRT",0.491271820448878
