"","method","pval"
"1","AMCE",0.101367188187279
"2","CRT",0.0723192019950125
