"","method","pval"
"1","AMCE",0.00304332125321033
"2","CRT",0.0872817955112219
