"","method","pval"
"1","AMCE",0.513646462893811
"2","CRT",0.55860349127182
