"","method","pval"
"1","AMCE",0.0959188943828342
"2","CRT",0.316708229426434
