"","method","pval"
"1","AMCE",0.0742885099614323
"2","CRT",0.084788029925187
