"","method","pval"
"1","AMCE",0.0325121858999647
"2","CRT",0.0174563591022444
