"","method","pval"
"1","AMCE",0.119483428979247
"2","CRT",0.0997506234413965
