"","method","pval"
"1","AMCE",0.0260260488137139
"2","CRT",0.162094763092269
