"","method","pval"
"1","AMCE",0.806904504202298
"2","CRT",0.0224438902743142
