"","method","pval"
"1","AMCE",0.0218301807640295
"2","CRT",0.211970074812968
