"","method","pval"
"1","AMCE",0.123724968150428
"2","CRT",0.865336658354115
