"","method","pval"
"1","AMCE",0.00500703903738441
"2","CRT",0.149625935162095
