"","method","pval"
"1","AMCE",0.0954744425328067
"2","CRT",0.0174563591022444
