"","method","pval"
"1","AMCE",0.00864584389644038
"2","CRT",0.029925187032419
