"","method","pval"
"1","AMCE",0.00152913999114889
"2","CRT",0.149625935162095
