"","method","pval"
"1","AMCE",0.182119667368062
"2","CRT",0.00748129675810474
