"","method","pval"
"1","AMCE",0.0493085542939222
"2","CRT",0.00748129675810474
