"","method","pval"
"1","AMCE",0.142492555471161
"2","CRT",0.0897755610972569
