"","method","pval"
"1","AMCE",0.51483335780998
"2","CRT",0.451371571072319
