"","method","pval"
"1","AMCE",0.0500980688715603
"2","CRT",0.0199501246882793
