"","method","pval"
"1","AMCE",0.991250565634648
"2","CRT",0.00249376558603491
