"","method","pval"
"1","AMCE",0.074493567374036
"2","CRT",0.00498753117206983
