"","method","pval"
"1","AMCE",0.443410402737982
"2","CRT",0.713216957605985
