"","method","pval"
"1","AMCE",0.00862928630140453
"2","CRT",0.0798004987531172
