"","method","pval"
"1","AMCE",0.456054438805026
"2","CRT",0.897755610972569
