"","method","pval"
"1","AMCE",0.463312613883611
"2","CRT",0.057356608478803
