"","method","pval"
"1","AMCE",0.00832523452014882
"2","CRT",0.0822942643391521
