"","method","pval"
"1","AMCE",0.0105019839905603
"2","CRT",0.329177057356608
