"","method","pval"
"1","AMCE",0.10776864699516
"2","CRT",0.0149625935162095
