"","method","pval"
"1","AMCE",0.0168932471929445
"2","CRT",0.0149625935162095
