"","method","pval"
"1","AMCE",0.306445588327585
"2","CRT",0.0199501246882793
