"","method","pval"
"1","AMCE",0.270237128298427
"2","CRT",0.00249376558603491
