"","method","pval"
"1","AMCE",0.00952128621523633
"2","CRT",0.0548628428927681
