"","method","pval"
"1","AMCE",0.127157756238277
"2","CRT",0.0399002493765586
