"","method","pval"
"1","AMCE",0.0312391243445169
"2","CRT",0.660847880299252
