"","method","pval"
"1","AMCE",0.330743514864688
"2","CRT",0.0972568578553616
