"","method","pval"
"1","AMCE",0.522623147555985
"2","CRT",0.269326683291771
