"","method","pval"
"1","AMCE",0.0151613048661093
"2","CRT",0.00498753117206983
