"","method","pval"
"1","AMCE",0.00433998176104408
"2","CRT",0.443890274314214
