"","method","pval"
"1","AMCE",0.226569143375412
"2","CRT",0.0124688279301746
