"","method","pval"
"1","AMCE",0.00344136633491094
"2","CRT",0.00997506234413965
