"","method","pval"
"1","AMCE",0.344199589832058
"2","CRT",0.43640897755611
