"","method","pval"
"1","AMCE",0.395259384662226
"2","CRT",0.0723192019950125
