"","method","pval"
"1","AMCE",0.0382668200612643
"2","CRT",0.0224438902743142
