"","method","pval"
"1","AMCE",0.00996830135552157
"2","CRT",0.72069825436409
