"","method","pval"
"1","AMCE",0.311790872167276
"2","CRT",0.795511221945137
