"","method","pval"
"1","AMCE",0.0305981620503661
"2","CRT",0.0498753117206983
