"","method","pval"
"1","AMCE",0.591149623587061
"2","CRT",0.00249376558603491
