"","method","pval"
"1","AMCE",0.554180479355974
"2","CRT",0.00249376558603491
