"","method","pval"
"1","AMCE",0.0142511142858358
"2","CRT",0.0174563591022444
