"","method","pval"
"1","AMCE",0.0994068974416452
"2","CRT",0.00249376558603491
