"","method","pval"
"1","AMCE",0.0693431926974277
"2","CRT",0.00997506234413965
