"","method","pval"
"1","AMCE",0.0410112959069752
"2","CRT",0.0174563591022444
