"","method","pval"
"1","AMCE",0.081019421844541
"2","CRT",0.0748129675810474
