"","method","pval"
"1","AMCE",0.0489759138240196
"2","CRT",0.129675810473815
