"","method","pval"
"1","AMCE",0.0716460759078553
"2","CRT",0.00498753117206983
