"","method","pval"
"1","AMCE",0.0980821635148462
"2","CRT",0.364089775561097
