"","method","pval"
"1","AMCE",0.267390603049662
"2","CRT",0.00748129675810474
