"","method","pval"
"1","AMCE",0.119048423772254
"2","CRT",0.356608478802993
