"","method","pval"
"1","AMCE",0.253967925232621
"2","CRT",0.0897755610972569
