"","method","pval"
"1","AMCE",0.570245552321562
"2","CRT",0.0473815461346633
