"","method","pval"
"1","AMCE",0.522624012403247
"2","CRT",0.0249376558603491
