"","method","pval"
"1","AMCE",0.0540228179848075
"2","CRT",0.0648379052369077
