"","method","pval"
"1","AMCE",0.0960103518552281
"2","CRT",0.0598503740648379
