"","method","pval"
"1","AMCE",0.00109553336743288
"2","CRT",0.00748129675810474
