"","method","pval"
"1","AMCE",9.14552675741059e-06
"2","CRT",0.0623441396508728
