"","method","pval"
"1","AMCE",0.0197120324110359
"2","CRT",0.586034912718205
