"","method","pval"
"1","AMCE",0.0127029853060924
"2","CRT",0.00249376558603491
