"","method","pval"
"1","AMCE",0.00183940464369333
"2","CRT",0.00498753117206983
