"","method","pval"
"1","AMCE",0.00329603939623531
"2","CRT",0.00249376558603491
