"","method","pval"
"1","AMCE",0.007843557054735
"2","CRT",0.221945137157107
