"","method","pval"
"1","AMCE",0.706672323343772
"2","CRT",0.172069825436409
