"","method","pval"
"1","AMCE",0.0710293209058668
"2","CRT",0.0473815461346633
