"","method","pval"
"1","AMCE",0.0400058829974693
"2","CRT",0.0124688279301746
