"","method","pval"
"1","AMCE",0.284813353554392
"2","CRT",0.00997506234413965
