"","method","pval"
"1","AMCE",0.0306535944550938
"2","CRT",0.00249376558603491
