"","method","pval"
"1","AMCE",0.0354818705186018
"2","CRT",0.00748129675810474
