"","method","pval"
"1","AMCE",0.00185699877191148
"2","CRT",0.0324189526184539
