"","method","pval"
"1","AMCE",0.0134942812367113
"2","CRT",0.538653366583541
