"","method","pval"
"1","AMCE",0.0359331093714716
"2","CRT",0.0698254364089776
