"","method","pval"
"1","AMCE",0.686593211051055
"2","CRT",0.00748129675810474
