"","method","pval"
"1","AMCE",0.0756148323351048
"2","CRT",0.192019950124688
