"","method","pval"
"1","AMCE",0.182038081211138
"2","CRT",0.104738154613466
