"","method","pval"
"1","AMCE",0.0246552603762217
"2","CRT",0.00249376558603491
