"","method","pval"
"1","AMCE",0.002541814036248
"2","CRT",0.346633416458853
