"","method","pval"
"1","AMCE",0.115097729699932
"2","CRT",0.239401496259352
