"","method","pval"
"1","AMCE",0.0549919988528784
"2","CRT",0.112219451371571
