"","method","pval"
"1","AMCE",0.222687323699002
"2","CRT",0.0324189526184539
