"","method","pval"
"1","AMCE",0.958887177902542
"2","CRT",0.00249376558603491
