"","method","pval"
"1","AMCE",0.0122359993843109
"2","CRT",0.00748129675810474
