"","method","pval"
"1","AMCE",0.0108802568164834
"2","CRT",0.0149625935162095
