"","method","pval"
"1","AMCE",0.968369116674085
"2","CRT",0.0723192019950125
