"","method","pval"
"1","AMCE",0.0125334746334814
"2","CRT",0.00249376558603491
