"","method","pval"
"1","AMCE",0.0140947381712328
"2","CRT",0.167082294264339
