"","method","pval"
"1","AMCE",0.174992234428
"2","CRT",0.00748129675810474
