"","method","pval"
"1","AMCE",0.100309736156862
"2","CRT",0.1571072319202
