"","method","pval"
"1","AMCE",0.0796025304355952
"2","CRT",0.159600997506234
