"","method","pval"
"1","AMCE",0.114431605040825
"2","CRT",0.0698254364089776
