"","method","pval"
"1","AMCE",0.234162066835467
"2","CRT",0.00748129675810474
