"","method","pval"
"1","AMCE",0.0838321373418648
"2","CRT",0.0174563591022444
