"","method","pval"
"1","AMCE",0.00737247957592045
"2","CRT",0.28927680798005
