"","method","pval"
"1","AMCE",0.0234315490480662
"2","CRT",0.41645885286783
