"","method","pval"
"1","AMCE",0.147243517458035
"2","CRT",0.0349127182044888
