"","method","pval"
"1","AMCE",0.824342004080918
"2","CRT",0.122194513715711
