"","method","pval"
"1","AMCE",0.558285794226131
"2","CRT",0.713216957605985
