"","method","pval"
"1","AMCE",0.0495058168243021
"2","CRT",0.139650872817955
