"","method","pval"
"1","AMCE",0.00959074159971297
"2","CRT",0.00748129675810474
