"","method","pval"
"1","AMCE",0.00754359719378199
"2","CRT",0.214463840399002
