"","method","pval"
"1","AMCE",0.179003192228918
"2","CRT",0.00748129675810474
