"","method","pval"
"1","AMCE",0.0080152737402791
"2","CRT",0.376558603491272
