"","method","pval"
"1","AMCE",0.029672917489533
"2","CRT",0.00748129675810474
