"","method","pval"
"1","AMCE",0.0191264353303718
"2","CRT",0.154613466334165
