"","method","pval"
"1","AMCE",0.0237424986887287
"2","CRT",0.00249376558603491
