"","method","pval"
"1","AMCE",0.0201821722696377
"2","CRT",0.249376558603491
