"","method","pval"
"1","AMCE",0.0124513110212416
"2","CRT",0.70074812967581
