"","method","pval"
"1","AMCE",0.00866638187498702
"2","CRT",0.00249376558603491
