"","method","pval"
"1","AMCE",0.0420023442599381
"2","CRT",0.0199501246882793
