"","method","pval"
"1","AMCE",0.195146711826729
"2","CRT",0.0199501246882793
