"","method","pval"
"1","AMCE",0.283372842678303
"2","CRT",0.0598503740648379
