"","method","pval"
"1","AMCE",0.574127476806059
"2","CRT",0.0199501246882793
