"","method","pval"
"1","AMCE",0.0595961629101692
"2","CRT",0.00498753117206983
