"","method","pval"
"1","AMCE",0.0372347215899746
"2","CRT",0.00997506234413965
