"","method","pval"
"1","AMCE",0.0668066041369901
"2","CRT",0.00748129675810474
