"","method","pval"
"1","AMCE",0.00982397989089538
"2","CRT",0.850374064837905
