"","method","pval"
"1","AMCE",0.0204777572586257
"2","CRT",0.930174563591022
