"","method","pval"
"1","AMCE",0.751284316963832
"2","CRT",0.192019950124688
