"","method","pval"
"1","AMCE",0.0458461645354061
"2","CRT",0.00748129675810474
