"","method","pval"
"1","AMCE",0.974263937181704
"2","CRT",0.0374064837905237
