"","method","pval"
"1","AMCE",0.0933783296989672
"2","CRT",0.329177057356608
