"","method","pval"
"1","AMCE",0.0390317112650128
"2","CRT",0.149625935162095
