"","method","pval"
"1","AMCE",0.0222285530086261
"2","CRT",0.0324189526184539
