"","method","pval"
"1","AMCE",0.0517109456184022
"2","CRT",0.730673316708229
