"","method","pval"
"1","AMCE",0.0253733542814218
"2","CRT",0.119700748129676
