"","method","pval"
"1","AMCE",0.0141082707357092
"2","CRT",0.00498753117206983
