"","method","pval"
"1","AMCE",0.053203076273441
"2","CRT",0.206982543640898
