"","method","pval"
"1","AMCE",0.0436427626898239
"2","CRT",0.0199501246882793
