"","method","pval"
"1","AMCE",0.280839162477984
"2","CRT",0.0374064837905237
