"","method","pval"
"1","AMCE",0.274227852891822
"2","CRT",0.0174563591022444
