"","method","pval"
"1","AMCE",0.0321209109181539
"2","CRT",0.00249376558603491
