"","method","pval"
"1","AMCE",0.0110506655431921
"2","CRT",0.00249376558603491
