"","method","pval"
"1","AMCE",0.536664433986083
"2","CRT",0.00748129675810474
