"","method","pval"
"1","AMCE",0.853993877867247
"2","CRT",0.0922693266832918
