"","method","pval"
"1","AMCE",0.238776642819686
"2","CRT",0.0399002493765586
