"","method","pval"
"1","AMCE",0.000984516445982823
"2","CRT",0.29925187032419
