"","method","pval"
"1","AMCE",0.0655015190932444
"2","CRT",0.14214463840399
