"","method","pval"
"1","AMCE",0.131429035996727
"2","CRT",0.00748129675810474
