"","method","pval"
"1","AMCE",0.532987022350651
"2","CRT",0.00498753117206983
