"","method","pval"
"1","AMCE",0.0521435374455729
"2","CRT",0.1571072319202
