"","method","pval"
"1","AMCE",0.0418758946738118
"2","CRT",0.790523690773067
