"","method","pval"
"1","AMCE",0.537905846896949
"2","CRT",0.00249376558603491
