"","method","pval"
"1","AMCE",0.0358781245437387
"2","CRT",0.00498753117206983
