"","method","pval"
"1","AMCE",0.0602933809584335
"2","CRT",0.0249376558603491
