"","method","pval"
"1","AMCE",0.445434269523265
"2","CRT",0.134663341645885
