"","method","pval"
"1","AMCE",0.165228728651637
"2","CRT",0.0149625935162095
