"","method","pval"
"1","AMCE",0.900167725877585
"2","CRT",0.192019950124688
