"","method","pval"
"1","AMCE",0.0145741832466225
"2","CRT",0.149625935162095
