"","method","pval"
"1","AMCE",0.0966225988409034
"2","CRT",0.00997506234413965
