"","method","pval"
"1","AMCE",0.316158382344413
"2","CRT",0.114713216957606
