"","method","pval"
"1","AMCE",0.119254209318346
"2","CRT",0.341645885286783
