"","method","pval"
"1","AMCE",0.0980637943472854
"2","CRT",0.70074812967581
