"","method","pval"
"1","AMCE",0.0843591038013277
"2","CRT",0.0399002493765586
