"","method","pval"
"1","AMCE",0.781395421852435
"2","CRT",0.0822942643391521
