"","method","pval"
"1","AMCE",0.0599193013720259
"2","CRT",0.0249376558603491
