"","method","pval"
"1","AMCE",0.0151422102616677
"2","CRT",0.643391521197007
