"","method","pval"
"1","AMCE",0.0484567616381964
"2","CRT",0.0249376558603491
