"","method","pval"
"1","AMCE",0.0391549208305564
"2","CRT",0.0224438902743142
