"","method","pval"
"1","AMCE",0.109820580016679
"2","CRT",0.029925187032419
