"","method","pval"
"1","AMCE",0.759260821999292
"2","CRT",0.00748129675810474
