"","method","pval"
"1","AMCE",0.401945566147214
"2","CRT",0.0149625935162095
