"","method","pval"
"1","AMCE",0.01735276456178
"2","CRT",0.00249376558603491
