"","method","pval"
"1","AMCE",0.564049710730927
"2","CRT",0.029925187032419
