"","method","pval"
"1","AMCE",0.265509835039086
"2","CRT",0.204488778054863
