"","method","pval"
"1","AMCE",0.794416833246415
"2","CRT",0.354114713216958
