"","method","pval"
"1","AMCE",0.314769527202218
"2","CRT",0.00997506234413965
