"","method","pval"
"1","AMCE",0.121123425752546
"2","CRT",0.453865336658354
