"","method","pval"
"1","AMCE",0.501161439051646
"2","CRT",0.00748129675810474
