"","method","pval"
"1","AMCE",0.202213863431958
"2","CRT",0.778054862842893
