"","method","pval"
"1","AMCE",0.00411297992291346
"2","CRT",0.0124688279301746
