"","method","pval"
"1","AMCE",0.00371690225715816
"2","CRT",0.00249376558603491
