"","method","pval"
"1","AMCE",0.108672953825957
"2","CRT",0.0224438902743142
