"","method","pval"
"1","AMCE",0.156179129254348
"2","CRT",0.00249376558603491
