"","method","pval"
"1","AMCE",0.407016616566994
"2","CRT",0.00498753117206983
