"","method","pval"
"1","AMCE",0.179411618062132
"2","CRT",0.236907730673317
