"","method","pval"
"1","AMCE",0.10398459763796
"2","CRT",0.13715710723192
