"","method","pval"
"1","AMCE",0.0189597620121297
"2","CRT",0.0199501246882793
