"","method","pval"
"1","AMCE",0.167386065078695
"2","CRT",0.286783042394015
