"","method","pval"
"1","AMCE",0.702955388282858
"2","CRT",0.00249376558603491
