"","method","pval"
"1","AMCE",0.00035761959310257
"2","CRT",0.0548628428927681
