"","method","pval"
"1","AMCE",0.0603144375006126
"2","CRT",0.00249376558603491
