"","method","pval"
"1","AMCE",0.281546843764594
"2","CRT",0.00249376558603491
