"","method","pval"
"1","AMCE",0.143573251387327
"2","CRT",0.00997506234413965
