"","method","pval"
"1","AMCE",0.114782282931336
"2","CRT",0.122194513715711
