"","method","pval"
"1","AMCE",0.0656608632816774
"2","CRT",0.139650872817955
