"","method","pval"
"1","AMCE",0.140656078383834
"2","CRT",0.00249376558603491
