"","method","pval"
"1","AMCE",0.0101707055602837
"2","CRT",0.057356608478803
