"","method","pval"
"1","AMCE",0.0584303681197701
"2","CRT",0.139650872817955
