"","method","pval"
"1","AMCE",0.0231604767355958
"2","CRT",0.29426433915212
