"","method","pval"
"1","AMCE",0.067057584710821
"2","CRT",0.394014962593516
