"","method","pval"
"1","AMCE",0.0149411452475677
"2","CRT",0.0199501246882793
