"","method","pval"
"1","AMCE",0.00225630378772211
"2","CRT",0.00498753117206983
