"","method","pval"
"1","AMCE",0.0686577294540349
"2","CRT",0.00249376558603491
