"","method","pval"
"1","AMCE",0.36093829927357
"2","CRT",0.0399002493765586
