"","method","pval"
"1","AMCE",0.380509001607261
"2","CRT",0.0897755610972569
