"","method","pval"
"1","AMCE",0.0199900016973629
"2","CRT",0.0473815461346633
