"","method","pval"
"1","AMCE",0.0830355246116459
"2","CRT",0.00748129675810474
