"","method","pval"
"1","AMCE",0.108972060599025
"2","CRT",0.00249376558603491
