"","method","pval"
"1","AMCE",0.00361494535544084
"2","CRT",0.0174563591022444
