"","method","pval"
"1","AMCE",0.348044630785977
"2","CRT",0.00249376558603491
