"","method","pval"
"1","AMCE",0.359670770689443
"2","CRT",0.366583541147132
