"","method","pval"
"1","AMCE",0.0556832006091398
"2","CRT",0.00249376558603491
