"","method","pval"
"1","AMCE",0.00492257007059706
"2","CRT",0.0349127182044888
