"","method","pval"
"1","AMCE",0.882988214347945
"2","CRT",0.15211970074813
