"","method","pval"
"1","AMCE",0.00026684417531841
"2","CRT",0.0548628428927681
