"","method","pval"
"1","AMCE",0.261527861387879
"2","CRT",0.027431421446384
