"","method","pval"
"1","AMCE",0.0280057562991832
"2","CRT",0.0698254364089776
