"","method","pval"
"1","AMCE",0.139091681865214
"2","CRT",0.0174563591022444
