"","method","pval"
"1","AMCE",0.0388108921619361
"2","CRT",0.324189526184539
