"","method","pval"
"1","AMCE",0.0208901114485138
"2","CRT",0.00748129675810474
