"","method","pval"
"1","AMCE",0.16144831408767
"2","CRT",0.788029925187032
