"","method","pval"
"1","AMCE",0.0727727380057585
"2","CRT",0.057356608478803
