"","method","pval"
"1","AMCE",0.0461674479943952
"2","CRT",0.1571072319202
