"","method","pval"
"1","AMCE",0.135000322850923
"2","CRT",0.00249376558603491
