"","method","pval"
"1","AMCE",0.030839728257698
"2","CRT",0.832917705735661
