"","method","pval"
"1","AMCE",0.0518358967580539
"2","CRT",0.00249376558603491
