"","method","pval"
"1","AMCE",0.655504096196483
"2","CRT",0.0349127182044888
