"","method","pval"
"1","AMCE",0.0946440130040561
"2","CRT",0.14713216957606
