"","method","pval"
"1","AMCE",0.883163385313411
"2","CRT",0.00498753117206983
