"","method","pval"
"1","AMCE",0.099133719966492
"2","CRT",0.00498753117206983
