"","method","pval"
"1","AMCE",0.0794198719373857
"2","CRT",0.206982543640898
