"","method","pval"
"1","AMCE",0.256042397236705
"2","CRT",0.00249376558603491
