"","method","pval"
"1","AMCE",0.298924853555913
"2","CRT",0.00498753117206983
