"","method","pval"
"1","AMCE",0.025158229755311
"2","CRT",0.0224438902743142
