"","method","pval"
"1","AMCE",0.306402242683236
"2","CRT",0.0349127182044888
