"","method","pval"
"1","AMCE",0.213883506736265
"2","CRT",0.0523690773067332
