"","method","pval"
"1","AMCE",0.515072016172471
"2","CRT",0.144638403990025
