"","method","pval"
"1","AMCE",0.00864900162545583
"2","CRT",0.00498753117206983
