"","method","pval"
"1","AMCE",0.00464981924905174
"2","CRT",0.027431421446384
