"","method","pval"
"1","AMCE",0.0423177224711379
"2","CRT",0.349127182044888
