"","method","pval"
"1","AMCE",0.513687285065954
"2","CRT",0.0174563591022444
