"","method","pval"
"1","AMCE",0.0596503612685586
"2","CRT",0.349127182044888
