"","method","pval"
"1","AMCE",0.181879108518367
"2","CRT",0.139650872817955
