"","method","pval"
"1","AMCE",0.337545530702598
"2","CRT",0.154613466334165
