"","method","pval"
"1","AMCE",0.829857886603836
"2","CRT",0.55860349127182
