"","method","pval"
"1","AMCE",0.0399182192972334
"2","CRT",0.167082294264339
