"","method","pval"
"1","AMCE",0.022912864664164
"2","CRT",0.0698254364089776
