"","method","pval"
"1","AMCE",0.63354956085472
"2","CRT",0.0199501246882793
