"","method","pval"
"1","AMCE",0.17222978351431
"2","CRT",0.00748129675810474
