"","method","pval"
"1","AMCE",0.0945529169035045
"2","CRT",0.0798004987531172
