"","method","pval"
"1","AMCE",0.831028863872706
"2","CRT",0.00249376558603491
