"","method","pval"
"1","AMCE",0.00949785465431404
"2","CRT",0.00249376558603491
