"","method","pval"
"1","AMCE",0.00276606579156324
"2","CRT",0.00498753117206983
