"","method","pval"
"1","AMCE",0.00411132770220366
"2","CRT",0.0972568578553616
