"","method","pval"
"1","AMCE",0.00875581114344885
"2","CRT",0.00997506234413965
