"","method","pval"
"1","AMCE",0.00465225365978325
"2","CRT",0.630922693266833
