"","method","pval"
"1","AMCE",0.201405287550048
"2","CRT",0.0947630922693267
