"","method","pval"
"1","AMCE",0.0225111032311183
"2","CRT",0.0997506234413965
