"","method","pval"
"1","AMCE",0.00104397275203632
"2","CRT",0.633416458852868
