"","method","pval"
"1","AMCE",0.487030080274798
"2","CRT",0.0199501246882793
