"","method","pval"
"1","AMCE",0.124669790504438
"2","CRT",0.0224438902743142
