"","method","pval"
"1","AMCE",0.396270488752457
"2","CRT",0.0199501246882793
