"","method","pval"
"1","AMCE",0.00197558210913408
"2","CRT",0.14214463840399
