"","method","pval"
"1","AMCE",0.0042936494009171
"2","CRT",0.144638403990025
