"","method","pval"
"1","AMCE",0.0115942578954383
"2","CRT",0.144638403990025
