"","method","pval"
"1","AMCE",0.615685260858997
"2","CRT",0.199501246882793
