"","method","pval"
"1","AMCE",0.49791162293868
"2","CRT",0.28428927680798
