"","method","pval"
"1","AMCE",0.00286807209514478
"2","CRT",0.00498753117206983
