"","method","pval"
"1","AMCE",0.940875483769854
"2","CRT",0.0698254364089776
