"","method","pval"
"1","AMCE",0.120431002438424
"2","CRT",0.0399002493765586
