"","method","pval"
"1","AMCE",0.00395545197218739
"2","CRT",0.264339152119701
