"","method","pval"
"1","AMCE",0.0232885835476446
"2","CRT",0.0972568578553616
