"","method","pval"
"1","AMCE",0.0188605338917576
"2","CRT",0.102244389027431
