"","method","pval"
"1","AMCE",0.0651035706670792
"2","CRT",0.690773067331671
