"","method","pval"
"1","AMCE",0.00263027176155894
"2","CRT",0.932668329177057
