"","method","pval"
"1","AMCE",0.00276588590314678
"2","CRT",0.381546134663342
