"","method","pval"
"1","AMCE",0.894927393609988
"2","CRT",0.57356608478803
