"","method","pval"
"1","AMCE",0.136585542572725
"2","CRT",0.084788029925187
