"","method","pval"
"1","AMCE",0.323140028856779
"2","CRT",0.149625935162095
