"","method","pval"
"1","AMCE",0.0599981907370474
"2","CRT",0.458852867830424
