"","method","pval"
"1","AMCE",0.479421202063265
"2","CRT",0.057356608478803
