"","method","pval"
"1","AMCE",0.0733363624339264
"2","CRT",0.124688279301746
