"","method","pval"
"1","AMCE",0.66403300789528
"2","CRT",0.00748129675810474
