"","method","pval"
"1","AMCE",0.0433892241203617
"2","CRT",0.00249376558603491
