"","method","pval"
"1","AMCE",0.38166395561033
"2","CRT",0.199501246882793
