"","method","pval"
"1","AMCE",0.60744192772555
"2","CRT",0.00498753117206983
