"","method","pval"
"1","AMCE",0.227680826709601
"2","CRT",0.109725685785536
