"","method","pval"
"1","AMCE",0.0909891624910957
"2","CRT",0.690773067331671
