"","method","pval"
"1","AMCE",0.00406330812082483
"2","CRT",0.0124688279301746
