"","method","pval"
"1","AMCE",0.552968170080296
"2","CRT",0.865336658354115
