"","method","pval"
"1","AMCE",0.46196159813085
"2","CRT",0.027431421446384
