"","method","pval"
"1","AMCE",0.503983514245793
"2","CRT",0.236907730673317
