"","method","pval"
"1","AMCE",0.733733622535301
"2","CRT",0.0473815461346633
