"","method","pval"
"1","AMCE",0.785621517810387
"2","CRT",0.154613466334165
