"","method","pval"
"1","AMCE",0.249558119257807
"2","CRT",0.0124688279301746
