"","method","pval"
"1","AMCE",0.102870609202626
"2","CRT",0.0623441396508728
