"","method","pval"
"1","AMCE",0.00449628185846948
"2","CRT",0.057356608478803
