"","method","pval"
"1","AMCE",0.307580260561694
"2","CRT",0.471321695760599
