"","method","pval"
"1","AMCE",0.128691645900346
"2","CRT",0.00249376558603491
