"","method","pval"
"1","AMCE",0.545583378394739
"2","CRT",0.581047381546135
