"","method","pval"
"1","AMCE",0.170035686054749
"2","CRT",0.0473815461346633
