"","method","pval"
"1","AMCE",0.0095451755419342
"2","CRT",0.00498753117206983
