"","method","pval"
"1","AMCE",0.0323130114628727
"2","CRT",0.211970074812968
