"","method","pval"
"1","AMCE",0.0219065009825745
"2","CRT",0.364089775561097
