"","method","pval"
"1","AMCE",0.0106812829212669
"2","CRT",0.0598503740648379
