"","method","pval"
"1","AMCE",0.118011160967001
"2","CRT",0.673316708229426
