"","method","pval"
"1","AMCE",0.0164891525398953
"2","CRT",0.00748129675810474
