"","method","pval"
"1","AMCE",0.0635930690026582
"2","CRT",0.471321695760599
