"","method","pval"
"1","AMCE",0.0271801895675871
"2","CRT",0.531172069825436
