"","method","pval"
"1","AMCE",0.685755065054164
"2","CRT",0.0124688279301746
