"","method","pval"
"1","AMCE",0.0292072056066947
"2","CRT",0.00748129675810474
