"","method","pval"
"1","AMCE",0.113377546255717
"2","CRT",0.0124688279301746
