"","method","pval"
"1","AMCE",0.0297894834664091
"2","CRT",0.0423940149625935
