"","method","pval"
"1","AMCE",0.0502364479589083
"2","CRT",0.561097256857855
