"","method","pval"
"1","AMCE",0.0459061187491364
"2","CRT",0.00498753117206983
