"","method","pval"
"1","AMCE",0.00296104237998195
"2","CRT",0.0498753117206983
