"","method","pval"
"1","AMCE",0.997635217760496
"2","CRT",0.00498753117206983
