"","method","pval"
"1","AMCE",0.659225641215017
"2","CRT",0.029925187032419
