"","method","pval"
"1","AMCE",0.0599624368404732
"2","CRT",0.211970074812968
