"","method","pval"
"1","AMCE",0.00619483036305707
"2","CRT",0.0374064837905237
