"","method","pval"
"1","AMCE",0.0137186878367796
"2","CRT",0.0623441396508728
