"","method","pval"
"1","AMCE",0.942104675658065
"2","CRT",0.00748129675810474
