"","method","pval"
"1","AMCE",0.641869122812914
"2","CRT",0.0498753117206983
