"","method","pval"
"1","AMCE",0.414940114340826
"2","CRT",0.0249376558603491
