"","method","pval"
"1","AMCE",0.669593314857618
"2","CRT",0.586034912718205
