"","method","pval"
"1","AMCE",0.0876084333247844
"2","CRT",0.00249376558603491
