"","method","pval"
"1","AMCE",0.0566677015011845
"2","CRT",0.0149625935162095
