"","method","pval"
"1","AMCE",0.835013274273081
"2","CRT",0.0124688279301746
