"","method","pval"
"1","AMCE",0.671785369942776
"2","CRT",0.0598503740648379
