"","method","pval"
"1","AMCE",0.0479850456322842
"2","CRT",0.00498753117206983
