"","method","pval"
"1","AMCE",0.0345091728592548
"2","CRT",0.00249376558603491
