"","method","pval"
"1","AMCE",0.0112259746910631
"2","CRT",0.730673316708229
