"","method","pval"
"1","AMCE",0.00459548903586659
"2","CRT",0.084788029925187
