"","method","pval"
"1","AMCE",0.0175274653495009
"2","CRT",0.00249376558603491
