"","method","pval"
"1","AMCE",0.355569815968063
"2","CRT",0.00249376558603491
