"","method","pval"
"1","AMCE",0.00782896134447138
"2","CRT",0.00997506234413965
