"","method","pval"
"1","AMCE",0.0875881785313953
"2","CRT",0.00249376558603491
