"","method","pval"
"1","AMCE",0.0397216631529076
"2","CRT",0.139650872817955
