"","method","pval"
"1","AMCE",0.262959380455559
"2","CRT",0.0149625935162095
