"","method","pval"
"1","AMCE",0.0219971444139523
"2","CRT",0.0448877805486284
