"","method","pval"
"1","AMCE",0.0555469527260695
"2","CRT",0.167082294264339
