"","method","pval"
"1","AMCE",0.233748049330567
"2","CRT",0.00997506234413965
