"","method","pval"
"1","AMCE",0.188399648388667
"2","CRT",0.00997506234413965
