"","method","pval"
"1","AMCE",0.000241235091054179
"2","CRT",0.00997506234413965
