"","method","pval"
"1","AMCE",0.0991499296461844
"2","CRT",0.00249376558603491
