"","method","pval"
"1","AMCE",0.03648402961583
"2","CRT",0.0648379052369077
