"","method","pval"
"1","AMCE",0.0570547059076723
"2","CRT",0.246882793017456
