"","method","pval"
"1","AMCE",0.129450239443662
"2","CRT",0.44139650872818
