"","method","pval"
"1","AMCE",0.0636928136003147
"2","CRT",0.00249376558603491
