"","method","pval"
"1","AMCE",0.060823897313275
"2","CRT",0.0124688279301746
