"","method","pval"
"1","AMCE",0.218916088852009
"2","CRT",0.0124688279301746
