"","method","pval"
"1","AMCE",0.519801279977716
"2","CRT",0.0174563591022444
