"","method","pval"
"1","AMCE",0.0224019656540007
"2","CRT",0.00997506234413965
