"","method","pval"
"1","AMCE",0.0202602685207334
"2","CRT",0.543640897755611
