"","method","pval"
"1","AMCE",0.719257327906277
"2","CRT",0.473815461346633
