"","method","pval"
"1","AMCE",0.0232135999023922
"2","CRT",0.189526184538653
