"","method","pval"
"1","AMCE",0.471331996157812
"2","CRT",0.139650872817955
