"","method","pval"
"1","AMCE",0.0744982348428769
"2","CRT",0.0349127182044888
