"","method","pval"
"1","AMCE",0.0341192439155853
"2","CRT",0.00498753117206983
