"","method","pval"
"1","AMCE",0.216053578946138
"2","CRT",0.0698254364089776
