"","method","pval"
"1","AMCE",0.0278400356027913
"2","CRT",0.00997506234413965
