"","method","pval"
"1","AMCE",0.651282513853064
"2","CRT",0.149625935162095
