"","method","pval"
"1","AMCE",0.0220610580507884
"2","CRT",0.13715710723192
