"","method","pval"
"1","AMCE",0.88612722526717
"2","CRT",0.723192019950125
