"","method","pval"
"1","AMCE",0.0206237933320688
"2","CRT",0.0249376558603491
