"","method","pval"
"1","AMCE",0.0404786926431249
"2","CRT",0.0623441396508728
