"","method","pval"
"1","AMCE",0.0725811742464015
"2","CRT",0.648379052369077
