"","method","pval"
"1","AMCE",0.121391379055523
"2","CRT",0.0648379052369077
