"","method","pval"
"1","AMCE",0.0887990898838516
"2","CRT",0.266832917705736
