"","method","pval"
"1","AMCE",0.0348524885180509
"2","CRT",0.922693266832918
