"","method","pval"
"1","AMCE",0.283775442602118
"2","CRT",0.00249376558603491
