"","method","pval"
"1","AMCE",0.202107755632075
"2","CRT",0.0473815461346633
