"","method","pval"
"1","AMCE",0.0171002010724374
"2","CRT",0.628428927680798
