"","method","pval"
"1","AMCE",0.414609760429081
"2","CRT",0.00249376558603491
