"","method","pval"
"1","AMCE",0.0808019618267577
"2","CRT",0.00498753117206983
