"","method","pval"
"1","AMCE",0.644671038905134
"2","CRT",0.70573566084788
