"","method","pval"
"1","AMCE",0.18259969631453
"2","CRT",0.0149625935162095
