"","method","pval"
"1","AMCE",0.301605548209506
"2","CRT",0.00249376558603491
