"","method","pval"
"1","AMCE",0.00602128251042223
"2","CRT",0.0224438902743142
