"","method","pval"
"1","AMCE",0.0190628260515087
"2","CRT",0.0124688279301746
