"","method","pval"
"1","AMCE",0.0157574817111433
"2","CRT",0.00997506234413965
