"","method","pval"
"1","AMCE",0.0458699052562505
"2","CRT",0.0822942643391521
