"","method","pval"
"1","AMCE",0.897064258206068
"2","CRT",0.14214463840399
