"","method","pval"
"1","AMCE",0.0602181447174464
"2","CRT",0.00498753117206983
