"","method","pval"
"1","AMCE",0.0540323792267459
"2","CRT",0.00249376558603491
