"","method","pval"
"1","AMCE",0.0251910964141979
"2","CRT",0.15211970074813
