"","method","pval"
"1","AMCE",0.259015051324176
"2","CRT",0.0124688279301746
