"","method","pval"
"1","AMCE",0.00837729538952561
"2","CRT",0.00249376558603491
