"","method","pval"
"1","AMCE",0.087329862613099
"2","CRT",0.72568578553616
