"","method","pval"
"1","AMCE",0.198246762362341
"2","CRT",0.029925187032419
