"","method","pval"
"1","AMCE",0.251526651905704
"2","CRT",0.201995012468828
