"","method","pval"
"1","AMCE",0.0550921935523605
"2","CRT",0.167082294264339
