"","method","pval"
"1","AMCE",0.882558525757288
"2","CRT",0.00748129675810474
