"","method","pval"
"1","AMCE",0.100297167321536
"2","CRT",0.0798004987531172
