"","method","pval"
"1","AMCE",0.224712500046021
"2","CRT",0.0748129675810474
