"","method","pval"
"1","AMCE",0.0973520118579754
"2","CRT",0.122194513715711
