"","method","pval"
"1","AMCE",0.00838302953067693
"2","CRT",0.0623441396508728
