"","method","pval"
"1","AMCE",0.00732010394016279
"2","CRT",0.167082294264339
