"","method","pval"
"1","AMCE",0.032521079035945
"2","CRT",0.00498753117206983
