"","method","pval"
"1","AMCE",0.254359001401247
"2","CRT",0.516209476309227
