"","method","pval"
"1","AMCE",0.0118841162229021
"2","CRT",0.0523690773067332
