"","method","pval"
"1","AMCE",0.03816109389552
"2","CRT",0.00997506234413965
