"","method","pval"
"1","AMCE",0.0285575469811466
"2","CRT",0.00498753117206983
