"","method","pval"
"1","AMCE",0.00312175209379632
"2","CRT",0.159600997506234
