"","method","pval"
"1","AMCE",0.115358925090944
"2","CRT",0.0922693266832918
