"","method","pval"
"1","AMCE",0.125595660052873
"2","CRT",0.00997506234413965
