"","method","pval"
"1","AMCE",0.143079200084412
"2","CRT",0.00249376558603491
