"","method","pval"
"1","AMCE",0.133923135260061
"2","CRT",0.0124688279301746
