"","method","pval"
"1","AMCE",0.163627701894083
"2","CRT",0.0199501246882793
