"","method","pval"
"1","AMCE",0.0303689648062198
"2","CRT",0.00997506234413965
