"","method","pval"
"1","AMCE",0.0132426545676047
"2","CRT",0.231920199501247
