"","method","pval"
"1","AMCE",0.0298926474791201
"2","CRT",0.0673316708229426
