"","method","pval"
"1","AMCE",0.106541633285511
"2","CRT",0.134663341645885
