"","method","pval"
"1","AMCE",0.0982417180232062
"2","CRT",0.0199501246882793
