"","method","pval"
"1","AMCE",0.046607685109573
"2","CRT",0.0224438902743142
