"","method","pval"
"1","AMCE",0.142689457814724
"2","CRT",0.00249376558603491
