"","method","pval"
"1","AMCE",0.0295677632374262
"2","CRT",0.0149625935162095
