"","method","pval"
"1","AMCE",0.00952067114623832
"2","CRT",0.00748129675810474
