"","method","pval"
"1","AMCE",0.230642459705304
"2","CRT",0.14214463840399
