"","method","pval"
"1","AMCE",0.243805732585579
"2","CRT",0.0947630922693267
