"","method","pval"
"1","AMCE",0.0532519633105108
"2","CRT",0.0249376558603491
