"","method","pval"
"1","AMCE",0.0327251656096494
"2","CRT",0.0972568578553616
