"","method","pval"
"1","AMCE",0.0231102552424729
"2","CRT",0.0523690773067332
