"","method","pval"
"1","AMCE",0.03144520900179
"2","CRT",0.0174563591022444
