"","method","pval"
"1","AMCE",0.818942512933649
"2","CRT",0.314214463840399
