"","method","pval"
"1","AMCE",0.463396079565293
"2","CRT",0.00748129675810474
