"","method","pval"
"1","AMCE",0.00784861632917283
"2","CRT",0.0199501246882793
