"","method","pval"
"1","AMCE",0.0769754544343572
"2","CRT",0.58354114713217
