"","method","pval"
"1","AMCE",0.0436059040476571
"2","CRT",0.182044887780549
