"","method","pval"
"1","AMCE",0.0124715875448781
"2","CRT",0.00748129675810474
