"","method","pval"
"1","AMCE",0.105563427291603
"2","CRT",0.0224438902743142
