"","method","pval"
"1","AMCE",0.0412276494393073
"2","CRT",0.0798004987531172
