"","method","pval"
"1","AMCE",0.512301935124067
"2","CRT",0.00498753117206983
