"","method","pval"
"1","AMCE",0.20738995675816
"2","CRT",0.1571072319202
