"","method","pval"
"1","AMCE",0.0508859717639382
"2","CRT",0.695760598503741
