"","method","pval"
"1","AMCE",0.2955151535467
"2","CRT",0.0199501246882793
