"","method","pval"
"1","AMCE",0.00123818854297081
"2","CRT",0.00249376558603491
