"","method","pval"
"1","AMCE",0.0206324382491266
"2","CRT",0.084788029925187
