"","method","pval"
"1","AMCE",0.227634545628353
"2","CRT",0.00249376558603491
