"","method","pval"
"1","AMCE",0.420261945167423
"2","CRT",0.249376558603491
