"","method","pval"
"1","AMCE",0.0342207183088049
"2","CRT",0.00498753117206983
