"","method","pval"
"1","AMCE",0.280387795034296
"2","CRT",0.027431421446384
