"","method","pval"
"1","AMCE",0.061597700367639
"2","CRT",0.376558603491272
