"","method","pval"
"1","AMCE",0.0135854512525028
"2","CRT",0.351620947630923
