"","method","pval"
"1","AMCE",0.0171671852545089
"2","CRT",0.00249376558603491
