"","method","pval"
"1","AMCE",0.131086565235768
"2","CRT",0.0399002493765586
