"","method","pval"
"1","AMCE",0.41724816467079
"2","CRT",0.406483790523691
