"","method","pval"
"1","AMCE",0.25351042236288
"2","CRT",0.00997506234413965
