"","method","pval"
"1","AMCE",0.317748324139813
"2","CRT",0.476309226932668
