"","method","pval"
"1","AMCE",0.735571774003762
"2","CRT",0.14713216957606
