"","method","pval"
"1","AMCE",0.0226615252113702
"2","CRT",0.00249376558603491
