"","method","pval"
"1","AMCE",0.226145983358048
"2","CRT",0.483790523690773
