"","method","pval"
"1","AMCE",0.596675339919689
"2","CRT",0.00498753117206983
