"","method","pval"
"1","AMCE",0.314250757230852
"2","CRT",0.0598503740648379
