"","method","pval"
"1","AMCE",0.173042039097167
"2","CRT",0.231920199501247
