"","method","pval"
"1","AMCE",0.0745199898057199
"2","CRT",0.0174563591022444
