"","method","pval"
"1","AMCE",0.00535802063857122
"2","CRT",0.0972568578553616
