"","method","pval"
"1","AMCE",0.0317214535986178
"2","CRT",0.00997506234413965
