"","method","pval"
"1","AMCE",0.0237712491122753
"2","CRT",0.144638403990025
