"","method","pval"
"1","AMCE",0.319390775019064
"2","CRT",0.00249376558603491
