"","method","pval"
"1","AMCE",0.0107479840499799
"2","CRT",0.154613466334165
