"","method","pval"
"1","AMCE",0.288574821135444
"2","CRT",0.488778054862843
