"","method","pval"
"1","AMCE",0.023314373863783
"2","CRT",0.00748129675810474
