"","method","pval"
"1","AMCE",0.615027531552316
"2","CRT",0.85785536159601
