"","method","pval"
"1","AMCE",0.371786378997818
"2","CRT",0.71072319201995
