"","method","pval"
"1","AMCE",0.00556086186303592
"2","CRT",0.0199501246882793
