"","method","pval"
"1","AMCE",0.0253220246768645
"2","CRT",0.0249376558603491
