"","method","pval"
"1","AMCE",0.0279461388460476
"2","CRT",0.576059850374065
