"","method","pval"
"1","AMCE",0.015931044925424
"2","CRT",0.463840399002494
