"","method","pval"
"1","AMCE",0.0301374372293003
"2","CRT",0.00498753117206983
