"","method","pval"
"1","AMCE",0.116586867685847
"2","CRT",0.0149625935162095
