"","method","pval"
"1","AMCE",0.0741988739011538
"2","CRT",0.00997506234413965
