"","method","pval"
"1","AMCE",0.113565245994787
"2","CRT",0.00498753117206983
