"","method","pval"
"1","AMCE",0.0444175365427493
"2","CRT",0.229426433915212
