"","method","pval"
"1","AMCE",0.0626044034122066
"2","CRT",0.00249376558603491
