"","method","pval"
"1","AMCE",0.863617236190005
"2","CRT",0.28927680798005
