"","method","pval"
"1","AMCE",0.655436291752061
"2","CRT",0.00249376558603491
