"","method","pval"
"1","AMCE",0.0327361203334735
"2","CRT",0.144638403990025
