"","method","pval"
"1","AMCE",0.569790959426586
"2","CRT",0.14713216957606
