"","method","pval"
"1","AMCE",0.97017067348165
"2","CRT",0.0897755610972569
