"","method","pval"
"1","AMCE",0.75199334743384
"2","CRT",0.00498753117206983
