"","method","pval"
"1","AMCE",0.871089397284296
"2","CRT",0.625935162094763
