"","method","pval"
"1","AMCE",0.110194965668841
"2","CRT",0.00249376558603491
