"","method","pval"
"1","AMCE",0.582511998861231
"2","CRT",0.0897755610972569
