"","method","pval"
"1","AMCE",0.562625630820485
"2","CRT",0.144638403990025
