"","method","pval"
"1","AMCE",0.0581078168529098
"2","CRT",0.00498753117206983
