"","method","pval"
"1","AMCE",0.0082786497661806
"2","CRT",0.172069825436409
