"","method","pval"
"1","AMCE",0.699562114809434
"2","CRT",0.00249376558603491
