"","method","pval"
"1","AMCE",0.039726463150698
"2","CRT",0.00249376558603491
