"","method","pval"
"1","AMCE",0.00952293567108525
"2","CRT",0.107231920199501
