"","method","pval"
"1","AMCE",0.0534885596357689
"2","CRT",0.0972568578553616
