"","method","pval"
"1","AMCE",0.0376783521462628
"2","CRT",0.00997506234413965
