"","method","pval"
"1","AMCE",0.0013524622164481
"2","CRT",0.0324189526184539
