"","method","pval"
"1","AMCE",0.287081774019952
"2","CRT",0.0149625935162095
