"","method","pval"
"1","AMCE",0.232021537842468
"2","CRT",0.0748129675810474
