"","method","pval"
"1","AMCE",0.0103333740137881
"2","CRT",0.00997506234413965
