"","method","pval"
"1","AMCE",0.166369179177974
"2","CRT",0.129675810473815
