"","method","pval"
"1","AMCE",0.714751090226166
"2","CRT",0.635910224438903
