"","method","pval"
"1","AMCE",0.688222055360998
"2","CRT",0.00748129675810474
