"","method","pval"
"1","AMCE",0.0163821728723153
"2","CRT",0.00249376558603491
