"","method","pval"
"1","AMCE",0.258665346234126
"2","CRT",0.334164588528678
