"","method","pval"
"1","AMCE",0.030180776210448
"2","CRT",0.00498753117206983
