"","method","pval"
"1","AMCE",0.311500524032577
"2","CRT",0.0249376558603491
