"","method","pval"
"1","AMCE",0.00304720382361265
"2","CRT",0.0423940149625935
