"","method","pval"
"1","AMCE",0.00430909271964628
"2","CRT",0.1571072319202
