"","method","pval"
"1","AMCE",0.0784321938278278
"2","CRT",0.0723192019950125
