"","method","pval"
"1","AMCE",0.257019717136943
"2","CRT",0.28428927680798
