"","method","pval"
"1","AMCE",0.0129790180540976
"2","CRT",0.169576059850374
