"","method","pval"
"1","AMCE",0.339238391508732
"2","CRT",0.827930174563591
