"","method","pval"
"1","AMCE",0.399714181766468
"2","CRT",0.204488778054863
