"","method","pval"
"1","AMCE",0.00791617343176994
"2","CRT",0.0249376558603491
