"","method","pval"
"1","AMCE",0.0196374602102854
"2","CRT",0.271820448877805
