"","method","pval"
"1","AMCE",0.0223228249569947
"2","CRT",0.00249376558603491
