"","method","pval"
"1","AMCE",0.274946261598656
"2","CRT",0.00498753117206983
