"","method","pval"
"1","AMCE",0.037274063414805
"2","CRT",0.177057356608479
