"","method","pval"
"1","AMCE",0.750400319051924
"2","CRT",0.386533665835411
