"","method","pval"
"1","AMCE",0.0147981750981224
"2","CRT",0.0872817955112219
