"","method","pval"
"1","AMCE",0.68697283070637
"2","CRT",0.084788029925187
