"","method","pval"
"1","AMCE",0.0372032388600113
"2","CRT",0.71072319201995
