"","method","pval"
"1","AMCE",0.0662870911163076
"2","CRT",0.825436408977556
