"","method","pval"
"1","AMCE",0.0525523296947851
"2","CRT",0.13216957605985
