"","method","pval"
"1","AMCE",0.0301614094143995
"2","CRT",0.0249376558603491
