"","method","pval"
"1","AMCE",0.136911720807114
"2","CRT",0.00498753117206983
