"","method","pval"
"1","AMCE",0.0426069543358614
"2","CRT",0.00498753117206983
