"","method","pval"
"1","AMCE",0.0503894790709313
"2","CRT",0.837905236907731
