"","method","pval"
"1","AMCE",0.277296818066708
"2","CRT",0.027431421446384
