"","method","pval"
"1","AMCE",0.338690337774627
"2","CRT",0.997506234413965
