"","method","pval"
"1","AMCE",0.0903031272102188
"2","CRT",0.0498753117206983
