"","method","pval"
"1","AMCE",0.380981131023739
"2","CRT",0.561097256857855
