"","method","pval"
"1","AMCE",0.00888458293849376
"2","CRT",0.124688279301746
