"","method","pval"
"1","AMCE",0.0356556363435194
"2","CRT",0.0224438902743142
