"","method","pval"
"1","AMCE",0.158542770435016
"2","CRT",0.0149625935162095
