"","method","pval"
"1","AMCE",0.0696753476870625
"2","CRT",0.703241895261845
