"","method","pval"
"1","AMCE",0.0116880035757325
"2","CRT",0.134663341645885
