"","method","pval"
"1","AMCE",0.245530784080789
"2","CRT",0.486284289276808
