"","method","pval"
"1","AMCE",0.0198651500107349
"2","CRT",0.361596009975062
