"","method","pval"
"1","AMCE",0.71520553605936
"2","CRT",0.209476309226933
