"","method","pval"
"1","AMCE",0.0045661447248051
"2","CRT",0.00498753117206983
