"","method","pval"
"1","AMCE",0.142809295093332
"2","CRT",0.00997506234413965
