"","method","pval"
"1","AMCE",0.0833070063284888
"2","CRT",0.319201995012469
