"","method","pval"
"1","AMCE",0.000116773148607582
"2","CRT",0.0199501246882793
