"","method","pval"
"1","AMCE",0.074972177065209
"2","CRT",0.00498753117206983
