"","method","pval"
"1","AMCE",0.024990486431856
"2","CRT",0.0673316708229426
