"","method","pval"
"1","AMCE",0.0165724503014424
"2","CRT",0.795511221945137
