"","method","pval"
"1","AMCE",0.325815303568597
"2","CRT",0.124688279301746
