"","method","pval"
"1","AMCE",0.0169237738066784
"2","CRT",0.0199501246882793
