"","method","pval"
"1","AMCE",0.871395349824275
"2","CRT",0.0349127182044888
