"","method","pval"
"1","AMCE",0.062988850977539
"2","CRT",0.0199501246882793
