"","method","pval"
"1","AMCE",0.174961721314692
"2","CRT",0.246882793017456
