"","method","pval"
"1","AMCE",0.0560132282705287
"2","CRT",0.00249376558603491
