"","method","pval"
"1","AMCE",0.0222407637018829
"2","CRT",0.0872817955112219
