"","method","pval"
"1","AMCE",0.0664410058083999
"2","CRT",0.00249376558603491
