"","method","pval"
"1","AMCE",0.0241799206382426
"2","CRT",0.0822942643391521
