"","method","pval"
"1","AMCE",0.869537300409532
"2","CRT",0.0822942643391521
