"","method","pval"
"1","AMCE",0.0468020393426462
"2","CRT",0.0124688279301746
