"","method","pval"
"1","AMCE",0.0308536077221621
"2","CRT",0.00748129675810474
