"","method","pval"
"1","AMCE",0.00376761746256151
"2","CRT",0.162094763092269
