"","method","pval"
"1","AMCE",0.57620616077738
"2","CRT",0.0723192019950125
