"","method","pval"
"1","AMCE",0.577595976818323
"2","CRT",0.0174563591022444
