"","method","pval"
"1","AMCE",0.139486192420653
"2","CRT",0.251870324189526
