"","method","pval"
"1","AMCE",0.0263421653260878
"2","CRT",0.149625935162095
