"","method","pval"
"1","AMCE",0.399799735614328
"2","CRT",0.00249376558603491
