"","method","pval"
"1","AMCE",0.184548020589078
"2","CRT",0.99002493765586
