"","method","pval"
"1","AMCE",0.00182832386006541
"2","CRT",0.276807980049875
