"","method","pval"
"1","AMCE",0.0616393974860819
"2","CRT",0.0648379052369077
