"","method","pval"
"1","AMCE",0.628022033624772
"2","CRT",0.264339152119701
