"","method","pval"
"1","AMCE",0.0576856042746301
"2","CRT",0.00498753117206983
