"","method","pval"
"1","AMCE",0.0189362865038834
"2","CRT",0.00498753117206983
