"","method","pval"
"1","AMCE",0.55905848148603
"2","CRT",0.00498753117206983
