"","method","pval"
"1","AMCE",0.0410701197433792
"2","CRT",0.391521197007481
