"","method","pval"
"1","AMCE",0.00635533232805502
"2","CRT",0.027431421446384
