"","method","pval"
"1","AMCE",0.351868741170673
"2","CRT",0.184538653366584
