"","method","pval"
"1","AMCE",0.0520726729152328
"2","CRT",0.0174563591022444
