"","method","pval"
"1","AMCE",0.0273045279186708
"2","CRT",0.0897755610972569
