"","method","pval"
"1","AMCE",0.00366940251548085
"2","CRT",0.144638403990025
