"","method","pval"
"1","AMCE",0.321444439220975
"2","CRT",0.29925187032419
