"","method","pval"
"1","AMCE",0.135807129956592
"2","CRT",0.164588528678304
