"","method","pval"
"1","AMCE",0.02076105672588
"2","CRT",0.114713216957606
