"","method","pval"
"1","AMCE",0.399125460886429
"2","CRT",0.144638403990025
