"","method","pval"
"1","AMCE",0.00119611780092867
"2","CRT",0.0249376558603491
