"","method","pval"
"1","AMCE",0.905925003080768
"2","CRT",0.00249376558603491
