"","method","pval"
"1","AMCE",0.0630030636502832
"2","CRT",0.0249376558603491
