"","method","pval"
"1","AMCE",0.182203076030749
"2","CRT",0.0349127182044888
