"","method","pval"
"1","AMCE",0.0371697715708541
"2","CRT",0.528678304239402
