"","method","pval"
"1","AMCE",0.269267737601609
"2","CRT",0.144638403990025
