"","method","pval"
"1","AMCE",0.186128814649656
"2","CRT",0.254364089775561
