"","method","pval"
"1","AMCE",0.182586320192403
"2","CRT",0.1571072319202
