"","method","pval"
"1","AMCE",0.672544580141217
"2","CRT",0.0174563591022444
