"","method","pval"
"1","AMCE",0.262861951881766
"2","CRT",0.0149625935162095
