"","method","pval"
"1","AMCE",0.0349000333188971
"2","CRT",0.00498753117206983
