"","method","pval"
"1","AMCE",0.0366502980908972
"2","CRT",0.00748129675810474
