"","method","pval"
"1","AMCE",0.908119001591669
"2","CRT",0.00748129675810474
