"","method","pval"
"1","AMCE",0.191845445833964
"2","CRT",0.346633416458853
