"","method","pval"
"1","AMCE",0.0320186809871179
"2","CRT",0.0773067331670823
