"","method","pval"
"1","AMCE",0.239140515509278
"2","CRT",0.354114713216958
