"","method","pval"
"1","AMCE",0.609443122782584
"2","CRT",0.0199501246882793
