"","method","pval"
"1","AMCE",0.31092179799231
"2","CRT",0.162094763092269
