"","method","pval"
"1","AMCE",0.215993874931632
"2","CRT",0.00249376558603491
