"","method","pval"
"1","AMCE",0.45720570907131
"2","CRT",0.00498753117206983
