"","method","pval"
"1","AMCE",0.176014488121859
"2","CRT",0.084788029925187
