"","method","pval"
"1","AMCE",0.266583666521398
"2","CRT",0.162094763092269
