"","method","pval"
"1","AMCE",0.0455669709989125
"2","CRT",0.00748129675810474
