"","method","pval"
"1","AMCE",0.070915305801484
"2","CRT",0.206982543640898
