"","method","pval"
"1","AMCE",0.0247059209390338
"2","CRT",0.0922693266832918
