"","method","pval"
"1","AMCE",0.0155632215965872
"2","CRT",0.0648379052369077
