"","method","pval"
"1","AMCE",0.0764304785331829
"2","CRT",0.00249376558603491
