"","method","pval"
"1","AMCE",0.7170134028005
"2","CRT",0.0149625935162095
