"","method","pval"
"1","AMCE",0.0188689074824513
"2","CRT",0.00748129675810474
