"","method","pval"
"1","AMCE",0.541480466461772
"2","CRT",0.00997506234413965
