"","method","pval"
"1","AMCE",0.070761119448616
"2","CRT",0.0249376558603491
