"","method","pval"
"1","AMCE",0.530762512466401
"2","CRT",0.0224438902743142
