"","method","pval"
"1","AMCE",0.893497700065815
"2","CRT",0.00498753117206983
