"","method","pval"
"1","AMCE",0.1905747201631
"2","CRT",0.29426433915212
