"","method","pval"
"1","AMCE",0.187713089695185
"2","CRT",0.0598503740648379
