"","method","pval"
"1","AMCE",0.178293657944038
"2","CRT",0.00249376558603491
