"","method","pval"
"1","AMCE",0.0297288790676395
"2","CRT",0.00498753117206983
