"","method","pval"
"1","AMCE",0.0198847237643641
"2","CRT",0.271820448877805
