"","method","pval"
"1","AMCE",0.310352283453271
"2","CRT",0.00249376558603491
