"","method","pval"
"1","AMCE",0.170620199674387
"2","CRT",0.00748129675810474
