"","method","pval"
"1","AMCE",0.00408650402421493
"2","CRT",0.231920199501247
