"","method","pval"
"1","AMCE",0.0186434079902611
"2","CRT",0.0897755610972569
