"","method","pval"
"1","AMCE",0.249092085431096
"2","CRT",0.0798004987531172
