"","method","pval"
"1","AMCE",0.0398566878494749
"2","CRT",0.00748129675810474
