"","method","pval"
"1","AMCE",0.0285519339743175
"2","CRT",0.00498753117206983
