"","method","pval"
"1","AMCE",0.0198985954008269
"2","CRT",0.00748129675810474
