"","method","pval"
"1","AMCE",0.249096964700941
"2","CRT",0.27431421446384
