"","method","pval"
"1","AMCE",0.323020732955246
"2","CRT",0.184538653366584
