"","method","pval"
"1","AMCE",0.00328831791592882
"2","CRT",0.00997506234413965
