"","method","pval"
"1","AMCE",0.0599847799684802
"2","CRT",0.122194513715711
