"","method","pval"
"1","AMCE",0.0085301425633627
"2","CRT",0.027431421446384
