"","method","pval"
"1","AMCE",0.0162849303825196
"2","CRT",0.0698254364089776
