"","method","pval"
"1","AMCE",0.036423761410717
"2","CRT",0.00748129675810474
