"","method","pval"
"1","AMCE",0.00749634821225503
"2","CRT",0.0149625935162095
