"","method","pval"
"1","AMCE",0.112001339813473
"2","CRT",0.00997506234413965
