"","method","pval"
"1","AMCE",0.322124931427079
"2","CRT",0.00249376558603491
