"","method","pval"
"1","AMCE",0.0397430506442533
"2","CRT",0.0149625935162095
