"","method","pval"
"1","AMCE",0.000269956323034046
"2","CRT",0.623441396508728
