"","method","pval"
"1","AMCE",0.782813997707384
"2","CRT",0.0423940149625935
