"","method","pval"
"1","AMCE",0.0679902188470745
"2","CRT",0.00249376558603491
