"","method","pval"
"1","AMCE",0.16168858460287
"2","CRT",0.00748129675810474
