"","method","pval"
"1","AMCE",0.132211878576108
"2","CRT",0.00498753117206983
