"","method","pval"
"1","AMCE",0.392226367708541
"2","CRT",0.00498753117206983
