"","method","pval"
"1","AMCE",0.0788068522785063
"2","CRT",0.471321695760599
