"","method","pval"
"1","AMCE",0.0391716330570116
"2","CRT",0.00249376558603491
