"","method","pval"
"1","AMCE",0.0221188992108029
"2","CRT",0.00498753117206983
