"","method","pval"
"1","AMCE",0.0854404648370777
"2","CRT",0.546134663341646
