"","method","pval"
"1","AMCE",0.0427041529070612
"2","CRT",0.635910224438903
