"","method","pval"
"1","AMCE",0.0131060105493316
"2","CRT",0.0648379052369077
