"","method","pval"
"1","AMCE",0.203891895546851
"2","CRT",0.346633416458853
