"","method","pval"
"1","AMCE",0.229543443650397
"2","CRT",0.428927680798005
