"","method","pval"
"1","AMCE",0.228300386252063
"2","CRT",0.00249376558603491
