"","method","pval"
"1","AMCE",0.0450033663930167
"2","CRT",0.0748129675810474
