"","method","pval"
"1","AMCE",0.235139455863377
"2","CRT",0.169576059850374
