"","method","pval"
"1","AMCE",0.00754365055406754
"2","CRT",0.219451371571072
