"","method","pval"
"1","AMCE",0.0148646507173973
"2","CRT",0.00997506234413965
