"","method","pval"
"1","AMCE",0.00647864680010795
"2","CRT",0.169576059850374
