"","method","pval"
"1","AMCE",0.00841005479005092
"2","CRT",0.0698254364089776
