"","method","pval"
"1","AMCE",0.173326717992851
"2","CRT",0.0822942643391521
