"","method","pval"
"1","AMCE",0.0705317919525609
"2","CRT",0.00498753117206983
