"","method","pval"
"1","AMCE",0.127077589547087
"2","CRT",0.0199501246882793
