"","method","pval"
"1","AMCE",0.0765918532898441
"2","CRT",0.00748129675810474
