"","method","pval"
"1","AMCE",0.199549087956512
"2","CRT",0.00249376558603491
