"","method","pval"
"1","AMCE",0.00331045905081838
"2","CRT",0.0748129675810474
