"","method","pval"
"1","AMCE",0.44487685907637
"2","CRT",0.0324189526184539
