"","method","pval"
"1","AMCE",0.695332268117984
"2","CRT",0.192019950124688
