"","method","pval"
"1","AMCE",0.000428282528578738
"2","CRT",0.084788029925187
