"","method","pval"
"1","AMCE",0.0382171076766577
"2","CRT",0.14214463840399
