"","method","pval"
"1","AMCE",0.0639991438519
"2","CRT",0.593516209476309
