"","method","pval"
"1","AMCE",0.29572668472241
"2","CRT",0.306733167082294
