"","method","pval"
"1","AMCE",0.597054879951242
"2","CRT",0.14214463840399
