"","method","pval"
"1","AMCE",0.0121018792997456
"2","CRT",0.00997506234413965
