"","method","pval"
"1","AMCE",0.0794265426702009
"2","CRT",0.0872817955112219
