"","method","pval"
"1","AMCE",0.41782627821191
"2","CRT",0.00748129675810474
