"","method","pval"
"1","AMCE",0.0107048031180114
"2","CRT",0.00498753117206983
