"","method","pval"
"1","AMCE",0.0457500116027524
"2","CRT",0.566084788029925
