"","method","pval"
"1","AMCE",0.0225458606705842
"2","CRT",0.351620947630923
