"","method","pval"
"1","AMCE",0.603935700806636
"2","CRT",0.00997506234413965
