"","method","pval"
"1","AMCE",0.207242680292669
"2","CRT",0.286783042394015
