"","method","pval"
"1","AMCE",0.25109575588227
"2","CRT",0.00249376558603491
