"","method","pval"
"1","AMCE",0.0592368596151001
"2","CRT",0.00498753117206983
