"","method","pval"
"1","AMCE",0.00451426649967017
"2","CRT",0.00249376558603491
