"","method","pval"
"1","AMCE",0.0302369740082606
"2","CRT",0.0149625935162095
