"","method","pval"
"1","AMCE",0.0654772491607547
"2","CRT",0.00748129675810474
