"","method","pval"
"1","AMCE",0.427634354490667
"2","CRT",0.159600997506234
