"","method","pval"
"1","AMCE",0.0380633281174521
"2","CRT",0.117206982543641
