"","method","pval"
"1","AMCE",0.0239993617526242
"2","CRT",0.920199501246883
