"","method","pval"
"1","AMCE",0.284151660942204
"2","CRT",0.498753117206983
