"","method","pval"
"1","AMCE",0.00115266416063567
"2","CRT",0.00249376558603491
