"","method","pval"
"1","AMCE",0.0162925493525275
"2","CRT",0.00249376558603491
