"","method","pval"
"1","AMCE",0.0560809405482817
"2","CRT",0.366583541147132
