"","method","pval"
"1","AMCE",0.166242669271708
"2","CRT",0.0324189526184539
