"","method","pval"
"1","AMCE",0.00311376900593289
"2","CRT",0.418952618453865
