"","method","pval"
"1","AMCE",0.934924647022937
"2","CRT",0.748129675810474
