"","method","pval"
"1","AMCE",0.0433894879419529
"2","CRT",0.00249376558603491
