"","method","pval"
"1","AMCE",0.0250384882918808
"2","CRT",0.528678304239402
