"","method","pval"
"1","AMCE",0.517339976166785
"2","CRT",0.104738154613466
