"","method","pval"
"1","AMCE",0.310109413532801
"2","CRT",0.00249376558603491
