"","method","pval"
"1","AMCE",0.00585706284073213
"2","CRT",0.134663341645885
