"","method","pval"
"1","AMCE",0.12311373822708
"2","CRT",0.349127182044888
