"","method","pval"
"1","AMCE",0.0205897917934812
"2","CRT",0.0149625935162095
