"","method","pval"
"1","AMCE",0.986881850478589
"2","CRT",0.0423940149625935
