"","method","pval"
"1","AMCE",0.116885839095454
"2","CRT",0.00748129675810474
