"","method","pval"
"1","AMCE",0.0485412282785198
"2","CRT",0.842892768079801
