"","method","pval"
"1","AMCE",0.0764027728186523
"2","CRT",0.199501246882793
