"","method","pval"
"1","AMCE",0.709119743157043
"2","CRT",0.187032418952618
