"","method","pval"
"1","AMCE",0.174662246888853
"2","CRT",0.0773067331670823
