"","method","pval"
"1","AMCE",0.412978012988977
"2","CRT",0.199501246882793
