"","method","pval"
"1","AMCE",0.0535939040915078
"2","CRT",0.00748129675810474
