"","method","pval"
"1","AMCE",0.00729127153380203
"2","CRT",0.211970074812968
