"","method","pval"
"1","AMCE",0.891058896791879
"2","CRT",0.00249376558603491
