"","method","pval"
"1","AMCE",0.0200448459707828
"2","CRT",0.0748129675810474
