"","method","pval"
"1","AMCE",0.0281807671084065
"2","CRT",0.00249376558603491
