"","method","pval"
"1","AMCE",0.730898302817309
"2","CRT",0.029925187032419
