"","method","pval"
"1","AMCE",0.83483807915195
"2","CRT",0.518703241895262
