"","method","pval"
"1","AMCE",0.0423965430641881
"2","CRT",0.00997506234413965
