"","method","pval"
"1","AMCE",0.0277782229228777
"2","CRT",0.0399002493765586
