"","method","pval"
"1","AMCE",0.0219502958275511
"2","CRT",0.211970074812968
