"","method","pval"
"1","AMCE",0.0468422874130893
"2","CRT",0.194513715710723
