"","method","pval"
"1","AMCE",0.0899293982943586
"2","CRT",0.0249376558603491
