"","method","pval"
"1","AMCE",0.182826148976348
"2","CRT",0.296758104738155
