"","method","pval"
"1","AMCE",0.151426334314432
"2","CRT",0.0947630922693267
