"","method","pval"
"1","AMCE",0.306926188872341
"2","CRT",0.00997506234413965
