"","method","pval"
"1","AMCE",0.15801799863135
"2","CRT",0.00748129675810474
