"","method","pval"
"1","AMCE",0.00747951639959301
"2","CRT",0.00997506234413965
