"","method","pval"
"1","AMCE",0.143890627265245
"2","CRT",0.0448877805486284
