"","method","pval"
"1","AMCE",0.539004126534414
"2","CRT",0.0199501246882793
