"","method","pval"
"1","AMCE",0.0160012041574571
"2","CRT",0.256857855361596
