"","method","pval"
"1","AMCE",0.0285359470426746
"2","CRT",0.336658354114713
