"","method","pval"
"1","AMCE",0.402738870581337
"2","CRT",0.0374064837905237
