"","method","pval"
"1","AMCE",0.0115020608753999
"2","CRT",0.159600997506234
