"","method","pval"
"1","AMCE",0.0228677733743562
"2","CRT",0.581047381546135
