"","method","pval"
"1","AMCE",0.00463704323705268
"2","CRT",0.493765586034913
