"","method","pval"
"1","AMCE",0.0372804495906463
"2","CRT",0.129675810473815
