"","method","pval"
"1","AMCE",0.0130490538466047
"2","CRT",0.134663341645885
