"","method","pval"
"1","AMCE",0.0270028183414881
"2","CRT",0.0972568578553616
