"","method","pval"
"1","AMCE",0.0565001049693863
"2","CRT",0.127182044887781
