"","method","pval"
"1","AMCE",0.0503314686107215
"2","CRT",0.538653366583541
