"","method","pval"
"1","AMCE",0.0273733353126931
"2","CRT",0.00249376558603491
