"","method","pval"
"1","AMCE",0.0425950153517667
"2","CRT",0.109725685785536
