"","method","pval"
"1","AMCE",0.29830786025398
"2","CRT",0.00748129675810474
