"","method","pval"
"1","AMCE",0.053642160021977
"2","CRT",0.134663341645885
