"","method","pval"
"1","AMCE",0.0138148348940563
"2","CRT",0.206982543640898
