"","method","pval"
"1","AMCE",0.150355052693196
"2","CRT",0.673316708229426
