"","method","pval"
"1","AMCE",0.272785047398008
"2","CRT",0.00498753117206983
