"","method","pval"
"1","AMCE",0.0109672710588317
"2","CRT",0.0822942643391521
