"","method","pval"
"1","AMCE",0.301630329559909
"2","CRT",0.0872817955112219
