"","method","pval"
"1","AMCE",0.695766042065825
"2","CRT",0.00997506234413965
