"","method","pval"
"1","AMCE",0.0239429611361834
"2","CRT",0.00748129675810474
