"","method","pval"
"1","AMCE",0.00375876583836172
"2","CRT",0.0698254364089776
