"","method","pval"
"1","AMCE",0.0173982879836187
"2","CRT",0.0249376558603491
