"","method","pval"
"1","AMCE",0.017749065620435
"2","CRT",0.00748129675810474
