"","method","pval"
"1","AMCE",0.0159989071788692
"2","CRT",0.14713216957606
