"","method","pval"
"1","AMCE",0.212668215654293
"2","CRT",0.0498753117206983
