"","method","pval"
"1","AMCE",0.0357919853829689
"2","CRT",0.728179551122195
