"","method","pval"
"1","AMCE",0.0186645013033713
"2","CRT",0.0349127182044888
