"","method","pval"
"1","AMCE",0.0525767719035887
"2","CRT",0.0249376558603491
