"","method","pval"
"1","AMCE",0.423491463963346
"2","CRT",0.0174563591022444
