"","method","pval"
"1","AMCE",0.494265316049593
"2","CRT",0.0249376558603491
