"","method","pval"
"1","AMCE",0.014664953118675
"2","CRT",0.553615960099751
