"","method","pval"
"1","AMCE",0.162856541685541
"2","CRT",0.0723192019950125
