"","method","pval"
"1","AMCE",0.958398808142274
"2","CRT",0.311720698254364
