"","method","pval"
"1","AMCE",0.42087738341599
"2","CRT",0.144638403990025
