"","method","pval"
"1","AMCE",0.493611777234411
"2","CRT",0.00997506234413965
