"","method","pval"
"1","AMCE",0.598870854094254
"2","CRT",0.0374064837905237
