"","method","pval"
"1","AMCE",0.0269533787253809
"2","CRT",0.00249376558603491
