"","method","pval"
"1","AMCE",0.343986337044722
"2","CRT",0.057356608478803
