"","method","pval"
"1","AMCE",0.00210102655719595
"2","CRT",0.239401496259352
