"","method","pval"
"1","AMCE",0.018440712947553
"2","CRT",0.084788029925187
