"","method","pval"
"1","AMCE",0.0141908055214205
"2","CRT",0.00249376558603491
