"","method","pval"
"1","AMCE",0.04306307804912
"2","CRT",0.635910224438903
