"","method","pval"
"1","AMCE",0.00738141143767212
"2","CRT",0.239401496259352
