"","method","pval"
"1","AMCE",0.0126472874018279
"2","CRT",0.556109725685786
