"","method","pval"
"1","AMCE",0.674124076996281
"2","CRT",0.85785536159601
