"","method","pval"
"1","AMCE",0.00720821448557768
"2","CRT",0.0947630922693267
