"","method","pval"
"1","AMCE",0.0460797642796237
"2","CRT",0.134663341645885
