"","method","pval"
"1","AMCE",0.143174993032703
"2","CRT",0.344139650872818
