"","method","pval"
"1","AMCE",0.0625215052383029
"2","CRT",0.00498753117206983
