"","method","pval"
"1","AMCE",0.0509947197180289
"2","CRT",0.00997506234413965
