"","method","pval"
"1","AMCE",0.0471772945356683
"2","CRT",0.428927680798005
