"","method","pval"
"1","AMCE",0.0105226747294069
"2","CRT",0.14713216957606
