"","method","pval"
"1","AMCE",0.0515251500862937
"2","CRT",0.386533665835411
