"","method","pval"
"1","AMCE",0.0281625385461121
"2","CRT",0.0548628428927681
