"","method","pval"
"1","AMCE",0.0003864450806421
"2","CRT",0.0149625935162095
