"","method","pval"
"1","AMCE",0.509955692505637
"2","CRT",0.316708229426434
