"","method","pval"
"1","AMCE",0.0542325154001893
"2","CRT",0.00249376558603491
