"","method","pval"
"1","AMCE",0.115006555218013
"2","CRT",0.226932668329177
