"","method","pval"
"1","AMCE",0.0113310159009432
"2","CRT",0.0124688279301746
