"","method","pval"
"1","AMCE",0.515085719230671
"2","CRT",0.0124688279301746
