"","method","pval"
"1","AMCE",0.320334292174095
"2","CRT",0.154613466334165
