"","method","pval"
"1","AMCE",0.0114602629350417
"2","CRT",0.204488778054863
