"","method","pval"
"1","AMCE",0.243574613049615
"2","CRT",0.0698254364089776
