"","method","pval"
"1","AMCE",0.0651605066893246
"2","CRT",0.0822942643391521
