"","method","pval"
"1","AMCE",0.0431458781772149
"2","CRT",0.00249376558603491
