"","method","pval"
"1","AMCE",0.209254115805304
"2","CRT",0.0997506234413965
