"","method","pval"
"1","AMCE",0.00235873184603727
"2","CRT",0.0199501246882793
