"","method","pval"
"1","AMCE",0.304021353332038
"2","CRT",0.0174563591022444
