"","method","pval"
"1","AMCE",0.07151247259597
"2","CRT",0.70074812967581
