"","method","pval"
"1","AMCE",0.00908518174896664
"2","CRT",0.685785536159601
