"","method","pval"
"1","AMCE",0.0153649198852683
"2","CRT",0.169576059850374
