"","method","pval"
"1","AMCE",0.0520908302047392
"2","CRT",0.00249376558603491
