"","method","pval"
"1","AMCE",0.0436569717937774
"2","CRT",0.0748129675810474
