"","method","pval"
"1","AMCE",0.00592211462247071
"2","CRT",0.00249376558603491
