"","method","pval"
"1","AMCE",0.161325650110187
"2","CRT",0.0124688279301746
