"","method","pval"
"1","AMCE",0.237091466123802
"2","CRT",0.384039900249377
