"","method","pval"
"1","AMCE",0.863959240683993
"2","CRT",0.00249376558603491
