"","method","pval"
"1","AMCE",0.0199399654738333
"2","CRT",0.00748129675810474
