"","method","pval"
"1","AMCE",0.00593085562458722
"2","CRT",0.0224438902743142
