"","method","pval"
"1","AMCE",0.0260349838332241
"2","CRT",0.987531172069825
