"","method","pval"
"1","AMCE",0.0378489275337346
"2","CRT",0.408977556109726
