"","method","pval"
"1","AMCE",0.810843596210356
"2","CRT",0.947630922693267
