"","method","pval"
"1","AMCE",0.00206089886560523
"2","CRT",0.0349127182044888
