"","method","pval"
"1","AMCE",0.00557279695554738
"2","CRT",0.084788029925187
