"","method","pval"
"1","AMCE",0.271683182090016
"2","CRT",0.13715710723192
