"","method","pval"
"1","AMCE",0.188220541895813
"2","CRT",0.00249376558603491
