"","method","pval"
"1","AMCE",0.557434190782512
"2","CRT",0.0748129675810474
