"","method","pval"
"1","AMCE",0.125136727220797
"2","CRT",0.0224438902743142
