"","method","pval"
"1","AMCE",0.344322228982845
"2","CRT",0.0124688279301746
