"","method","pval"
"1","AMCE",0.547772989422443
"2","CRT",0.0374064837905237
