"","method","pval"
"1","AMCE",0.0411019894068926
"2","CRT",0.476309226932668
