"","method","pval"
"1","AMCE",0.022655900403812
"2","CRT",0.169576059850374
