"","method","pval"
"1","AMCE",0.678670850659448
"2","CRT",0.00249376558603491
