"","method","pval"
"1","AMCE",0.636097948932741
"2","CRT",0.00498753117206983
