"","method","pval"
"1","AMCE",0.586223070527473
"2","CRT",0.29925187032419
