"","method","pval"
"1","AMCE",0.105825992355975
"2","CRT",0.0124688279301746
