"","method","pval"
"1","AMCE",0.502535152492456
"2","CRT",0.029925187032419
