"","method","pval"
"1","AMCE",0.0403169963873514
"2","CRT",0.0523690773067332
