"","method","pval"
"1","AMCE",0.282719468976786
"2","CRT",0.0249376558603491
