"","method","pval"
"1","AMCE",0.521387141399547
"2","CRT",0.0673316708229426
