"","method","pval"
"1","AMCE",0.0374309964792567
"2","CRT",0.114713216957606
