"","method","pval"
"1","AMCE",0.312109185139494
"2","CRT",0.00249376558603491
