"","method","pval"
"1","AMCE",0.0317063633815282
"2","CRT",0.00748129675810474
