"","method","pval"
"1","AMCE",0.268493198161473
"2","CRT",0.084788029925187
