"","method","pval"
"1","AMCE",0.111210315665796
"2","CRT",0.00748129675810474
