"","method","pval"
"1","AMCE",0.00145692434155201
"2","CRT",0.0673316708229426
