"","method","pval"
"1","AMCE",0.126572806775149
"2","CRT",0.00748129675810474
