"","method","pval"
"1","AMCE",0.780298481907947
"2","CRT",0.4214463840399
