"","method","pval"
"1","AMCE",0.111623385787362
"2","CRT",0.0199501246882793
