"","method","pval"
"1","AMCE",0.0266824129683919
"2","CRT",0.0523690773067332
