"","method","pval"
"1","AMCE",0.00425617667769612
"2","CRT",0.00498753117206983
