"","method","pval"
"1","AMCE",0.185630494738943
"2","CRT",0.418952618453865
