"","method","pval"
"1","AMCE",0.195708078155743
"2","CRT",0.249376558603491
