"","method","pval"
"1","AMCE",0.320446848827838
"2","CRT",0.0149625935162095
