"","method","pval"
"1","AMCE",0.034935051048987
"2","CRT",0.0199501246882793
