"","method","pval"
"1","AMCE",0.0488608521085261
"2","CRT",0.0124688279301746
