"","method","pval"
"1","AMCE",0.0731214122554756
"2","CRT",0.561097256857855
