"","method","pval"
"1","AMCE",0.0155693237533765
"2","CRT",0.139650872817955
