"","method","pval"
"1","AMCE",0.717410611856066
"2","CRT",0.0224438902743142
