"","method","pval"
"1","AMCE",0.499846169585561
"2","CRT",0.0174563591022444
