"","method","pval"
"1","AMCE",0.0141066312276028
"2","CRT",0.0648379052369077
