"","method","pval"
"1","AMCE",0.114802214375163
"2","CRT",0.00249376558603491
