"","method","pval"
"1","AMCE",0.0157944326612848
"2","CRT",0.344139650872818
