"","method","pval"
"1","AMCE",0.00380655755523397
"2","CRT",0.00249376558603491
