"","method","pval"
"1","AMCE",0.0468681888453003
"2","CRT",0.0324189526184539
