"","method","pval"
"1","AMCE",0.0123159598961021
"2","CRT",0.406483790523691
