"","method","pval"
"1","AMCE",0.0942268409773673
"2","CRT",0.0199501246882793
