"","method","pval"
"1","AMCE",0.0168173576344808
"2","CRT",0.406483790523691
