"","method","pval"
"1","AMCE",0.294648980512909
"2","CRT",0.0673316708229426
