"","method","pval"
"1","AMCE",0.252431682765444
"2","CRT",0.491271820448878
