"","method","pval"
"1","AMCE",0.112018072083273
"2","CRT",0.0224438902743142
