"","method","pval"
"1","AMCE",0.0685638809131665
"2","CRT",0.795511221945137
