"","method","pval"
"1","AMCE",0.0475686438910337
"2","CRT",0.0174563591022444
