"","method","pval"
"1","AMCE",0.08950773215613
"2","CRT",0.0822942643391521
