"","method","pval"
"1","AMCE",0.0274242872121955
"2","CRT",0.194513715710723
