"","method","pval"
"1","AMCE",0.0196587142487167
"2","CRT",0.0199501246882793
