"","method","pval"
"1","AMCE",0.533416014639856
"2","CRT",0.00249376558603491
