"","method","pval"
"1","AMCE",0.0124494508193022
"2","CRT",0.00249376558603491
