"","method","pval"
"1","AMCE",0.461658893772322
"2","CRT",0.0773067331670823
