"","method","pval"
"1","AMCE",0.103560656932937
"2","CRT",0.057356608478803
