"","method","pval"
"1","AMCE",0.0406203209773784
"2","CRT",0.197007481296758
