"","method","pval"
"1","AMCE",0.00228339921144637
"2","CRT",0.199501246882793
