"","method","pval"
"1","AMCE",0.0332204296225863
"2","CRT",0.216957605985037
