"","method","pval"
"1","AMCE",0.0513817689637706
"2","CRT",0.00498753117206983
