"","method","pval"
"1","AMCE",0.218115865238177
"2","CRT",0.456359102244389
