"","method","pval"
"1","AMCE",0.0266966265705104
"2","CRT",0.00249376558603491
