"","method","pval"
"1","AMCE",0.0256865446017916
"2","CRT",0.0448877805486284
