"","method","pval"
"1","AMCE",0.0127094575034448
"2","CRT",0.0897755610972569
