"","method","pval"
"1","AMCE",0.0690606942251854
"2","CRT",0.528678304239402
