"","method","pval"
"1","AMCE",0.398903969620039
"2","CRT",0.28927680798005
