"","method","pval"
"1","AMCE",0.126283212654706
"2","CRT",0.827930174563591
