"","method","pval"
"1","AMCE",0.00917377611387146
"2","CRT",0.0872817955112219
