"","method","pval"
"1","AMCE",0.0760739291701199
"2","CRT",0.0174563591022444
