"","method","pval"
"1","AMCE",0.584140150619889
"2","CRT",0.0124688279301746
