"","method","pval"
"1","AMCE",0.31025019449151
"2","CRT",0.00748129675810474
