"","method","pval"
"1","AMCE",0.212554602010673
"2","CRT",0.206982543640898
