"","method","pval"
"1","AMCE",0.0445165325223809
"2","CRT",0.0623441396508728
