"","method","pval"
"1","AMCE",0.0170662343280544
"2","CRT",0.0598503740648379
