"","method","pval"
"1","AMCE",0.668291615433154
"2","CRT",0.0249376558603491
