"","method","pval"
"1","AMCE",0.0824017937942921
"2","CRT",0.00748129675810474
