"","method","pval"
"1","AMCE",0.0998032715149396
"2","CRT",0.374064837905237
