"","method","pval"
"1","AMCE",0.0133384906316992
"2","CRT",0.00249376558603491
