"","method","pval"
"1","AMCE",0.0716747916430195
"2","CRT",0.00249376558603491
