"","method","pval"
"1","AMCE",0.0649108187911503
"2","CRT",0.0149625935162095
