"","method","pval"
"1","AMCE",0.025203781116005
"2","CRT",0.0623441396508728
