"","method","pval"
"1","AMCE",0.631852842640662
"2","CRT",0.0224438902743142
