"","method","pval"
"1","AMCE",0.0195386357227855
"2","CRT",0.680798004987531
