"","method","pval"
"1","AMCE",0.0890899506613211
"2","CRT",0.00498753117206983
