"","method","pval"
"1","AMCE",0.546675600639827
"2","CRT",0.241895261845387
