"","method","pval"
"1","AMCE",0.00458526881699433
"2","CRT",0.251870324189526
