"","method","pval"
"1","AMCE",0.0145545016803684
"2","CRT",0.00249376558603491
