"","method","pval"
"1","AMCE",0.209126756294644
"2","CRT",0.00249376558603491
