"","method","pval"
"1","AMCE",0.363926090122744
"2","CRT",0.00249376558603491
