"","method","pval"
"1","AMCE",0.00646410435642799
"2","CRT",0.14713216957606
