"","method","pval"
"1","AMCE",0.00734199056184215
"2","CRT",0.0124688279301746
