"","method","pval"
"1","AMCE",0.00467154372066567
"2","CRT",0.00997506234413965
