"","method","pval"
"1","AMCE",0.0235886193332667
"2","CRT",0.154613466334165
