"","method","pval"
"1","AMCE",0.13617674306009
"2","CRT",0.685785536159601
