"","method","pval"
"1","AMCE",0.0126588845187589
"2","CRT",0.14713216957606
