"","method","pval"
"1","AMCE",0.0173207358223579
"2","CRT",0.00748129675810474
