"","method","pval"
"1","AMCE",0.031798528542527
"2","CRT",0.264339152119701
