"","method","pval"
"1","AMCE",0.143262563253704
"2","CRT",0.00249376558603491
