"","method","pval"
"1","AMCE",0.200032095956229
"2","CRT",0.057356608478803
