"","method","pval"
"1","AMCE",0.0281698224278355
"2","CRT",0.00498753117206983
