"","method","pval"
"1","AMCE",0.662366599106669
"2","CRT",0.0324189526184539
