"","method","pval"
"1","AMCE",0.209751080252197
"2","CRT",0.536159600997506
