"","method","pval"
"1","AMCE",0.843895832441342
"2","CRT",0.708229426433915
