"","method","pval"
"1","AMCE",0.15003596445123
"2","CRT",0.00997506234413965
