"","method","pval"
"1","AMCE",0.0162903544482913
"2","CRT",0.0822942643391521
