"","method","pval"
"1","AMCE",0.00503656413293622
"2","CRT",0.00249376558603491
