"","method","pval"
"1","AMCE",0.0658932665205059
"2","CRT",0.00498753117206983
