"","method","pval"
"1","AMCE",0.00147147796310864
"2","CRT",0.209476309226933
