"","method","pval"
"1","AMCE",0.0445973382078323
"2","CRT",0.0149625935162095
