"","method","pval"
"1","AMCE",0.676775511933143
"2","CRT",0.00997506234413965
