"","method","pval"
"1","AMCE",0.154797567342678
"2","CRT",0.00498753117206983
