"","method","pval"
"1","AMCE",0.0757496986235264
"2","CRT",0.0249376558603491
