"","method","pval"
"1","AMCE",0.382456710399859
"2","CRT",0.0648379052369077
