"","method","pval"
"1","AMCE",0.0559051505135172
"2","CRT",0.00997506234413965
