"","method","pval"
"1","AMCE",0.273886965540583
"2","CRT",0.00997506234413965
