"","method","pval"
"1","AMCE",0.186150813591946
"2","CRT",0.00997506234413965
