"","method","pval"
"1","AMCE",0.0107489666375892
"2","CRT",0.0149625935162095
