"","method","pval"
"1","AMCE",0.542439553131321
"2","CRT",0.0374064837905237
