"","method","pval"
"1","AMCE",0.0319381787701215
"2","CRT",0.00249376558603491
