"","method","pval"
"1","AMCE",0.0678197625035604
"2","CRT",0.281795511221945
