"","method","pval"
"1","AMCE",0.00176097597676557
"2","CRT",0.00748129675810474
