"","method","pval"
"1","AMCE",0.00667435705837067
"2","CRT",0.029925187032419
