"","method","pval"
"1","AMCE",0.391155096857723
"2","CRT",0.0349127182044888
