"","method","pval"
"1","AMCE",0.0119142842537621
"2","CRT",0.15211970074813
