"","method","pval"
"1","AMCE",0.323642002399993
"2","CRT",0.14713216957606
