"","method","pval"
"1","AMCE",0.219725410451054
"2","CRT",0.0374064837905237
