"","method","pval"
"1","AMCE",0.130895012651044
"2","CRT",0.00498753117206983
