"","method","pval"
"1","AMCE",0.179671575982485
"2","CRT",0.00748129675810474
