"","method","pval"
"1","AMCE",0.724772487114102
"2","CRT",0.0199501246882793
