"","method","pval"
"1","AMCE",0.714859897153849
"2","CRT",0.309226932668329
