"","method","pval"
"1","AMCE",0.265366386182235
"2","CRT",0.645885286783042
