"","method","pval"
"1","AMCE",0.00547418987636369
"2","CRT",0.0124688279301746
