"","method","pval"
"1","AMCE",0.0231074085172269
"2","CRT",0.43142144638404
