"","method","pval"
"1","AMCE",0.392814990936075
"2","CRT",0.0124688279301746
