"","method","pval"
"1","AMCE",0.280188261670957
"2","CRT",0.00997506234413965
