"","method","pval"
"1","AMCE",0.00222263165270062
"2","CRT",0.29426433915212
