"","method","pval"
"1","AMCE",0.0176050915321647
"2","CRT",0.00498753117206983
