"","method","pval"
"1","AMCE",0.0859443668614503
"2","CRT",0.0374064837905237
