"","method","pval"
"1","AMCE",0.759632693904361
"2","CRT",0.359102244389027
