"","method","pval"
"1","AMCE",0.0467700753628732
"2","CRT",0.842892768079801
