"","method","pval"
"1","AMCE",0.100750221216808
"2","CRT",0.4214463840399
