"","method","pval"
"1","AMCE",0.747987518203476
"2","CRT",0.0723192019950125
