"","method","pval"
"1","AMCE",0.891699244676278
"2","CRT",0.271820448877805
