"","method","pval"
"1","AMCE",0.0033956321131967
"2","CRT",0.0249376558603491
