"","method","pval"
"1","AMCE",0.648493525521572
"2","CRT",0.00498753117206983
