"","method","pval"
"1","AMCE",0.0498467824527209
"2","CRT",0.0773067331670823
