"","method","pval"
"1","AMCE",0.295645339041946
"2","CRT",0.0423940149625935
