"","method","pval"
"1","AMCE",0.0779304049367208
"2","CRT",0.0124688279301746
