"","method","pval"
"1","AMCE",0.0070207265545492
"2","CRT",0.0773067331670823
