"","method","pval"
"1","AMCE",0.568855344031129
"2","CRT",0.169576059850374
