"","method","pval"
"1","AMCE",0.382349939951191
"2","CRT",0.00498753117206983
