"","method","pval"
"1","AMCE",0.084756632964504
"2","CRT",0.703241895261845
