"","method","pval"
"1","AMCE",0.381456405847725
"2","CRT",0.00249376558603491
