"","method","pval"
"1","AMCE",0.0949788967295312
"2","CRT",0.0399002493765586
