"","method","pval"
"1","AMCE",0.110929230719672
"2","CRT",0.0423940149625935
