"","method","pval"
"1","AMCE",0.24569113755782
"2","CRT",0.0324189526184539
