"","method","pval"
"1","AMCE",0.055709081532946
"2","CRT",0.00997506234413965
