"","method","pval"
"1","AMCE",0.0315060161233886
"2","CRT",0.0174563591022444
