"","method","pval"
"1","AMCE",0.00897806184115348
"2","CRT",0.655860349127182
