"","method","pval"
"1","AMCE",0.585615365257272
"2","CRT",0.428927680798005
