"","method","pval"
"1","AMCE",0.0183706043649667
"2","CRT",0.334164588528678
