"","method","pval"
"1","AMCE",0.01905614761714
"2","CRT",0.199501246882793
