"","method","pval"
"1","AMCE",0.464810026993778
"2","CRT",0.00249376558603491
