"","method","pval"
"1","AMCE",0.0502786723082862
"2","CRT",0.00249376558603491
