"","method","pval"
"1","AMCE",0.00920493155334878
"2","CRT",0.209476309226933
