"","method","pval"
"1","AMCE",0.163007980278683
"2","CRT",0.0872817955112219
