"","method","pval"
"1","AMCE",0.0129811444705915
"2","CRT",0.221945137157107
