"","method","pval"
"1","AMCE",0.00422527918936234
"2","CRT",0.124688279301746
