"","method","pval"
"1","AMCE",0.0173182758138216
"2","CRT",0.0947630922693267
