"","method","pval"
"1","AMCE",0.081004606717067
"2","CRT",0.0124688279301746
