"","method","pval"
"1","AMCE",0.186542242216089
"2","CRT",0.0224438902743142
