"","method","pval"
"1","AMCE",0.0140083583858491
"2","CRT",0.688279301745636
