"","method","pval"
"1","AMCE",0.0946527538455545
"2","CRT",0.00249376558603491
