"","method","pval"
"1","AMCE",0.168971344314002
"2","CRT",0.0149625935162095
