"","method","pval"
"1","AMCE",0.165724032576922
"2","CRT",0.00748129675810474
