"","method","pval"
"1","AMCE",0.367595645345656
"2","CRT",0.486284289276808
