"","method","pval"
"1","AMCE",0.0161567897567054
"2","CRT",0.0773067331670823
