"","method","pval"
"1","AMCE",0.01749406027504
"2","CRT",0.00748129675810474
