"","method","pval"
"1","AMCE",0.00886224373490117
"2","CRT",0.553615960099751
