"","method","pval"
"1","AMCE",0.160899271841068
"2","CRT",0.00997506234413965
