"","method","pval"
"1","AMCE",0.524948693103884
"2","CRT",0.00249376558603491
