"","method","pval"
"1","AMCE",0.172549222873813
"2","CRT",0.0174563591022444
