"","method","pval"
"1","AMCE",0.0218645844323655
"2","CRT",0.00997506234413965
