"","method","pval"
"1","AMCE",0.331105132945881
"2","CRT",0.219451371571072
