"","method","pval"
"1","AMCE",0.698163403753608
"2","CRT",0.0673316708229426
