"","method","pval"
"1","AMCE",0.0566678678471941
"2","CRT",0.246882793017456
