"","method","pval"
"1","AMCE",0.0167438435452551
"2","CRT",0.0249376558603491
