"","method","pval"
"1","AMCE",0.0032147298010989
"2","CRT",0.00997506234413965
