"","method","pval"
"1","AMCE",0.766960619468609
"2","CRT",0.0997506234413965
