"","method","pval"
"1","AMCE",0.0212086130012094
"2","CRT",0.0798004987531172
