"","method","pval"
"1","AMCE",0.110132785889366
"2","CRT",0.00249376558603491
