"","method","pval"
"1","AMCE",0.397756659089128
"2","CRT",0.00249376558603491
