"","method","pval"
"1","AMCE",0.00126071670382381
"2","CRT",0.0972568578553616
