"","method","pval"
"1","AMCE",0.0230981709373148
"2","CRT",0.0399002493765586
