"","method","pval"
"1","AMCE",0.672900851617537
"2","CRT",0.00249376558603491
