"","method","pval"
"1","AMCE",0.0252020918641454
"2","CRT",0.0199501246882793
