"","method","pval"
"1","AMCE",0.247464170539218
"2","CRT",0.0598503740648379
