"","method","pval"
"1","AMCE",0.0556526710407836
"2","CRT",0.00249376558603491
