"","method","pval"
"1","AMCE",0.646828763736525
"2","CRT",0.00498753117206983
