"","method","pval"
"1","AMCE",0.023639044112526
"2","CRT",0.00748129675810474
