"","method","pval"
"1","AMCE",0.192007396670582
"2","CRT",0.109725685785536
