"","method","pval"
"1","AMCE",0.0391630471353246
"2","CRT",0.00498753117206983
