"","method","pval"
"1","AMCE",0.0133710727177158
"2","CRT",0.00249376558603491
