"","method","pval"
"1","AMCE",0.0321649442830765
"2","CRT",0.0374064837905237
