"","method","pval"
"1","AMCE",0.0599078801865097
"2","CRT",0.301745635910224
