"","method","pval"
"1","AMCE",0.135786994673328
"2","CRT",0.027431421446384
