"","method","pval"
"1","AMCE",0.0363775570741057
"2","CRT",0.00249376558603491
