"","method","pval"
"1","AMCE",0.00536405252778361
"2","CRT",0.00748129675810474
