"","method","pval"
"1","AMCE",0.0520370414594507
"2","CRT",0.0723192019950125
