"","method","pval"
"1","AMCE",0.0657448637966584
"2","CRT",0.0673316708229426
