"","method","pval"
"1","AMCE",0.598628061267669
"2","CRT",0.00997506234413965
