"","method","pval"
"1","AMCE",0.170628775514517
"2","CRT",0.488778054862843
