"","method","pval"
"1","AMCE",0.0837282861745935
"2","CRT",0.00748129675810474
