"","method","pval"
"1","AMCE",0.0552063728283375
"2","CRT",0.00249376558603491
