"","method","pval"
"1","AMCE",0.457423601476305
"2","CRT",0.00997506234413965
