"","method","pval"
"1","AMCE",0.0175142027979446
"2","CRT",0.0174563591022444
