"","method","pval"
"1","AMCE",0.472220377906792
"2","CRT",0.0174563591022444
