"","method","pval"
"1","AMCE",0.00973982331351148
"2","CRT",0.127182044887781
