"","method","pval"
"1","AMCE",0.522903432052344
"2","CRT",0.281795511221945
