"","method","pval"
"1","AMCE",0.537335562489388
"2","CRT",0.0249376558603491
