"","method","pval"
"1","AMCE",0.228127050588691
"2","CRT",0.00498753117206983
