"","method","pval"
"1","AMCE",0.63591406550092
"2","CRT",0.00498753117206983
