"","method","pval"
"1","AMCE",0.998492158702729
"2","CRT",0.29426433915212
