"","method","pval"
"1","AMCE",0.12434879749305
"2","CRT",0.117206982543641
