"","method","pval"
"1","AMCE",0.478347958629682
"2","CRT",0.00498753117206983
