"","method","pval"
"1","AMCE",0.567280817103695
"2","CRT",0.0972568578553616
