"","method","pval"
"1","AMCE",0.0935987127524099
"2","CRT",0.0199501246882793
