"","method","pval"
"1","AMCE",0.029988757950593
"2","CRT",0.0249376558603491
