"","method","pval"
"1","AMCE",0.567129344208408
"2","CRT",0.214463840399002
