"","method","pval"
"1","AMCE",0.541220492988041
"2","CRT",0.231920199501247
