"","method","pval"
"1","AMCE",0.00622428585192967
"2","CRT",0.0124688279301746
