"","method","pval"
"1","AMCE",0.0161717292032461
"2","CRT",0.0249376558603491
