"","method","pval"
"1","AMCE",0.00912704767826419
"2","CRT",0.224438902743142
