"","method","pval"
"1","AMCE",0.0300694382792947
"2","CRT",0.386533665835411
