"","method","pval"
"1","AMCE",0.458810791875733
"2","CRT",0.00249376558603491
