"","method","pval"
"1","AMCE",0.0646068210156299
"2","CRT",0.15211970074813
