"","method","pval"
"1","AMCE",0.605018325171261
"2","CRT",0.329177057356608
