"","method","pval"
"1","AMCE",0.205304477284869
"2","CRT",0.084788029925187
