"","method","pval"
"1","AMCE",0.0720955044525447
"2","CRT",0.117206982543641
