"","method","pval"
"1","AMCE",0.0048332846661208
"2","CRT",0.122194513715711
