"","method","pval"
"1","AMCE",0.492581982288714
"2","CRT",0.164588528678304
