"","method","pval"
"1","AMCE",0.106495196192144
"2","CRT",0.00498753117206983
