"","method","pval"
"1","AMCE",0.0177811468764572
"2","CRT",0.00748129675810474
