"","method","pval"
"1","AMCE",0.0398259985400085
"2","CRT",0.00249376558603491
