"","method","pval"
"1","AMCE",0.225402925126436
"2","CRT",0.0798004987531172
