"","method","pval"
"1","AMCE",0.0775351510976686
"2","CRT",0.159600997506234
