"","method","pval"
"1","AMCE",0.00311368635382585
"2","CRT",0.625935162094763
