"","method","pval"
"1","AMCE",0.280327070305074
"2","CRT",0.0324189526184539
