"","method","pval"
"1","AMCE",0.00940223858608551
"2","CRT",0.571072319201995
