"","method","pval"
"1","AMCE",0.407628000063923
"2","CRT",0.00249376558603491
