"","method","pval"
"1","AMCE",0.0534967767180937
"2","CRT",0.00498753117206983
