"","method","pval"
"1","AMCE",0.752235892198882
"2","CRT",0.0623441396508728
