"","method","pval"
"1","AMCE",0.494668570168353
"2","CRT",0.0448877805486284
