"","method","pval"
"1","AMCE",0.399464009688287
"2","CRT",0.0174563591022444
