"","method","pval"
"1","AMCE",0.0578545769209418
"2","CRT",0.0648379052369077
