"","method","pval"
"1","AMCE",0.0403902263065504
"2","CRT",0.13216957605985
