"","method","pval"
"1","AMCE",0.00786472343572673
"2","CRT",0.216957605985037
