"","method","pval"
"1","AMCE",0.558418463277527
"2","CRT",0.206982543640898
