"","method","pval"
"1","AMCE",0.00937796806815512
"2","CRT",0.029925187032419
