"","method","pval"
"1","AMCE",0.212346231204446
"2","CRT",0.00498753117206983
