"","method","pval"
"1","AMCE",0.0325083408575018
"2","CRT",0.0174563591022444
