"","method","pval"
"1","AMCE",0.0119067275209185
"2","CRT",0.0773067331670823
