"","method","pval"
"1","AMCE",0.0157391356675958
"2","CRT",0.0149625935162095
