"","method","pval"
"1","AMCE",0.103719271910064
"2","CRT",0.027431421446384
