"","method","pval"
"1","AMCE",0.209812321055721
"2","CRT",0.0174563591022444
