"","method","pval"
"1","AMCE",0.273976530447142
"2","CRT",0.102244389027431
