"","method","pval"
"1","AMCE",0.0325890221543191
"2","CRT",0.084788029925187
