"","method","pval"
"1","AMCE",0.555520070839813
"2","CRT",0.314214463840399
