"","method","pval"
"1","AMCE",0.0570034448111032
"2","CRT",0.214463840399002
