"","method","pval"
"1","AMCE",0.833798764548544
"2","CRT",0.0773067331670823
