"","method","pval"
"1","AMCE",0.3051995224292
"2","CRT",0.0947630922693267
