"","method","pval"
"1","AMCE",0.000919439192259351
"2","CRT",0.149625935162095
