"","method","pval"
"1","AMCE",0.347399943611507
"2","CRT",0.0149625935162095
