"","method","pval"
"1","AMCE",0.00624309723347283
"2","CRT",0.184538653366584
