"","method","pval"
"1","AMCE",0.0607441513573339
"2","CRT",0.291770573566085
