"","method","pval"
"1","AMCE",0.0247554631520322
"2","CRT",0.00997506234413965
