"","method","pval"
"1","AMCE",0.039495765686964
"2","CRT",0.28428927680798
