"","method","pval"
"1","AMCE",0.505089177554175
"2","CRT",0.199501246882793
