"","method","pval"
"1","AMCE",0.634530232187109
"2","CRT",0.211970074812968
