"","method","pval"
"1","AMCE",0.386785060691769
"2","CRT",0.14214463840399
