"","method","pval"
"1","AMCE",0.134432618794711
"2","CRT",0.423940149625935
