"","method","pval"
"1","AMCE",0.079887297602105
"2","CRT",0.281795511221945
