"","method","pval"
"1","AMCE",0.0751343635298483
"2","CRT",0.0822942643391521
