"","method","pval"
"1","AMCE",0.00298963745609726
"2","CRT",0.0623441396508728
