"","method","pval"
"1","AMCE",0.174566030318998
"2","CRT",0.0124688279301746
