"","method","pval"
"1","AMCE",0.240582678686496
"2","CRT",0.483790523690773
