"","method","pval"
"1","AMCE",0.066525385212192
"2","CRT",0.00249376558603491
