"","method","pval"
"1","AMCE",0.21756589918014
"2","CRT",0.00498753117206983
