"","method","pval"
"1","AMCE",0.544422012726746
"2","CRT",0.581047381546135
