"","method","pval"
"1","AMCE",0.789586911846946
"2","CRT",0.0623441396508728
