"","method","pval"
"1","AMCE",0.161151301248927
"2","CRT",0.72568578553616
