"","method","pval"
"1","AMCE",0.307602533665533
"2","CRT",0.00249376558603491
