"","method","pval"
"1","AMCE",0.0115375771632104
"2","CRT",0.00997506234413965
