"","method","pval"
"1","AMCE",0.0455572964318094
"2","CRT",0.134663341645885
