"","method","pval"
"1","AMCE",0.314797747757697
"2","CRT",0.0224438902743142
