"","method","pval"
"1","AMCE",0.245100222384772
"2","CRT",0.0149625935162095
