"","method","pval"
"1","AMCE",0.00787050599350539
"2","CRT",0.00748129675810474
