"","method","pval"
"1","AMCE",0.100224393670896
"2","CRT",0.0199501246882793
