"","method","pval"
"1","AMCE",0.00295107792831962
"2","CRT",0.0523690773067332
