"","method","pval"
"1","AMCE",0.409241934481694
"2","CRT",0.00249376558603491
