"","method","pval"
"1","AMCE",0.119984545357314
"2","CRT",0.0723192019950125
