"","method","pval"
"1","AMCE",0.268606712004783
"2","CRT",0.0174563591022444
