"","method","pval"
"1","AMCE",0.24066166977239
"2","CRT",0.381546134663342
