"","method","pval"
"1","AMCE",0.0723208075341723
"2","CRT",0.00498753117206983
