"","method","pval"
"1","AMCE",0.0484473408304451
"2","CRT",0.0897755610972569
