"","method","pval"
"1","AMCE",0.16660957183467
"2","CRT",0.15211970074813
