"","method","pval"
"1","AMCE",0.589237885571199
"2","CRT",0.27930174563591
