"","method","pval"
"1","AMCE",0.0526347395026531
"2","CRT",0.0124688279301746
