"","method","pval"
"1","AMCE",0.00669468377002115
"2","CRT",0.00997506234413965
