"","method","pval"
"1","AMCE",0.0498167246760966
"2","CRT",0.433915211970075
