"","method","pval"
"1","AMCE",0.936671456764137
"2","CRT",0.167082294264339
