"","method","pval"
"1","AMCE",0.110792547991557
"2","CRT",0.423940149625935
