"","method","pval"
"1","AMCE",0.0972802147377636
"2","CRT",0.117206982543641
