"","method","pval"
"1","AMCE",0.0138833847655864
"2","CRT",0.72069825436409
