"","method","pval"
"1","AMCE",0.0106497623769487
"2","CRT",0.00748129675810474
