"","method","pval"
"1","AMCE",0.26808640999391
"2","CRT",0.0224438902743142
