"","method","pval"
"1","AMCE",0.0468750792060751
"2","CRT",0.0997506234413965
