"","method","pval"
"1","AMCE",0.2082951820175
"2","CRT",0.00249376558603491
