"","method","pval"
"1","AMCE",0.0912632352924256
"2","CRT",0.244389027431421
