"","method","pval"
"1","AMCE",0.331223289935014
"2","CRT",0.0249376558603491
