"","method","pval"
"1","AMCE",0.0810047389485316
"2","CRT",0.0224438902743142
