"","method","pval"
"1","AMCE",0.0599979124323624
"2","CRT",0.27930174563591
