"","method","pval"
"1","AMCE",0.0133086492580865
"2","CRT",0.0723192019950125
