"","method","pval"
"1","AMCE",0.0338657612176672
"2","CRT",0.0698254364089776
