"","method","pval"
"1","AMCE",0.125656610018049
"2","CRT",0.0698254364089776
