"","method","pval"
"1","AMCE",0.0497450778371039
"2","CRT",0.234413965087282
