"","method","pval"
"1","AMCE",0.96855981270632
"2","CRT",0.940149625935162
