"","method","pval"
"1","AMCE",0.0198990227217517
"2","CRT",0.506234413965087
