"","method","pval"
"1","AMCE",0.0439089652163485
"2","CRT",0.00249376558603491
