"","method","pval"
"1","AMCE",0.0525807349649842
"2","CRT",0.635910224438903
