"","method","pval"
"1","AMCE",0.173876599088587
"2","CRT",0.174563591022444
