"","method","pval"
"1","AMCE",0.0156601912017654
"2","CRT",0.498753117206983
