"","method","pval"
"1","AMCE",0.0416799438500694
"2","CRT",0.14713216957606
