"","method","pval"
"1","AMCE",0.710286718075601
"2","CRT",0.331670822942643
