"","method","pval"
"1","AMCE",0.255881238791932
"2","CRT",0.00748129675810474
