"","method","pval"
"1","AMCE",0.190627810145795
"2","CRT",0.0349127182044888
