"","method","pval"
"1","AMCE",0.217477855779993
"2","CRT",0.0149625935162095
