"","method","pval"
"1","AMCE",0.0881139952389619
"2","CRT",0.0349127182044888
