"","method","pval"
"1","AMCE",0.0244266447153613
"2","CRT",0.029925187032419
