"","method","pval"
"1","AMCE",0.256790653081538
"2","CRT",0.0124688279301746
