"","method","pval"
"1","AMCE",0.116503603005607
"2","CRT",0.660847880299252
