"","method","pval"
"1","AMCE",0.194380216155472
"2","CRT",0.00249376558603491
