"","method","pval"
"1","AMCE",0.0707292724536013
"2","CRT",0.0798004987531172
