"","method","pval"
"1","AMCE",0.475245552176964
"2","CRT",0.00748129675810474
