"","method","pval"
"1","AMCE",0.29930466731019
"2","CRT",0.768079800498753
