"","method","pval"
"1","AMCE",0.0176250329898763
"2","CRT",0.029925187032419
