"","method","pval"
"1","AMCE",0.502931394851314
"2","CRT",0.00249376558603491
