"","method","pval"
"1","AMCE",0.0110655419351479
"2","CRT",0.451371571072319
