"","method","pval"
"1","AMCE",0.0839710555116777
"2","CRT",0.00249376558603491
