"","method","pval"
"1","AMCE",0.116435357843037
"2","CRT",0.840399002493766
