"","method","pval"
"1","AMCE",0.00669728380295978
"2","CRT",0.00748129675810474
