"","method","pval"
"1","AMCE",0.019371074393189
"2","CRT",0.0548628428927681
