"","method","pval"
"1","AMCE",0.0152789603057248
"2","CRT",0.13715710723192
