"","method","pval"
"1","AMCE",0.171134711749342
"2","CRT",0.0947630922693267
