"","method","pval"
"1","AMCE",0.0302595721922678
"2","CRT",0.00997506234413965
