"","method","pval"
"1","AMCE",0.0354702903116533
"2","CRT",0.00748129675810474
