"","method","pval"
"1","AMCE",0.0259502950340177
"2","CRT",0.306733167082294
