"","method","pval"
"1","AMCE",0.0125941458923258
"2","CRT",0.00249376558603491
