"","method","pval"
"1","AMCE",0.0346898894930384
"2","CRT",0.0698254364089776
