"","method","pval"
"1","AMCE",0.0398363088101859
"2","CRT",0.117206982543641
