"","method","pval"
"1","AMCE",0.390284725538359
"2","CRT",0.0224438902743142
