"","method","pval"
"1","AMCE",0.00702222483588641
"2","CRT",0.57356608478803
