"","method","pval"
"1","AMCE",0.261744028656073
"2","CRT",0.354114713216958
