"","method","pval"
"1","AMCE",0.0270779671963314
"2","CRT",0.379052369077307
