"","method","pval"
"1","AMCE",0.031212050617829
"2","CRT",0.0648379052369077
