"","method","pval"
"1","AMCE",0.318967500374154
"2","CRT",0.640897755610973
