"","method","pval"
"1","AMCE",0.715005520553227
"2","CRT",0.0374064837905237
