"","method","pval"
"1","AMCE",0.0914552401146137
"2","CRT",0.0199501246882793
