"","method","pval"
"1","AMCE",0.0163107512390578
"2","CRT",0.379052369077307
