"","method","pval"
"1","AMCE",0.293324639213348
"2","CRT",0.00249376558603491
