"","method","pval"
"1","AMCE",0.056708140485762
"2","CRT",0.486284289276808
