"","method","pval"
"1","AMCE",0.87384687585323
"2","CRT",0.00249376558603491
