"","method","pval"
"1","AMCE",0.175034747873703
"2","CRT",0.184538653366584
