"","method","pval"
"1","AMCE",0.287355023545549
"2","CRT",0.029925187032419
