"","method","pval"
"1","AMCE",0.0413549271890165
"2","CRT",0.00997506234413965
