"","method","pval"
"1","AMCE",0.519271597632104
"2","CRT",0.027431421446384
