"","method","pval"
"1","AMCE",0.0335665962427324
"2","CRT",0.423940149625935
