"","method","pval"
"1","AMCE",0.703845295067755
"2","CRT",0.433915211970075
