"","method","pval"
"1","AMCE",0.137534848085125
"2","CRT",0.084788029925187
