"","method","pval"
"1","AMCE",0.489230031604488
"2","CRT",0.00748129675810474
