"","method","pval"
"1","AMCE",0.202247544864294
"2","CRT",0.356608478802993
