"","method","pval"
"1","AMCE",0.00969752361594533
"2","CRT",0.0249376558603491
