"","method","pval"
"1","AMCE",0.106823595837707
"2","CRT",0.0149625935162095
