"","method","pval"
"1","AMCE",0.0328059734023948
"2","CRT",0.027431421446384
