"","method","pval"
"1","AMCE",0.321489544128858
"2","CRT",0.00997506234413965
