"","method","pval"
"1","AMCE",0.168124172377919
"2","CRT",0.0698254364089776
