"","method","pval"
"1","AMCE",0.298807256205546
"2","CRT",0.0922693266832918
