"","method","pval"
"1","AMCE",0.115909207142389
"2","CRT",0.112219451371571
