"","method","pval"
"1","AMCE",0.0233347507145808
"2","CRT",0.159600997506234
