"","method","pval"
"1","AMCE",0.0380300656244198
"2","CRT",0.351620947630923
