"","method","pval"
"1","AMCE",0.0353059884334093
"2","CRT",0.13715710723192
