"","method","pval"
"1","AMCE",0.400893307746177
"2","CRT",0.0149625935162095
