"","method","pval"
"1","AMCE",0.0685593396682696
"2","CRT",0.0174563591022444
