"","method","pval"
"1","AMCE",0.0867154400105081
"2","CRT",0.0673316708229426
