"","method","pval"
"1","AMCE",0.564565033190364
"2","CRT",0.00498753117206983
