"","method","pval"
"1","AMCE",0.481726273511787
"2","CRT",0.0423940149625935
