"","method","pval"
"1","AMCE",0.00183408761370768
"2","CRT",0.0723192019950125
