"","method","pval"
"1","AMCE",0.182877856466829
"2","CRT",0.0623441396508728
