"","method","pval"
"1","AMCE",0.597325807407327
"2","CRT",0.00249376558603491
