"","method","pval"
"1","AMCE",0.248518114818858
"2","CRT",0.0124688279301746
