"","method","pval"
"1","AMCE",0.0527097375179523
"2","CRT",0.940149625935162
