"","method","pval"
"1","AMCE",0.662540756966223
"2","CRT",0.668329177057357
