"","method","pval"
"1","AMCE",0.00189435068243314
"2","CRT",0.1571072319202
