"","method","pval"
"1","AMCE",0.252347336523566
"2","CRT",0.00249376558603491
