"","method","pval"
"1","AMCE",0.945756058024968
"2","CRT",0.134663341645885
