"","method","pval"
"1","AMCE",0.00918092065334424
"2","CRT",0.216957605985037
