"","method","pval"
"1","AMCE",0.0318966276179195
"2","CRT",0.930174563591022
