"","method","pval"
"1","AMCE",0.291704133486451
"2","CRT",0.00498753117206983
