"","method","pval"
"1","AMCE",0.0626527301285179
"2","CRT",0.0922693266832918
