"","method","pval"
"1","AMCE",0.0788660469029193
"2","CRT",0.027431421446384
