"","method","pval"
"1","AMCE",0.0881540667709446
"2","CRT",0.546134663341646
