"","method","pval"
"1","AMCE",0.0225425557890585
"2","CRT",0.00748129675810474
