"","method","pval"
"1","AMCE",0.00875870745176703
"2","CRT",0.00997506234413965
