"","method","pval"
"1","AMCE",0.00690396063283829
"2","CRT",0.00997506234413965
