"","method","pval"
"1","AMCE",0.731975815570398
"2","CRT",0.00498753117206983
