"","method","pval"
"1","AMCE",0.0506772666889316
"2","CRT",0.00249376558603491
