"","method","pval"
"1","AMCE",0.139791204740723
"2","CRT",0.0124688279301746
