"","method","pval"
"1","AMCE",0.00709775841781723
"2","CRT",0.254364089775561
