"","method","pval"
"1","AMCE",0.116782026785455
"2","CRT",0.0224438902743142
