"","method","pval"
"1","AMCE",0.265546939690666
"2","CRT",0.00997506234413965
