"","method","pval"
"1","AMCE",0.645202807861677
"2","CRT",0.13216957605985
