"","method","pval"
"1","AMCE",0.264939996677248
"2","CRT",0.0349127182044888
