"","method","pval"
"1","AMCE",0.332264992080837
"2","CRT",0.154613466334165
