"","method","pval"
"1","AMCE",0.589244479624395
"2","CRT",0.14214463840399
