"","method","pval"
"1","AMCE",0.00319721108812503
"2","CRT",0.0224438902743142
