"","method","pval"
"1","AMCE",0.0284238979541481
"2","CRT",0.309226932668329
