"","method","pval"
"1","AMCE",0.0340787621438812
"2","CRT",0.0349127182044888
