"","method","pval"
"1","AMCE",0.163039485165316
"2","CRT",0.481296758104738
