"","method","pval"
"1","AMCE",0.123877500946648
"2","CRT",0.00498753117206983
