"","method","pval"
"1","AMCE",0.100561606600986
"2","CRT",0.0598503740648379
