"","method","pval"
"1","AMCE",0.0370967541986453
"2","CRT",0.0349127182044888
