"","method","pval"
"1","AMCE",0.0691172748975635
"2","CRT",0.219451371571072
