"","method","pval"
"1","AMCE",1.88219302850647e-05
"2","CRT",0.0673316708229426
