"","method","pval"
"1","AMCE",0.0199946837365364
"2","CRT",0.129675810473815
