"","method","pval"
"1","AMCE",0.519308571337183
"2","CRT",0.0822942643391521
