"","method","pval"
"1","AMCE",0.229383972167706
"2","CRT",0.0598503740648379
