"","method","pval"
"1","AMCE",0.330149972426003
"2","CRT",0.957605985037406
