"","method","pval"
"1","AMCE",0.0819721273993761
"2","CRT",0.0673316708229426
