"","method","pval"
"1","AMCE",0.109979324574903
"2","CRT",0.0249376558603491
