"","method","pval"
"1","AMCE",0.111618744136509
"2","CRT",0.0648379052369077
