"","method","pval"
"1","AMCE",0.0200802674491217
"2","CRT",0.204488778054863
