"","method","pval"
"1","AMCE",0.260037287639753
"2","CRT",0.154613466334165
