"","method","pval"
"1","AMCE",0.0687701502884523
"2","CRT",0.182044887780549
