"","method","pval"
"1","AMCE",0.0690811161950068
"2","CRT",0.14214463840399
