"","method","pval"
"1","AMCE",0.013940001673862
"2","CRT",0.00997506234413965
