"","method","pval"
"1","AMCE",0.0551203050414777
"2","CRT",0.0124688279301746
