"","method","pval"
"1","AMCE",0.25520043263699
"2","CRT",0.219451371571072
