"","method","pval"
"1","AMCE",0.0398119469623908
"2","CRT",0.00249376558603491
