"","method","pval"
"1","AMCE",0.00838990007401381
"2","CRT",0.00498753117206983
