"","method","pval"
"1","AMCE",0.10584205873254
"2","CRT",0.0174563591022444
