"","method","pval"
"1","AMCE",0.0170331066416499
"2","CRT",0.00249376558603491
