"","method","pval"
"1","AMCE",0.00929764827667016
"2","CRT",0.134663341645885
