"","method","pval"
"1","AMCE",0.0313457579660064
"2","CRT",0.0324189526184539
