"","method","pval"
"1","AMCE",0.0906265465053369
"2","CRT",0.456359102244389
