"","method","pval"
"1","AMCE",0.874287053624808
"2","CRT",0.0374064837905237
