"","method","pval"
"1","AMCE",0.0484122967898875
"2","CRT",0.27930174563591
