"","method","pval"
"1","AMCE",0.883276480326424
"2","CRT",0.154613466334165
