"","method","pval"
"1","AMCE",0.122966715238712
"2","CRT",0.0698254364089776
