"","method","pval"
"1","AMCE",0.00944108281178896
"2","CRT",0.0623441396508728
