"","method","pval"
"1","AMCE",0.0157667911526881
"2","CRT",0.399002493765586
