"","method","pval"
"1","AMCE",0.308816098962331
"2","CRT",0.14214463840399
