"","method","pval"
"1","AMCE",0.149217224878846
"2","CRT",0.0124688279301746
