"","method","pval"
"1","AMCE",0.262836606163916
"2","CRT",0.027431421446384
