"","method","pval"
"1","AMCE",0.166380711685098
"2","CRT",0.129675810473815
