"","method","pval"
"1","AMCE",0.0590005122647938
"2","CRT",0.0149625935162095
