"","method","pval"
"1","AMCE",0.0719731049843462
"2","CRT",0.339152119700748
