"","method","pval"
"1","AMCE",0.0443230575875102
"2","CRT",0.00249376558603491
