"","method","pval"
"1","AMCE",0.0667098701364591
"2","CRT",0.122194513715711
