"","method","pval"
"1","AMCE",0.127694354158427
"2","CRT",0.0149625935162095
