"","method","pval"
"1","AMCE",0.0224688905986035
"2","CRT",0.0124688279301746
