"","method","pval"
"1","AMCE",0.0848481490919045
"2","CRT",0.0124688279301746
