"","method","pval"
"1","AMCE",0.330560570836859
"2","CRT",0.0897755610972569
