"","method","pval"
"1","AMCE",0.297994040850421
"2","CRT",0.00249376558603491
