"","method","pval"
"1","AMCE",0.178758790917776
"2","CRT",0.882793017456359
