"","method","pval"
"1","AMCE",0.11304631024712
"2","CRT",0.920199501246883
