"","method","pval"
"1","AMCE",0.10192712397335
"2","CRT",0.0149625935162095
