"","method","pval"
"1","AMCE",0.999469758316595
"2","CRT",0.00748129675810474
