"","method","pval"
"1","AMCE",0.259883766523052
"2","CRT",0.0149625935162095
