"","method","pval"
"1","AMCE",0.0744627491575317
"2","CRT",0.334164588528678
