"","method","pval"
"1","AMCE",0.00211525175011754
"2","CRT",0.448877805486284
