"","method","pval"
"1","AMCE",0.0203630332658076
"2","CRT",0.0773067331670823
