"","method","pval"
"1","AMCE",0.327207448180913
"2","CRT",0.00748129675810474
