"","method","pval"
"1","AMCE",0.140535119066359
"2","CRT",0.523690773067332
