"","method","pval"
"1","AMCE",0.165859557988205
"2","CRT",0.0124688279301746
