"","method","pval"
"1","AMCE",0.0481872499959548
"2","CRT",0.00748129675810474
