"","method","pval"
"1","AMCE",0.010361766296112
"2","CRT",0.00249376558603491
