"","method","pval"
"1","AMCE",0.449311775864769
"2","CRT",0.326683291770574
