"","method","pval"
"1","AMCE",0.0226215577162038
"2","CRT",0.00249376558603491
