"","method","pval"
"1","AMCE",0.155712944836915
"2","CRT",0.00249376558603491
