"","method","pval"
"1","AMCE",0.900855458344683
"2","CRT",0.0374064837905237
