"","method","pval"
"1","AMCE",0.00106698621113781
"2","CRT",0.0673316708229426
