"","method","pval"
"1","AMCE",0.0375702485665609
"2","CRT",0.00249376558603491
