"","method","pval"
"1","AMCE",0.20317850675607
"2","CRT",0.00249376558603491
