"","method","pval"
"1","AMCE",0.171533415180481
"2","CRT",0.00498753117206983
