"","method","pval"
"1","AMCE",0.068474048370461
"2","CRT",0.00748129675810474
