"","method","pval"
"1","AMCE",0.118555710408748
"2","CRT",0.00498753117206983
