"","method","pval"
"1","AMCE",0.144066729304967
"2","CRT",0.0773067331670823
