"","method","pval"
"1","AMCE",0.0603571716018316
"2","CRT",0.109725685785536
