"","method","pval"
"1","AMCE",0.0787831446254902
"2","CRT",0.663341645885287
