"","method","pval"
"1","AMCE",0.324853421426743
"2","CRT",0.00249376558603491
