"","method","pval"
"1","AMCE",0.312953618381701
"2","CRT",0.167082294264339
