"","method","pval"
"1","AMCE",0.645796063717896
"2","CRT",0.122194513715711
