"","method","pval"
"1","AMCE",0.432325059928505
"2","CRT",0.15211970074813
