"","method","pval"
"1","AMCE",0.537121796918793
"2","CRT",0.0349127182044888
