"","method","pval"
"1","AMCE",0.289838564806423
"2","CRT",0.0922693266832918
