"","method","pval"
"1","AMCE",0.336298077587799
"2","CRT",0.521197007481297
