"","method","pval"
"1","AMCE",0.288414236927486
"2","CRT",0.119700748129676
