"","method","pval"
"1","AMCE",0.0199158917885807
"2","CRT",0.00748129675810474
