"","method","pval"
"1","AMCE",0.0737965748569457
"2","CRT",0.184538653366584
