"","method","pval"
"1","AMCE",0.249376284253882
"2","CRT",0.00249376558603491
