"","method","pval"
"1","AMCE",0.491135076495796
"2","CRT",0.134663341645885
