"","method","pval"
"1","AMCE",0.0896172609481689
"2","CRT",0.0698254364089776
