"","method","pval"
"1","AMCE",0.0475680993869724
"2","CRT",0.0548628428927681
