"","method","pval"
"1","AMCE",0.143886687639868
"2","CRT",0.0174563591022444
