"","method","pval"
"1","AMCE",0.580022308097065
"2","CRT",0.0149625935162095
