"","method","pval"
"1","AMCE",0.0419904474910543
"2","CRT",0.264339152119701
