"","method","pval"
"1","AMCE",0.0154341483051163
"2","CRT",0.86783042394015
