"","method","pval"
"1","AMCE",0.0240966086569769
"2","CRT",0.0972568578553616
