"","method","pval"
"1","AMCE",0.0766232911109841
"2","CRT",0.693266832917706
