"","method","pval"
"1","AMCE",0.166806744466388
"2","CRT",0.0324189526184539
