"","method","pval"
"1","AMCE",0.0820498708541787
"2","CRT",0.14713216957606
