"","method","pval"
"1","AMCE",0.570781894459796
"2","CRT",0.0748129675810474
