"","method","pval"
"1","AMCE",0.0233828060104666
"2","CRT",0.084788029925187
