"","method","pval"
"1","AMCE",0.0354619111585117
"2","CRT",0.00498753117206983
