"","method","pval"
"1","AMCE",0.513450899123982
"2","CRT",0.0448877805486284
