"","method","pval"
"1","AMCE",0.219285832887309
"2","CRT",0.718204488778055
