"","method","pval"
"1","AMCE",0.115996272200347
"2","CRT",0.0124688279301746
