"","method","pval"
"1","AMCE",0.0801742680687229
"2","CRT",0.0773067331670823
