"","method","pval"
"1","AMCE",0.493025312877253
"2","CRT",0.0324189526184539
