"","method","pval"
"1","AMCE",0.117108731917075
"2","CRT",0.922693266832918
