"","method","pval"
"1","AMCE",0.000148035736613737
"2","CRT",0.0423940149625935
