"","method","pval"
"1","AMCE",0.454758072128633
"2","CRT",0.00748129675810474
