"","method","pval"
"1","AMCE",0.0191526554871326
"2","CRT",0.102244389027431
