"","method","pval"
"1","AMCE",0.167550360545746
"2","CRT",0.00748129675810474
