"","method","pval"
"1","AMCE",0.0122123202866015
"2","CRT",0.354114713216958
