"","method","pval"
"1","AMCE",0.00903050217501573
"2","CRT",0.0224438902743142
