"","method","pval"
"1","AMCE",0.00368631500550586
"2","CRT",0.790523690773067
