"","method","pval"
"1","AMCE",0.23187037165679
"2","CRT",0.473815461346633
