"","method","pval"
"1","AMCE",0.153633370113108
"2","CRT",0.0972568578553616
