"","method","pval"
"1","AMCE",0.0905444994070468
"2","CRT",0.00249376558603491
