"","method","pval"
"1","AMCE",0.00742029263258054
"2","CRT",0.0224438902743142
