"","method","pval"
"1","AMCE",0.0306623178669507
"2","CRT",0.28927680798005
