"","method","pval"
"1","AMCE",0.180415378150216
"2","CRT",0.528678304239402
