"","method","pval"
"1","AMCE",0.00616422541362465
"2","CRT",0.0174563591022444
