"","method","pval"
"1","AMCE",0.135769778212687
"2","CRT",0.0523690773067332
