"","method","pval"
"1","AMCE",0.184476594498537
"2","CRT",0.0498753117206983
