"","method","pval"
"1","AMCE",0.272226983071365
"2","CRT",0.423940149625935
