"","method","pval"
"1","AMCE",0.0260217266050534
"2","CRT",0.027431421446384
