"","method","pval"
"1","AMCE",0.155163592452239
"2","CRT",0.029925187032419
