"","method","pval"
"1","AMCE",0.0212930439867083
"2","CRT",0.00498753117206983
