"","method","pval"
"1","AMCE",0.00487847850035567
"2","CRT",0.00997506234413965
