"","method","pval"
"1","AMCE",0.00921510175105252
"2","CRT",0.0224438902743142
