"","method","pval"
"1","AMCE",0.282431348237356
"2","CRT",0.214463840399002
