"","method","pval"
"1","AMCE",0.0832250141632599
"2","CRT",0.084788029925187
