"","method","pval"
"1","AMCE",0.0747957327059398
"2","CRT",0.00249376558603491
