"","method","pval"
"1","AMCE",0.191326402168726
"2","CRT",0.99501246882793
