"","method","pval"
"1","AMCE",0.865133646434686
"2","CRT",0.0623441396508728
