"","method","pval"
"1","AMCE",0.29011323144877
"2","CRT",0.0249376558603491
