"","method","pval"
"1","AMCE",0.00135999807711384
"2","CRT",0.14713216957606
