"","method","pval"
"1","AMCE",0.0388723716795235
"2","CRT",0.521197007481297
