"","method","pval"
"1","AMCE",0.0307300150287353
"2","CRT",0.204488778054863
