"","method","pval"
"1","AMCE",0.00162862873373195
"2","CRT",0.291770573566085
