"","method","pval"
"1","AMCE",0.0557265368537111
"2","CRT",0.70074812967581
