"","method","pval"
"1","AMCE",0.00230705629680098
"2","CRT",0.533665835411471
