"","method","pval"
"1","AMCE",0.0136724790064834
"2","CRT",0.149625935162095
