"","method","pval"
"1","AMCE",0.291468711111318
"2","CRT",0.0174563591022444
