"","method","pval"
"1","AMCE",0.234031851087496
"2","CRT",0.102244389027431
