"","method","pval"
"1","AMCE",0.0897232737251309
"2","CRT",0.00997506234413965
