"","method","pval"
"1","AMCE",0.000543815313973981
"2","CRT",0.204488778054863
