"","method","pval"
"1","AMCE",0.494663235489516
"2","CRT",0.0798004987531172
