"","method","pval"
"1","AMCE",0.0135611788540849
"2","CRT",0.15211970074813
