"","method","pval"
"1","AMCE",0.266938618186049
"2","CRT",0.00249376558603491
