"","method","pval"
"1","AMCE",0.0475605896692488
"2","CRT",0.0149625935162095
