"","method","pval"
"1","AMCE",0.869643508387142
"2","CRT",0.00748129675810474
