"","method","pval"
"1","AMCE",0.115288149794591
"2","CRT",0.224438902743142
