"","method","pval"
"1","AMCE",0.019966280262445
"2","CRT",0.104738154613466
