"","method","pval"
"1","AMCE",0.0675047689032369
"2","CRT",0.0374064837905237
