"","method","pval"
"1","AMCE",0.488902744612132
"2","CRT",0.0448877805486284
