"","method","pval"
"1","AMCE",0.0234922172664337
"2","CRT",0.0448877805486284
