"","method","pval"
"1","AMCE",0.339579332165549
"2","CRT",0.0623441396508728
