"","method","pval"
"1","AMCE",0.200935440266573
"2","CRT",0.027431421446384
