"","method","pval"
"1","AMCE",0.192186996608406
"2","CRT",0.00498753117206983
