"","method","pval"
"1","AMCE",0.0543187971662125
"2","CRT",0.00249376558603491
