"","method","pval"
"1","AMCE",0.0614791489417082
"2","CRT",0.246882793017456
