"","method","pval"
"1","AMCE",0.723407158426477
"2","CRT",0.0399002493765586
