"","method","pval"
"1","AMCE",0.592087894369648
"2","CRT",0.488778054862843
