"","method","pval"
"1","AMCE",0.0141580698693494
"2","CRT",0.134663341645885
