"","method","pval"
"1","AMCE",0.0041191483744063
"2","CRT",0.0149625935162095
