"","method","pval"
"1","AMCE",0.0836574477717245
"2","CRT",0.0249376558603491
