"","method","pval"
"1","AMCE",0.0135486551369963
"2","CRT",0.389027431421446
