"","method","pval"
"1","AMCE",0.0460842626448769
"2","CRT",0.084788029925187
