"","method","pval"
"1","AMCE",0.746022621442541
"2","CRT",0.478802992518703
