"","method","pval"
"1","AMCE",0.0952776775027639
"2","CRT",0.00498753117206983
