"","method","pval"
"1","AMCE",0.164393169004431
"2","CRT",0.00249376558603491
