"","method","pval"
"1","AMCE",0.283408360772249
"2","CRT",0.0374064837905237
