"","method","pval"
"1","AMCE",0.0164794591022378
"2","CRT",0.0947630922693267
