"","method","pval"
"1","AMCE",0.0283466280100251
"2","CRT",0.00249376558603491
