"","method","pval"
"1","AMCE",0.739954905434942
"2","CRT",0.0199501246882793
