"","method","pval"
"1","AMCE",0.363940803334181
"2","CRT",0.00498753117206983
