"","method","pval"
"1","AMCE",0.274461202407303
"2","CRT",0.344139650872818
