"","method","pval"
"1","AMCE",0.900797613418719
"2","CRT",0.201995012468828
