"","method","pval"
"1","AMCE",0.017065561568674
"2","CRT",0.226932668329177
