"","method","pval"
"1","AMCE",0.0366679531200707
"2","CRT",0.104738154613466
