"","method","pval"
"1","AMCE",0.0126075136724027
"2","CRT",0.0199501246882793
