"","method","pval"
"1","AMCE",0.802612831463354
"2","CRT",0.0199501246882793
