"","method","pval"
"1","AMCE",0.434970492469091
"2","CRT",0.00249376558603491
