"","method","pval"
"1","AMCE",0.155289054009784
"2","CRT",0.0548628428927681
