"","method","pval"
"1","AMCE",0.0608465978571776
"2","CRT",0.0199501246882793
