"","method","pval"
"1","AMCE",0.0309000779955041
"2","CRT",0.00748129675810474
