"","method","pval"
"1","AMCE",0.00177901087818003
"2","CRT",0.129675810473815
