"","method","pval"
"1","AMCE",0.999999999999996
"2","CRT",0.00249376558603491
