"","method","pval"
"1","AMCE",0.127690034131081
"2","CRT",0.0598503740648379
