"","method","pval"
"1","AMCE",0.929144221542127
"2","CRT",0.00997506234413965
