"","method","pval"
"1","AMCE",0.0798092136957389
"2","CRT",0.00249376558603491
