"","method","pval"
"1","AMCE",0.083668168216191
"2","CRT",0.144638403990025
