"","method","pval"
"1","AMCE",0.145915530751283
"2","CRT",0.603491271820449
