"","method","pval"
"1","AMCE",0.125034010609657
"2","CRT",0.00249376558603491
