"","method","pval"
"1","AMCE",0.82320359967287
"2","CRT",0.184538653366584
