"","method","pval"
"1","AMCE",0.00741934138224486
"2","CRT",0.0199501246882793
