"","method","pval"
"1","AMCE",0.00581623907933614
"2","CRT",0.201995012468828
