"","method","pval"
"1","AMCE",0.00103835826416409
"2","CRT",0.00748129675810474
