"","method","pval"
"1","AMCE",0.0109622743587768
"2","CRT",0.0199501246882793
