"","method","pval"
"1","AMCE",0.13652296034489
"2","CRT",0.29925187032419
