"","method","pval"
"1","AMCE",0.0454853887910479
"2","CRT",0.159600997506234
