"","method","pval"
"1","AMCE",0.0835401976717723
"2","CRT",0.00748129675810474
