"","method","pval"
"1","AMCE",0.119676895437881
"2","CRT",0.0349127182044888
