"","method","pval"
"1","AMCE",0.0118040419477758
"2","CRT",0.0374064837905237
