"","method","pval"
"1","AMCE",0.0828736628934943
"2","CRT",0.0249376558603491
