"","method","pval"
"1","AMCE",0.00946454335965266
"2","CRT",0.234413965087282
