"","method","pval"
"1","AMCE",0.269445687408047
"2","CRT",0.00997506234413965
