"","method","pval"
"1","AMCE",0.315586132663607
"2","CRT",0.209476309226933
