"","method","pval"
"1","AMCE",0.0234737156760842
"2","CRT",0.389027431421446
