"","method","pval"
"1","AMCE",0.162102573943106
"2","CRT",0.00249376558603491
