"","method","pval"
"1","AMCE",0.0106658945230949
"2","CRT",0.0374064837905237
