"","method","pval"
"1","AMCE",0.0271527808912987
"2","CRT",0.00498753117206983
