"","method","pval"
"1","AMCE",0.103843173042742
"2","CRT",0.00498753117206983
