"","method","pval"
"1","AMCE",0.00511732042877127
"2","CRT",0.912718204488778
