"","method","pval"
"1","AMCE",0.175889225353267
"2","CRT",0.00748129675810474
