"","method","pval"
"1","AMCE",0.227335279209834
"2","CRT",0.0423940149625935
