"","method","pval"
"1","AMCE",0.28408757305737
"2","CRT",0.0124688279301746
