"","method","pval"
"1","AMCE",0.105759463774332
"2","CRT",0.0174563591022444
