"","method","pval"
"1","AMCE",0.01632926681275
"2","CRT",0.00249376558603491
