"","method","pval"
"1","AMCE",0.535455860003233
"2","CRT",0.084788029925187
