"","method","pval"
"1","AMCE",0.0694775520009912
"2","CRT",0.0523690773067332
