"","method","pval"
"1","AMCE",0.786007680891879
"2","CRT",0.84788029925187
