"","method","pval"
"1","AMCE",0.0533054712554549
"2","CRT",0.00748129675810474
