"","method","pval"
"1","AMCE",0.601853436307259
"2","CRT",0.0548628428927681
