"","method","pval"
"1","AMCE",0.270250882420344
"2","CRT",0.029925187032419
