"","method","pval"
"1","AMCE",0.00382168586833289
"2","CRT",0.00498753117206983
