"","method","pval"
"1","AMCE",0.329003792999292
"2","CRT",0.1571072319202
