"","method","pval"
"1","AMCE",0.19482029340453
"2","CRT",0.029925187032419
