"","method","pval"
"1","AMCE",0.0179619101687646
"2","CRT",0.735660847880299
