"","method","pval"
"1","AMCE",0.134373512461849
"2","CRT",0.027431421446384
