"","method","pval"
"1","AMCE",0.391462087014714
"2","CRT",0.0598503740648379
