"","method","pval"
"1","AMCE",0.380086295746844
"2","CRT",0.14713216957606
