"","method","pval"
"1","AMCE",0.0253386637484112
"2","CRT",0.379052369077307
