"","method","pval"
"1","AMCE",0.147681576790809
"2","CRT",0.371571072319202
