"","method","pval"
"1","AMCE",0.664229894700596
"2","CRT",0.122194513715711
