"","method","pval"
"1","AMCE",0.167688184659901
"2","CRT",0.438902743142145
