"","method","pval"
"1","AMCE",0.0016682730254603
"2","CRT",0.0473815461346633
