"","method","pval"
"1","AMCE",0.811819042709787
"2","CRT",0.00748129675810474
