"","method","pval"
"1","AMCE",0.0235516491083874
"2","CRT",0.0224438902743142
