"","method","pval"
"1","AMCE",0.438625248639506
"2","CRT",0.43640897755611
