"","method","pval"
"1","AMCE",0.073584453715026
"2","CRT",0.114713216957606
