"","method","pval"
"1","AMCE",0.00166996021206787
"2","CRT",0.0149625935162095
