"","method","pval"
"1","AMCE",0.17939725629437
"2","CRT",0.0673316708229426
