"","method","pval"
"1","AMCE",0.378660081910863
"2","CRT",0.00498753117206983
