"","method","pval"
"1","AMCE",0.452085733628307
"2","CRT",0.00997506234413965
