"","method","pval"
"1","AMCE",0.0741957618727044
"2","CRT",0.0149625935162095
