"","method","pval"
"1","AMCE",0.408753804494994
"2","CRT",0.114713216957606
