"","method","pval"
"1","AMCE",0.124491487408436
"2","CRT",0.00748129675810474
