"","method","pval"
"1","AMCE",0.288395761328666
"2","CRT",0.00249376558603491
