"","method","pval"
"1","AMCE",0.0263829270807887
"2","CRT",0.211970074812968
