"","method","pval"
"1","AMCE",0.252197750185122
"2","CRT",0.0124688279301746
