"","method","pval"
"1","AMCE",0.0222431329724188
"2","CRT",0.174563591022444
