"","method","pval"
"1","AMCE",0.802074392198814
"2","CRT",0.892768079800499
