"","method","pval"
"1","AMCE",0.138767767633181
"2","CRT",0.134663341645885
