"","method","pval"
"1","AMCE",0.175746943972346
"2","CRT",0.00249376558603491
