"","method","pval"
"1","AMCE",0.0593746188372819
"2","CRT",0.0124688279301746
