"","method","pval"
"1","AMCE",0.313616204132481
"2","CRT",0.0124688279301746
