"","method","pval"
"1","AMCE",0.203497990250847
"2","CRT",0.00249376558603491
