"","method","pval"
"1","AMCE",0.0182248444771076
"2","CRT",0.877805486284289
