"","method","pval"
"1","AMCE",0.185813717887907
"2","CRT",0.122194513715711
