"","method","pval"
"1","AMCE",0.141631678531666
"2","CRT",0.0473815461346633
