"","method","pval"
"1","AMCE",0.00149053291256356
"2","CRT",0.0124688279301746
