"","method","pval"
"1","AMCE",0.698591373732702
"2","CRT",0.00249376558603491
