"","method","pval"
"1","AMCE",0.13654311188905
"2","CRT",0.00498753117206983
