"","method","pval"
"1","AMCE",0.027598872321128
"2","CRT",0.0698254364089776
