"","method","pval"
"1","AMCE",0.0287654790790254
"2","CRT",0.526184538653367
