"","method","pval"
"1","AMCE",0.702953513249613
"2","CRT",0.084788029925187
