"","method","pval"
"1","AMCE",0.36294408660778
"2","CRT",0.0124688279301746
