"","method","pval"
"1","AMCE",0.0813763427922874
"2","CRT",0.00498753117206983
