"","method","pval"
"1","AMCE",0.408720547349545
"2","CRT",0.00498753117206983
