"","method","pval"
"1","AMCE",0.665248945101232
"2","CRT",0.0149625935162095
