"","method","pval"
"1","AMCE",0.0247965909633568
"2","CRT",0.00748129675810474
