"","method","pval"
"1","AMCE",0.00705755936828925
"2","CRT",0.00249376558603491
