"","method","pval"
"1","AMCE",0.000391825598178022
"2","CRT",0.356608478802993
