"","method","pval"
"1","AMCE",0.00228528434246602
"2","CRT",0.029925187032419
