"","method","pval"
"1","AMCE",0.0184107083506486
"2","CRT",0.0124688279301746
