"","method","pval"
"1","AMCE",0.0209287469882642
"2","CRT",0.0423940149625935
