"","method","pval"
"1","AMCE",0.0471117368272883
"2","CRT",0.0922693266832918
