"","method","pval"
"1","AMCE",0.127684784084815
"2","CRT",0.261845386533666
