"","method","pval"
"1","AMCE",0.00810588599268044
"2","CRT",0.00498753117206983
