"","method","pval"
"1","AMCE",0.0878431251440359
"2","CRT",0.5785536159601
