"","method","pval"
"1","AMCE",0.405534071372002
"2","CRT",0.0174563591022444
