"","method","pval"
"1","AMCE",0.423218582947331
"2","CRT",0.226932668329177
