"","method","pval"
"1","AMCE",0.135808972966765
"2","CRT",0.112219451371571
