"","method","pval"
"1","AMCE",0.186726470728645
"2","CRT",0.00249376558603491
