"","method","pval"
"1","AMCE",0.299866838662662
"2","CRT",0.00249376558603491
