"","method","pval"
"1","AMCE",0.0906230929367669
"2","CRT",0.00997506234413965
