"","method","pval"
"1","AMCE",0.0181180933975864
"2","CRT",0.00249376558603491
