"","method","pval"
"1","AMCE",0.0017857730697797
"2","CRT",0.765586034912718
