"","method","pval"
"1","AMCE",0.0341443424568332
"2","CRT",0.00249376558603491
