"","method","pval"
"1","AMCE",0.0230833645711042
"2","CRT",0.0249376558603491
