"","method","pval"
"1","AMCE",0.679580840441926
"2","CRT",0.987531172069825
