"","method","pval"
"1","AMCE",0.0161047130342411
"2","CRT",0.00249376558603491
