"","method","pval"
"1","AMCE",0.0570265636856528
"2","CRT",0.0324189526184539
