"","method","pval"
"1","AMCE",0.22964220288087
"2","CRT",0.0423940149625935
