"","method","pval"
"1","AMCE",0.795720855745068
"2","CRT",0.109725685785536
