"","method","pval"
"1","AMCE",0.0140091451261078
"2","CRT",0.0224438902743142
