"","method","pval"
"1","AMCE",0.601228257382145
"2","CRT",0.122194513715711
