"","method","pval"
"1","AMCE",0.0677412389102799
"2","CRT",0.0199501246882793
