"","method","pval"
"1","AMCE",0.0779464967655479
"2","CRT",0.027431421446384
