"","method","pval"
"1","AMCE",0.293469243985173
"2","CRT",0.109725685785536
