"","method","pval"
"1","AMCE",0.224096216543897
"2","CRT",0.112219451371571
