"","method","pval"
"1","AMCE",0.0473135160128202
"2","CRT",0.00748129675810474
