"","method","pval"
"1","AMCE",0.0364668774001651
"2","CRT",0.0124688279301746
