"","method","pval"
"1","AMCE",0.155670193466345
"2","CRT",0.0473815461346633
