"","method","pval"
"1","AMCE",0.073232998999185
"2","CRT",0.14713216957606
