"","method","pval"
"1","AMCE",0.000708281934592361
"2","CRT",0.00498753117206983
