"","method","pval"
"1","AMCE",0.0117362413452514
"2","CRT",0.00249376558603491
