"","method","pval"
"1","AMCE",0.0145109960193955
"2","CRT",0.349127182044888
