"","method","pval"
"1","AMCE",0.490497131621757
"2","CRT",0.214463840399002
