"","method","pval"
"1","AMCE",0.11135296217696
"2","CRT",0.00997506234413965
