"","method","pval"
"1","AMCE",0.0333674680848891
"2","CRT",0.43640897755611
