"","method","pval"
"1","AMCE",0.0476116964413231
"2","CRT",0.194513715710723
