"","method","pval"
"1","AMCE",0.0277227077438933
"2","CRT",0.00997506234413965
