"","method","pval"
"1","AMCE",0.144690910886839
"2","CRT",0.895261845386534
