"","method","pval"
"1","AMCE",0.011736945329826
"2","CRT",0.00997506234413965
