"","method","pval"
"1","AMCE",0.00594093433774692
"2","CRT",0.00748129675810474
