"","method","pval"
"1","AMCE",0.139327702093722
"2","CRT",0.0448877805486284
