"","method","pval"
"1","AMCE",0.032857730232953
"2","CRT",0.743142144638404
