"","method","pval"
"1","AMCE",0.0868149169608876
"2","CRT",0.00748129675810474
