"","method","pval"
"1","AMCE",0.79493631886882
"2","CRT",0.00498753117206983
