"","method","pval"
"1","AMCE",0.121363676757244
"2","CRT",0.00498753117206983
