"","method","pval"
"1","AMCE",0.659796034910267
"2","CRT",0.0224438902743142
