"","method","pval"
"1","AMCE",0.981671444496901
"2","CRT",0.0149625935162095
