"","method","pval"
"1","AMCE",0.0915875669249195
"2","CRT",0.027431421446384
