"","method","pval"
"1","AMCE",0.0407496995699536
"2","CRT",0.618453865336658
