"","method","pval"
"1","AMCE",0.0413132549857449
"2","CRT",0.0798004987531172
