"","method","pval"
"1","AMCE",0.00476252587298756
"2","CRT",0.00997506234413965
