"","method","pval"
"1","AMCE",0.187927375267943
"2","CRT",0.00748129675810474
