"","method","pval"
"1","AMCE",0.163267434675062
"2","CRT",0.00249376558603491
