"","method","pval"
"1","AMCE",0.0706938781361956
"2","CRT",0.478802992518703
