"","method","pval"
"1","AMCE",0.0619563497950338
"2","CRT",0.139650872817955
