"","method","pval"
"1","AMCE",0.0323147689045564
"2","CRT",0.0174563591022444
