"","method","pval"
"1","AMCE",0.0267715538587445
"2","CRT",0.456359102244389
