"","method","pval"
"1","AMCE",0.0500131986725112
"2","CRT",0.15211970074813
