"","method","pval"
"1","AMCE",0.0588340195224905
"2","CRT",0.0149625935162095
