"","method","pval"
"1","AMCE",0.00975990784250801
"2","CRT",0.00997506234413965
