"","method","pval"
"1","AMCE",0.0220802429646209
"2","CRT",0.0124688279301746
