"","method","pval"
"1","AMCE",0.213985246827628
"2","CRT",0.0149625935162095
