"","method","pval"
"1","AMCE",0.873749907585631
"2","CRT",0.613466334164589
