"","method","pval"
"1","AMCE",0.483895656858447
"2","CRT",0.0199501246882793
