"","method","pval"
"1","AMCE",0.00508718572786206
"2","CRT",0.0374064837905237
