"","method","pval"
"1","AMCE",0.0207162411869078
"2","CRT",0.645885286783042
