"","method","pval"
"1","AMCE",0.275941430772589
"2","CRT",0.00498753117206983
