"","method","pval"
"1","AMCE",0.517929085383642
"2","CRT",0.0149625935162095
