"","method","pval"
"1","AMCE",0.0720325750268692
"2","CRT",0.00748129675810474
