"","method","pval"
"1","AMCE",0.0182420979704414
"2","CRT",0.127182044887781
