"","method","pval"
"1","AMCE",0.596172850285026
"2","CRT",0.264339152119701
