"","method","pval"
"1","AMCE",0.283356293239533
"2","CRT",0.0224438902743142
