"","method","pval"
"1","AMCE",0.299801446541356
"2","CRT",0.206982543640898
