"","method","pval"
"1","AMCE",0.0855204082658467
"2","CRT",0.192019950124688
