"","method","pval"
"1","AMCE",0.0100890531995444
"2","CRT",0.0174563591022444
