"","method","pval"
"1","AMCE",0.0400711734794324
"2","CRT",0.00498753117206983
