"","method","pval"
"1","AMCE",0.54969435842727
"2","CRT",0.810473815461347
