"","method","pval"
"1","AMCE",0.993494941726268
"2","CRT",0.72069825436409
