"","method","pval"
"1","AMCE",0.0033432515898061
"2","CRT",0.00249376558603491
