"","method","pval"
"1","AMCE",0.00124690218980816
"2","CRT",0.0199501246882793
