"","method","pval"
"1","AMCE",0.0824308437887779
"2","CRT",0.0224438902743142
