"","method","pval"
"1","AMCE",0.0867721173522465
"2","CRT",0.448877805486284
