"","method","pval"
"1","AMCE",0.0436763103190754
"2","CRT",0.0249376558603491
