"","method","pval"
"1","AMCE",0.153061400660289
"2","CRT",0.376558603491272
