"","method","pval"
"1","AMCE",0.236351517358996
"2","CRT",0.0473815461346633
