"","method","pval"
"1","AMCE",0.133183358873646
"2","CRT",0.14214463840399
