"","method","pval"
"1","AMCE",0.0453764571195455
"2","CRT",0.688279301745636
