"","method","pval"
"1","AMCE",0.010553907590067
"2","CRT",0.084788029925187
