"","method","pval"
"1","AMCE",0.00798474108484314
"2","CRT",0.114713216957606
