"","method","pval"
"1","AMCE",0.0169415068076414
"2","CRT",0.0174563591022444
