"","method","pval"
"1","AMCE",0.00670053297419967
"2","CRT",0.0224438902743142
