"","method","pval"
"1","AMCE",0.0350014395453277
"2","CRT",0.0324189526184539
