"","method","pval"
"1","AMCE",0.226949683656274
"2","CRT",0.197007481296758
