"","method","pval"
"1","AMCE",0.0113403805175002
"2","CRT",0.0174563591022444
