"","method","pval"
"1","AMCE",0.0354108348318805
"2","CRT",0.00498753117206983
