"","method","pval"
"1","AMCE",0.170712440878181
"2","CRT",0.0947630922693267
