"","method","pval"
"1","AMCE",0.294167756016199
"2","CRT",0.713216957605985
