"","method","pval"
"1","AMCE",0.726293947983121
"2","CRT",0.391521197007481
