"","method","pval"
"1","AMCE",0.979403172982898
"2","CRT",0.00249376558603491
