"","method","pval"
"1","AMCE",0.380079624795368
"2","CRT",0.733167082294264
