"","method","pval"
"1","AMCE",0.0285669596646842
"2","CRT",0.0598503740648379
