"","method","pval"
"1","AMCE",0.0035214809573031
"2","CRT",0.675810473815461
