"","method","pval"
"1","AMCE",0.030313264859335
"2","CRT",0.00249376558603491
