"","method","pval"
"1","AMCE",0.422250633477621
"2","CRT",0.586034912718205
