"","method","pval"
"1","AMCE",0.0951302748135301
"2","CRT",0.0498753117206983
