"","method","pval"
"1","AMCE",0.0475648868938039
"2","CRT",0.812967581047382
