"","method","pval"
"1","AMCE",9.59261662937204e-05
"2","CRT",0.0723192019950125
