"","method","pval"
"1","AMCE",0.0748403327723744
"2","CRT",0.0872817955112219
