"","method","pval"
"1","AMCE",0.000877610503793762
"2","CRT",0.399002493765586
