"","method","pval"
"1","AMCE",0.588197819184176
"2","CRT",0.206982543640898
