"","method","pval"
"1","AMCE",0.0587923968799986
"2","CRT",0.0199501246882793
