"","method","pval"
"1","AMCE",0.0148052415824379
"2","CRT",0.0623441396508728
