"","method","pval"
"1","AMCE",0.0357633301650249
"2","CRT",0.114713216957606
