"","method","pval"
"1","AMCE",0.0281772294435567
"2","CRT",0.0723192019950125
