"","method","pval"
"1","AMCE",0.0230091168817974
"2","CRT",0.0972568578553616
