"","method","pval"
"1","AMCE",0.475386269602816
"2","CRT",0.117206982543641
