"","method","pval"
"1","AMCE",0.393463199408323
"2","CRT",0.0997506234413965
