"","method","pval"
"1","AMCE",0.206257423143294
"2","CRT",0.00498753117206983
