"","method","pval"
"1","AMCE",0.0876210150812004
"2","CRT",0.341645885286783
