"","method","pval"
"1","AMCE",0.399508822249312
"2","CRT",0.618453865336658
