"","method","pval"
"1","AMCE",0.398429326308563
"2","CRT",0.321695760598504
