"","method","pval"
"1","AMCE",0.417772843304006
"2","CRT",0.506234413965087
