"","method","pval"
"1","AMCE",0.658784412121335
"2","CRT",0.00249376558603491
