"","method","pval"
"1","AMCE",0.0584149550867904
"2","CRT",0.0249376558603491
