"","method","pval"
"1","AMCE",0.00453610032241506
"2","CRT",0.0947630922693267
