"","method","pval"
"1","AMCE",0.276300263101311
"2","CRT",0.029925187032419
