"","method","pval"
"1","AMCE",0.0332750387550345
"2","CRT",0.0374064837905237
