"","method","pval"
"1","AMCE",0.132552108952618
"2","CRT",0.815461346633416
