"","method","pval"
"1","AMCE",0.00194085649136755
"2","CRT",0.00249376558603491
