"","method","pval"
"1","AMCE",0.248627131864545
"2","CRT",0.0448877805486284
