"","method","pval"
"1","AMCE",0.0450979685678516
"2","CRT",0.189526184538653
