"","method","pval"
"1","AMCE",0.438621279855793
"2","CRT",0.0124688279301746
