"","method","pval"
"1","AMCE",0.0761251621980863
"2","CRT",0.164588528678304
