"","method","pval"
"1","AMCE",0.00390683133505461
"2","CRT",0.027431421446384
