"","method","pval"
"1","AMCE",0.148246905790586
"2","CRT",0.0149625935162095
