"","method","pval"
"1","AMCE",0.0144516594026814
"2","CRT",0.00249376558603491
