"","method","pval"
"1","AMCE",0.130178810801225
"2","CRT",0.0473815461346633
