"","method","pval"
"1","AMCE",0.00273854071274656
"2","CRT",0.127182044887781
