"","method","pval"
"1","AMCE",0.222571302271935
"2","CRT",0.0249376558603491
