"","method","pval"
"1","AMCE",0.200098200561889
"2","CRT",0.0324189526184539
