"","method","pval"
"1","AMCE",0.00574862904317154
"2","CRT",0.401496259351621
