"","method","pval"
"1","AMCE",0.0540317540721893
"2","CRT",0.0174563591022444
