"","method","pval"
"1","AMCE",0.113799473081363
"2","CRT",0.00498753117206983
