"","method","pval"
"1","AMCE",0.334130561520071
"2","CRT",0.139650872817955
