"","method","pval"
"1","AMCE",0.156610832152587
"2","CRT",0.00997506234413965
