"","method","pval"
"1","AMCE",0.120406814066307
"2","CRT",0.0448877805486284
