"","method","pval"
"1","AMCE",0.272749665272656
"2","CRT",0.837905236907731
