"","method","pval"
"1","AMCE",0.0145972246431734
"2","CRT",0.117206982543641
