"","method","pval"
"1","AMCE",0.222025800293525
"2","CRT",0.0224438902743142
