"","method","pval"
"1","AMCE",0.176790391629652
"2","CRT",0.0473815461346633
