"","method","pval"
"1","AMCE",0.772345579602848
"2","CRT",0.0249376558603491
