"","method","pval"
"1","AMCE",0.0366966395866755
"2","CRT",0.00997506234413965
