"","method","pval"
"1","AMCE",0.191030935597126
"2","CRT",0.0548628428927681
