"","method","pval"
"1","AMCE",0.0101093037593369
"2","CRT",0.057356608478803
