"","method","pval"
"1","AMCE",0.687682052905491
"2","CRT",0.0349127182044888
