"","method","pval"
"1","AMCE",0.876032163171957
"2","CRT",0.00997506234413965
