"","method","pval"
"1","AMCE",0.0816756701409838
"2","CRT",0.084788029925187
