"","method","pval"
"1","AMCE",0.0791492520424797
"2","CRT",0.00498753117206983
