"","method","pval"
"1","AMCE",0.0784625565617048
"2","CRT",0.127182044887781
