"","method","pval"
"1","AMCE",0.467577306246271
"2","CRT",0.201995012468828
