"","method","pval"
"1","AMCE",0.271066408469059
"2","CRT",0.0199501246882793
