"","method","pval"
"1","AMCE",0.109449599130767
"2","CRT",0.00249376558603491
