"","method","pval"
"1","AMCE",0.0560570918448447
"2","CRT",0.900249376558603
