"","method","pval"
"1","AMCE",0.00724177538045219
"2","CRT",0.224438902743142
