"","method","pval"
"1","AMCE",0.629781206442847
"2","CRT",0.406483790523691
