"","method","pval"
"1","AMCE",0.0855935181354936
"2","CRT",0.00249376558603491
