"","method","pval"
"1","AMCE",0.192469677288499
"2","CRT",0.0822942643391521
