"","method","pval"
"1","AMCE",0.385313987274094
"2","CRT",0.0249376558603491
