"","method","pval"
"1","AMCE",0.318925112289535
"2","CRT",0.366583541147132
