"","method","pval"
"1","AMCE",0.187681630744043
"2","CRT",0.0498753117206983
