"","method","pval"
"1","AMCE",0.0297269106329571
"2","CRT",0.194513715710723
