"","method","pval"
"1","AMCE",0.372908133891559
"2","CRT",0.241895261845387
