"","method","pval"
"1","AMCE",0.598442213673623
"2","CRT",0.00748129675810474
