"","method","pval"
"1","AMCE",0.054903592975311
"2","CRT",0.0149625935162095
