"","method","pval"
"1","AMCE",0.0188315113837167
"2","CRT",0.00498753117206983
