"","method","pval"
"1","AMCE",0.0136775051347458
"2","CRT",0.00249376558603491
