"","method","pval"
"1","AMCE",0.00537582862346898
"2","CRT",0.0623441396508728
