"","method","pval"
"1","AMCE",0.00350200964680004
"2","CRT",0.00249376558603491
