"","method","pval"
"1","AMCE",0.423736641385783
"2","CRT",0.0399002493765586
