"","method","pval"
"1","AMCE",0.0257828949319035
"2","CRT",0.256857855361596
