"","method","pval"
"1","AMCE",0.0246823761700717
"2","CRT",0.266832917705736
