"","method","pval"
"1","AMCE",0.186023687509655
"2","CRT",0.14713216957606
