"","method","pval"
"1","AMCE",0.0220767188794584
"2","CRT",0.0648379052369077
