"","method","pval"
"1","AMCE",0.162587972894313
"2","CRT",0.114713216957606
