"","method","pval"
"1","AMCE",6.22991492994629e-05
"2","CRT",0.00748129675810474
