"","method","pval"
"1","AMCE",0.0157764619604274
"2","CRT",0.71072319201995
