"","method","pval"
"1","AMCE",0.0257630463837006
"2","CRT",0.877805486284289
