"","method","pval"
"1","AMCE",0.421597905930323
"2","CRT",0.281795511221945
