"","method","pval"
"1","AMCE",0.0626929778090307
"2","CRT",0.802992518703242
