"","method","pval"
"1","AMCE",0.837706419189268
"2","CRT",0.802992518703242
