"","method","pval"
"1","AMCE",0.61707934688506
"2","CRT",0.481296758104738
