"","method","pval"
"1","AMCE",0.02543627769734
"2","CRT",0.00997506234413965
