"","method","pval"
"1","AMCE",0.0185659865756783
"2","CRT",0.0822942643391521
