"","method","pval"
"1","AMCE",0.215198137405288
"2","CRT",0.703241895261845
