"","method","pval"
"1","AMCE",0.205867331930931
"2","CRT",0.0249376558603491
