"","method","pval"
"1","AMCE",0.226730518895966
"2","CRT",0.00498753117206983
