"","method","pval"
"1","AMCE",0.789556333650028
"2","CRT",0.0324189526184539
