"","method","pval"
"1","AMCE",0.00641668252162669
"2","CRT",0.0748129675810474
