"","method","pval"
"1","AMCE",0.332909305465869
"2","CRT",0.029925187032419
