"","method","pval"
"1","AMCE",0.409545399237938
"2","CRT",0.438902743142145
