"","method","pval"
"1","AMCE",0.0167962259749879
"2","CRT",0.209476309226933
