"","method","pval"
"1","AMCE",0.00464888745471934
"2","CRT",0.00498753117206983
