"","method","pval"
"1","AMCE",0.141533936632759
"2","CRT",0.0174563591022444
