"","method","pval"
"1","AMCE",0.490028490057403
"2","CRT",0.0374064837905237
