"","method","pval"
"1","AMCE",0.582834460846068
"2","CRT",0.488778054862843
