"","method","pval"
"1","AMCE",0.822632192142764
"2","CRT",0.571072319201995
