"","method","pval"
"1","AMCE",0.929289863394987
"2","CRT",0.413965087281795
