"","method","pval"
"1","AMCE",0.0098761795425495
"2","CRT",0.351620947630923
