"","method","pval"
"1","AMCE",0.012707024072592
"2","CRT",0.0822942643391521
