"","method","pval"
"1","AMCE",0.262028563854498
"2","CRT",0.922693266832918
