"","method","pval"
"1","AMCE",0.00922437925210084
"2","CRT",0.00748129675810474
