"","method","pval"
"1","AMCE",0.80066222453915
"2","CRT",0.0199501246882793
