"","method","pval"
"1","AMCE",0.119113647386837
"2","CRT",0.0124688279301746
