"","method","pval"
"1","AMCE",0.484559029931297
"2","CRT",0.0174563591022444
