"","method","pval"
"1","AMCE",0.954728269112163
"2","CRT",0.00249376558603491
