"","method","pval"
"1","AMCE",0.149556088324441
"2","CRT",0.0598503740648379
