"","method","pval"
"1","AMCE",0.0467862084037392
"2","CRT",0.00249376558603491
