"","method","pval"
"1","AMCE",0.0189707928675415
"2","CRT",0.00498753117206983
