"","method","pval"
"1","AMCE",0.781978093521129
"2","CRT",0.00997506234413965
