"","method","pval"
"1","AMCE",0.469117857724819
"2","CRT",0.0374064837905237
