"","method","pval"
"1","AMCE",0.256848841583426
"2","CRT",0.127182044887781
