"","method","pval"
"1","AMCE",0.714712266868641
"2","CRT",0.057356608478803
