"","method","pval"
"1","AMCE",0.00325988587683092
"2","CRT",0.00249376558603491
