"","method","pval"
"1","AMCE",0.0235897770075952
"2","CRT",0.177057356608479
