"","method","pval"
"1","AMCE",0.0412401885423056
"2","CRT",0.406483790523691
