"","method","pval"
"1","AMCE",0.0563391825762758
"2","CRT",0.0324189526184539
