"","method","pval"
"1","AMCE",0.39940220787599
"2","CRT",0.00748129675810474
