"","method","pval"
"1","AMCE",0.00986433355179259
"2","CRT",0.00498753117206983
