"","method","pval"
"1","AMCE",0.181833252330494
"2","CRT",0.0448877805486284
