"","method","pval"
"1","AMCE",0.0100589425526892
"2","CRT",0.127182044887781
