"","method","pval"
"1","AMCE",0.0457246404555128
"2","CRT",0.00249376558603491
