"","method","pval"
"1","AMCE",0.177689073788517
"2","CRT",0.027431421446384
