"","method","pval"
"1","AMCE",0.00796419336038863
"2","CRT",0.00249376558603491
