"","method","pval"
"1","AMCE",0.254683278754799
"2","CRT",0.835411471321696
