"","method","pval"
"1","AMCE",0.782101392389223
"2","CRT",0.0748129675810474
