"","method","pval"
"1","AMCE",0.337722776021519
"2","CRT",0.00748129675810474
