"","method","pval"
"1","AMCE",0.0398853218281798
"2","CRT",0.0124688279301746
