"","method","pval"
"1","AMCE",0.134857448624029
"2","CRT",0.027431421446384
