"","method","pval"
"1","AMCE",0.151998758693496
"2","CRT",0.119700748129676
