"","method","pval"
"1","AMCE",0.19711819221984
"2","CRT",0.0349127182044888
