"","method","pval"
"1","AMCE",0.438598381413823
"2","CRT",0.0149625935162095
