"","method","pval"
"1","AMCE",0.000649345767479601
"2","CRT",0.43640897755611
