"","method","pval"
"1","AMCE",0.0201342259190682
"2","CRT",0.127182044887781
