"","method","pval"
"1","AMCE",0.460909189347457
"2","CRT",0.154613466334165
