"","method","pval"
"1","AMCE",0.00416221579822882
"2","CRT",0.00498753117206983
