"","method","pval"
"1","AMCE",0.660753117090279
"2","CRT",0.149625935162095
