"","method","pval"
"1","AMCE",0.365502748255538
"2","CRT",0.0498753117206983
