"","method","pval"
"1","AMCE",0.980921280814602
"2","CRT",0.00249376558603491
