"","method","pval"
"1","AMCE",0.485758380123763
"2","CRT",0.00498753117206983
