"","method","pval"
"1","AMCE",0.00324018060012451
"2","CRT",0.00748129675810474
