"","method","pval"
"1","AMCE",0.0498653965328575
"2","CRT",0.0249376558603491
