"","method","pval"
"1","AMCE",0.46597097475445
"2","CRT",0.00748129675810474
