"","method","pval"
"1","AMCE",0.017212894814878
"2","CRT",0.00249376558603491
