"","method","pval"
"1","AMCE",0.0029776328755928
"2","CRT",0.438902743142145
