"","method","pval"
"1","AMCE",0.0017668881939082
"2","CRT",0.443890274314214
