"","method","pval"
"1","AMCE",0.0446534635308853
"2","CRT",0.00997506234413965
