"","method","pval"
"1","AMCE",0.0121017967286784
"2","CRT",0.364089775561097
