"","method","pval"
"1","AMCE",0.62801804418093
"2","CRT",0.00249376558603491
