"","method","pval"
"1","AMCE",0.138473637938381
"2","CRT",0.0349127182044888
