"","method","pval"
"1","AMCE",0.110446944968797
"2","CRT",0.0648379052369077
