"","method","pval"
"1","AMCE",0.165179818016158
"2","CRT",0.0374064837905237
