"","method","pval"
"1","AMCE",0.108724918245471
"2","CRT",0.057356608478803
