"","method","pval"
"1","AMCE",0.562506729900423
"2","CRT",0.00498753117206983
