"","method","pval"
"1","AMCE",0.568623032369127
"2","CRT",0.311720698254364
