"","method","pval"
"1","AMCE",0.0984673289461082
"2","CRT",0.00498753117206983
