"","method","pval"
"1","AMCE",0.416668437052369
"2","CRT",0.0149625935162095
