"","method","pval"
"1","AMCE",0.187687826234473
"2","CRT",0.204488778054863
