"","method","pval"
"1","AMCE",0.0785956432513735
"2","CRT",0.0349127182044888
