"","method","pval"
"1","AMCE",0.00867797313133048
"2","CRT",0.413965087281795
