"","method","pval"
"1","AMCE",0.0066962689801595
"2","CRT",0.321695760598504
