"","method","pval"
"1","AMCE",0.0122538231611125
"2","CRT",0.41645885286783
