"","method","pval"
"1","AMCE",0.010489463544025
"2","CRT",0.00498753117206983
