"","method","pval"
"1","AMCE",0.28555807950956
"2","CRT",0.0324189526184539
