"","method","pval"
"1","AMCE",0.0840645071789894
"2","CRT",0.28927680798005
