"","method","pval"
"1","AMCE",0.973265876193617
"2","CRT",0.00249376558603491
