"","method","pval"
"1","AMCE",0.605639730776787
"2","CRT",0.0723192019950125
