"","method","pval"
"1","AMCE",0.994391724455358
"2","CRT",0.433915211970075
