"","method","pval"
"1","AMCE",0.00112482032520664
"2","CRT",0.556109725685786
