"","method","pval"
"1","AMCE",0.00429676664049031
"2","CRT",0.00249376558603491
