"","method","pval"
"1","AMCE",0.188880156676617
"2","CRT",0.0673316708229426
