"","method","pval"
"1","AMCE",0.0275950495172535
"2","CRT",0.00997506234413965
