"","method","pval"
"1","AMCE",0.0577708675597933
"2","CRT",0.0224438902743142
