"","method","pval"
"1","AMCE",0.00048812328478155
"2","CRT",0.00249376558603491
