"","method","pval"
"1","AMCE",0.0600109587387684
"2","CRT",0.0224438902743142
