"","method","pval"
"1","AMCE",0.259302266612955
"2","CRT",0.00498753117206983
