"","method","pval"
"1","AMCE",0.00017951330002008
"2","CRT",0.162094763092269
