"","method","pval"
"1","AMCE",0.570065361391586
"2","CRT",0.0174563591022444
