"","method","pval"
"1","AMCE",0.0223006744145963
"2","CRT",0.0174563591022444
