"","method","pval"
"1","AMCE",0.446208819463266
"2","CRT",0.0224438902743142
