"","method","pval"
"1","AMCE",0.0507390644289761
"2","CRT",0.0199501246882793
