"","method","pval"
"1","AMCE",0.514021860318664
"2","CRT",0.00249376558603491
