"","method","pval"
"1","AMCE",0.738235977164277
"2","CRT",0.00249376558603491
