"","method","pval"
"1","AMCE",0.00191146568515363
"2","CRT",0.00748129675810474
