"","method","pval"
"1","AMCE",0.00426076059682161
"2","CRT",0.0498753117206983
