"","method","pval"
"1","AMCE",0.000120798611925298
"2","CRT",0.0124688279301746
