"","method","pval"
"1","AMCE",0.278981812744149
"2","CRT",0.00249376558603491
