"","method","pval"
"1","AMCE",0.0598013629500461
"2","CRT",0.72568578553616
