"","method","pval"
"1","AMCE",0.073236259581815
"2","CRT",0.0149625935162095
