"","method","pval"
"1","AMCE",0.420042845487695
"2","CRT",0.0822942643391521
