"","method","pval"
"1","AMCE",0.153217103570965
"2","CRT",0.00748129675810474
