"","method","pval"
"1","AMCE",0.0114777935623032
"2","CRT",0.129675810473815
