"","method","pval"
"1","AMCE",0.979405030992265
"2","CRT",0.00997506234413965
