"","method","pval"
"1","AMCE",0.0230485488595219
"2","CRT",0.124688279301746
