"","method","pval"
"1","AMCE",0.0714542166291493
"2","CRT",0.0174563591022444
