"","method","pval"
"1","AMCE",0.161607324407413
"2","CRT",0.029925187032419
