"","method","pval"
"1","AMCE",0.946580884298133
"2","CRT",0.0249376558603491
