"","method","pval"
"1","AMCE",0.870686737370091
"2","CRT",0.00249376558603491
