"","method","pval"
"1","AMCE",0.00962494632721615
"2","CRT",0.00249376558603491
