"","method","pval"
"1","AMCE",0.0984609683758098
"2","CRT",0.0149625935162095
