"","method","pval"
"1","AMCE",0.036174580217397
"2","CRT",0.172069825436409
