"","method","pval"
"1","AMCE",0.402938192945883
"2","CRT",0.511221945137157
