"","method","pval"
"1","AMCE",0.0129794105905077
"2","CRT",0.875311720698254
