"","method","pval"
"1","AMCE",0.00550454342655268
"2","CRT",0.00249376558603491
