"","method","pval"
"1","AMCE",0.0218938630965935
"2","CRT",0.254364089775561
