"","method","pval"
"1","AMCE",0.467612787945502
"2","CRT",0.027431421446384
