"","method","pval"
"1","AMCE",0.0707199222151542
"2","CRT",0.00498753117206983
