"","method","pval"
"1","AMCE",0.00672774155562177
"2","CRT",0.43142144638404
