"","method","pval"
"1","AMCE",0.0194389865400678
"2","CRT",0.0174563591022444
