"","method","pval"
"1","AMCE",0.213627796506232
"2","CRT",0.0374064837905237
