"","method","pval"
"1","AMCE",0.00513022381556481
"2","CRT",0.226932668329177
