"","method","pval"
"1","AMCE",0.00401361934771029
"2","CRT",0.0473815461346633
