"","method","pval"
"1","AMCE",0.280496354380183
"2","CRT",0.0149625935162095
