"","method","pval"
"1","AMCE",0.122164940112225
"2","CRT",0.13715710723192
