"","method","pval"
"1","AMCE",0.00836015067993059
"2","CRT",0.0423940149625935
