"","method","pval"
"1","AMCE",0.0342009985546933
"2","CRT",0.199501246882793
