"","method","pval"
"1","AMCE",0.00681037101688193
"2","CRT",0.00249376558603491
