"","method","pval"
"1","AMCE",0.390258209887827
"2","CRT",0.0249376558603491
