"","method","pval"
"1","AMCE",0.856150607750721
"2","CRT",0.0249376558603491
