"","method","pval"
"1","AMCE",0.0343424359065955
"2","CRT",0.0199501246882793
