"","method","pval"
"1","AMCE",0.245882660678416
"2","CRT",0.00498753117206983
