"","method","pval"
"1","AMCE",0.735549547675774
"2","CRT",0.0673316708229426
