"","method","pval"
"1","AMCE",0.93826855982966
"2","CRT",0.42643391521197
