"","method","pval"
"1","AMCE",0.710982993641208
"2","CRT",0.00249376558603491
