"","method","pval"
"1","AMCE",0.529450540232766
"2","CRT",0.0773067331670823
