"","method","pval"
"1","AMCE",0.140317774015429
"2","CRT",0.00498753117206983
