"","method","pval"
"1","AMCE",0.00910546944339876
"2","CRT",0.00249376558603491
