"","method","pval"
"1","AMCE",0.0561225811188686
"2","CRT",0.244389027431421
