"","method","pval"
"1","AMCE",0.0514858668649737
"2","CRT",0.221945137157107
