"","method","pval"
"1","AMCE",0.0497241613502027
"2","CRT",0.00249376558603491
