"","method","pval"
"1","AMCE",0.0235659253148159
"2","CRT",0.0548628428927681
