"","method","pval"
"1","AMCE",0.00430227070357344
"2","CRT",0.0124688279301746
