"","method","pval"
"1","AMCE",0.636139777137346
"2","CRT",0.0947630922693267
