"","method","pval"
"1","AMCE",0.0653615722896114
"2","CRT",0.463840399002494
