"","method","pval"
"1","AMCE",0.439920365969687
"2","CRT",0.0498753117206983
