"","method","pval"
"1","AMCE",0.562472852377239
"2","CRT",0.987531172069825
