"","method","pval"
"1","AMCE",0.184162092068543
"2","CRT",0.00748129675810474
