"","method","pval"
"1","AMCE",0.173499917625569
"2","CRT",0.219451371571072
