"","method","pval"
"1","AMCE",0.00487920312201416
"2","CRT",0.0124688279301746
