"","method","pval"
"1","AMCE",0.0909022006400623
"2","CRT",0.0374064837905237
