"","method","pval"
"1","AMCE",0.119260987985189
"2","CRT",0.0124688279301746
