"","method","pval"
"1","AMCE",0.00675451234756756
"2","CRT",0.0174563591022444
