"","method","pval"
"1","AMCE",0.0026818024897528
"2","CRT",0.0473815461346633
