"","method","pval"
"1","AMCE",0.138007306408134
"2","CRT",0.00997506234413965
