"","method","pval"
"1","AMCE",0.0423107918443709
"2","CRT",0.00249376558603491
