"","method","pval"
"1","AMCE",0.134955098098031
"2","CRT",0.00748129675810474
