"","method","pval"
"1","AMCE",0.0134034608376114
"2","CRT",0.0448877805486284
