"","method","pval"
"1","AMCE",0.0883860763838274
"2","CRT",0.0723192019950125
