"","method","pval"
"1","AMCE",0.739995083603577
"2","CRT",0.501246882793017
