"","method","pval"
"1","AMCE",0.0202465264122016
"2","CRT",0.822942643391521
