"","method","pval"
"1","AMCE",0.0568830814435538
"2","CRT",0.0822942643391521
