"","method","pval"
"1","AMCE",0.485797935029411
"2","CRT",0.28927680798005
