"","method","pval"
"1","AMCE",0.050321623548396
"2","CRT",0.0149625935162095
