"","method","pval"
"1","AMCE",0.0794956673089264
"2","CRT",0.0174563591022444
