"","method","pval"
"1","AMCE",0.181468747012384
"2","CRT",0.349127182044888
