"","method","pval"
"1","AMCE",0.127632377674751
"2","CRT",0.0773067331670823
