"","method","pval"
"1","AMCE",0.00659510481022572
"2","CRT",0.0149625935162095
