"","method","pval"
"1","AMCE",0.0150639802358313
"2","CRT",0.0399002493765586
