"","method","pval"
"1","AMCE",0.642158626129154
"2","CRT",0.0773067331670823
