"","method","pval"
"1","AMCE",0.0175122346315265
"2","CRT",0.645885286783042
