"","method","pval"
"1","AMCE",0.602139224756506
"2","CRT",0.0224438902743142
