"","method","pval"
"1","AMCE",0.0507289445880644
"2","CRT",0.408977556109726
