"","method","pval"
"1","AMCE",0.491883508957684
"2","CRT",0.276807980049875
