"","method","pval"
"1","AMCE",0.779187799241854
"2","CRT",0.00249376558603491
