"","method","pval"
"1","AMCE",0.0883283330581778
"2","CRT",0.00748129675810474
