"","method","pval"
"1","AMCE",0.373717709589635
"2","CRT",0.1571072319202
