"","method","pval"
"1","AMCE",0.154269400188843
"2","CRT",0.234413965087282
