"","method","pval"
"1","AMCE",0.206228475838475
"2","CRT",0.0124688279301746
