"","method","pval"
"1","AMCE",0.391973505025719
"2","CRT",0.0324189526184539
