"","method","pval"
"1","AMCE",0.265633456049874
"2","CRT",0.306733167082294
