"","method","pval"
"1","AMCE",0.290269119998684
"2","CRT",0.164588528678304
