"","method","pval"
"1","AMCE",0.744729848492078
"2","CRT",0.0872817955112219
