"","method","pval"
"1","AMCE",0.220775278129912
"2","CRT",0.0199501246882793
