"","method","pval"
"1","AMCE",0.0749179466603031
"2","CRT",0.216957605985037
