"","method","pval"
"1","AMCE",0.0333864799654611
"2","CRT",0.0324189526184539
