"","method","pval"
"1","AMCE",0.00761006118432743
"2","CRT",0.0648379052369077
