"","method","pval"
"1","AMCE",0.191313322790937
"2","CRT",0.00997506234413965
