"","method","pval"
"1","AMCE",0.0061943528850334
"2","CRT",0.216957605985037
