"","method","pval"
"1","AMCE",0.253803313623423
"2","CRT",0.027431421446384
