"","method","pval"
"1","AMCE",0.0528087774680519
"2","CRT",0.0698254364089776
