"","method","pval"
"1","AMCE",0.0642755007541055
"2","CRT",0.00249376558603491
