"","method","pval"
"1","AMCE",0.163280906986246
"2","CRT",0.00249376558603491
