"","method","pval"
"1","AMCE",0.00353891193048146
"2","CRT",0.0922693266832918
