"","method","pval"
"1","AMCE",0.0133268499904682
"2","CRT",0.027431421446384
