"","method","pval"
"1","AMCE",0.131614312379713
"2","CRT",0.00249376558603491
