"","method","pval"
"1","AMCE",0.027721411201347
"2","CRT",0.139650872817955
