"","method","pval"
"1","AMCE",0.0558877960839909
"2","CRT",0.221945137157107
