"","method","pval"
"1","AMCE",0.00554521505173974
"2","CRT",0.114713216957606
