"","method","pval"
"1","AMCE",0.556419632027772
"2","CRT",0.127182044887781
