"","method","pval"
"1","AMCE",0.0113338693645893
"2","CRT",0.369077306733167
