"","method","pval"
"1","AMCE",0.149132164722345
"2","CRT",0.266832917705736
