"","method","pval"
"1","AMCE",0.0372218421972425
"2","CRT",0.738154613466334
