"","method","pval"
"1","AMCE",0.228027629135965
"2","CRT",0.0124688279301746
