"","method","pval"
"1","AMCE",0.207586023152993
"2","CRT",0.0648379052369077
