"","method","pval"
"1","AMCE",0.705378184066793
"2","CRT",0.0174563591022444
