"","method","pval"
"1","AMCE",0.120890481436768
"2","CRT",0.00748129675810474
