"","method","pval"
"1","AMCE",0.131099956265931
"2","CRT",0.0224438902743142
