"","method","pval"
"1","AMCE",0.0329538328866986
"2","CRT",0.508728179551122
