"","method","pval"
"1","AMCE",0.0892422989381903
"2","CRT",0.478802992518703
