"","method","pval"
"1","AMCE",0.104300176359971
"2","CRT",0.286783042394015
