"","method","pval"
"1","AMCE",0.62078696445602
"2","CRT",0.0124688279301746
