"","method","pval"
"1","AMCE",0.373885457590947
"2","CRT",0.117206982543641
