"","method","pval"
"1","AMCE",0.0606271891058466
"2","CRT",0.0947630922693267
