"","method","pval"
"1","AMCE",0.095433231496406
"2","CRT",0.027431421446384
