"","method","pval"
"1","AMCE",0.0146782437847826
"2","CRT",0.28927680798005
