"","method","pval"
"1","AMCE",0.342409075626709
"2","CRT",0.084788029925187
