"","method","pval"
"1","AMCE",0.551002706137744
"2","CRT",0.0174563591022444
