"","method","pval"
"1","AMCE",0.631188227487597
"2","CRT",0.0149625935162095
