"","method","pval"
"1","AMCE",0.0263755057435173
"2","CRT",0.603491271820449
