"","method","pval"
"1","AMCE",0.0368896566797604
"2","CRT",0.027431421446384
