"","method","pval"
"1","AMCE",0.00576656349952458
"2","CRT",0.982543640897756
