"","method","pval"
"1","AMCE",0.00251452283354636
"2","CRT",0.084788029925187
