"","method","pval"
"1","AMCE",0.0526205459645248
"2","CRT",0.0473815461346633
