"","method","pval"
"1","AMCE",0.948578000789009
"2","CRT",0.029925187032419
