"","method","pval"
"1","AMCE",0.033327296040575
"2","CRT",0.00748129675810474
