"","method","pval"
"1","AMCE",0.0387344992807827
"2","CRT",0.281795511221945
