"","method","pval"
"1","AMCE",0.176476399355816
"2","CRT",0.13216957605985
