"","method","pval"
"1","AMCE",0.662523928182794
"2","CRT",0.00997506234413965
