"","method","pval"
"1","AMCE",0.432288392290025
"2","CRT",0.00748129675810474
