"","method","pval"
"1","AMCE",0.73740753527427
"2","CRT",0.057356608478803
