"","method","pval"
"1","AMCE",0.0705582832457426
"2","CRT",0.0548628428927681
