"","method","pval"
"1","AMCE",0.0260144230466308
"2","CRT",0.00498753117206983
