"","method","pval"
"1","AMCE",0.144126341585676
"2","CRT",0.0349127182044888
