"","method","pval"
"1","AMCE",0.0189972286190403
"2","CRT",0.0548628428927681
