"","method","pval"
"1","AMCE",0.0342211274861233
"2","CRT",0.00249376558603491
