"","method","pval"
"1","AMCE",0.0144522116295696
"2","CRT",0.379052369077307
