"","method","pval"
"1","AMCE",0.0386826851803217
"2","CRT",0.0324189526184539
