"","method","pval"
"1","AMCE",0.598643808855018
"2","CRT",0.0698254364089776
