"","method","pval"
"1","AMCE",0.0281351028046341
"2","CRT",0.129675810473815
