"","method","pval"
"1","AMCE",0.112170411902829
"2","CRT",0.0773067331670823
