"","method","pval"
"1","AMCE",0.141130029034785
"2","CRT",0.0598503740648379
