"","method","pval"
"1","AMCE",0.377770908169208
"2","CRT",0.593516209476309
