"","method","pval"
"1","AMCE",0.998688911602693
"2","CRT",0.029925187032419
