"","method","pval"
"1","AMCE",0.0238693693335007
"2","CRT",0.0423940149625935
