"","method","pval"
"1","AMCE",0.000861164557367948
"2","CRT",0.0124688279301746
