"","method","pval"
"1","AMCE",0.100274168252575
"2","CRT",0.0399002493765586
