"","method","pval"
"1","AMCE",0.403511855371349
"2","CRT",0.493765586034913
