"","method","pval"
"1","AMCE",0.693513380804759
"2","CRT",0.122194513715711
