"","method","pval"
"1","AMCE",0.000862381398534309
"2","CRT",0.124688279301746
