"","method","pval"
"1","AMCE",0.0326412510860915
"2","CRT",0.0349127182044888
