"","method","pval"
"1","AMCE",0.00498878862008618
"2","CRT",0.00249376558603491
