"","method","pval"
"1","AMCE",0.0883821136388182
"2","CRT",0.0623441396508728
