"","method","pval"
"1","AMCE",0.212744555933592
"2","CRT",0.0124688279301746
