"","method","pval"
"1","AMCE",0.381592067211415
"2","CRT",0.221945137157107
