"","method","pval"
"1","AMCE",0.922126043016316
"2","CRT",0.0124688279301746
