"","method","pval"
"1","AMCE",0.0583558117588033
"2","CRT",0.0473815461346633
