"","method","pval"
"1","AMCE",0.00980626089478093
"2","CRT",0.211970074812968
