"","method","pval"
"1","AMCE",0.085699422781971
"2","CRT",0.43640897755611
