"","method","pval"
"1","AMCE",0.0160224095662982
"2","CRT",0.0399002493765586
