"","method","pval"
"1","AMCE",0.0122758076114242
"2","CRT",0.977556109725686
