"","method","pval"
"1","AMCE",0.0326457652983138
"2","CRT",0.713216957605985
