"","method","pval"
"1","AMCE",0.0512898563729835
"2","CRT",0.0349127182044888
