"","method","pval"
"1","AMCE",0.936321404973365
"2","CRT",0.0199501246882793
