"","method","pval"
"1","AMCE",0.83256919433764
"2","CRT",0.0174563591022444
