"","method","pval"
"1","AMCE",0.0191781333569544
"2","CRT",0.0174563591022444
