"","method","pval"
"1","AMCE",0.00449317953779009
"2","CRT",0.187032418952618
