"","method","pval"
"1","AMCE",0.0413801215232476
"2","CRT",0.418952618453865
