"","method","pval"
"1","AMCE",0.69650471753965
"2","CRT",0.0224438902743142
