"","method","pval"
"1","AMCE",0.0437898607225292
"2","CRT",0.0598503740648379
