"","method","pval"
"1","AMCE",0.00619201464319479
"2","CRT",0.0798004987531172
