"","method","pval"
"1","AMCE",0.281700803512206
"2","CRT",0.0174563591022444
