"","method","pval"
"1","AMCE",0.000989748248918155
"2","CRT",0.0798004987531172
