"","method","pval"
"1","AMCE",0.663791923355353
"2","CRT",0.00997506234413965
