"","method","pval"
"1","AMCE",0.0160372078141239
"2","CRT",0.174563591022444
