"","method","pval"
"1","AMCE",0.08741192259054
"2","CRT",0.571072319201995
