"","method","pval"
"1","AMCE",0.57198318702521
"2","CRT",0.029925187032419
