"","method","pval"
"1","AMCE",0.0267305637702052
"2","CRT",0.00249376558603491
