"","method","pval"
"1","AMCE",0.92398612789142
"2","CRT",0.00997506234413965
