"","method","pval"
"1","AMCE",0.00358164507757769
"2","CRT",0.0249376558603491
