"","method","pval"
"1","AMCE",0.289668248901931
"2","CRT",0.00748129675810474
