"","method","pval"
"1","AMCE",0.0854321141477148
"2","CRT",0.197007481296758
