"","method","pval"
"1","AMCE",0.273661829370479
"2","CRT",0.366583541147132
