"","method","pval"
"1","AMCE",0.00910565390505958
"2","CRT",0.029925187032419
