"","method","pval"
"1","AMCE",0.00171846369698953
"2","CRT",0.0124688279301746
