"","method","pval"
"1","AMCE",0.0650493176157002
"2","CRT",0.0224438902743142
