"","method","pval"
"1","AMCE",0.643326689430234
"2","CRT",0.00748129675810474
