"","method","pval"
"1","AMCE",0.0191268628304164
"2","CRT",0.695760598503741
