"","method","pval"
"1","AMCE",0.0795375866035819
"2","CRT",0.381546134663342
