"","method","pval"
"1","AMCE",0.00194958341859328
"2","CRT",0.00498753117206983
