"","method","pval"
"1","AMCE",0.620746291443467
"2","CRT",0.0498753117206983
