"","method","pval"
"1","AMCE",0.0748339981976959
"2","CRT",0.0648379052369077
