"","method","pval"
"1","AMCE",0.00675030058424059
"2","CRT",0.129675810473815
