"","method","pval"
"1","AMCE",0.00493714515224761
"2","CRT",0.0124688279301746
