"","method","pval"
"1","AMCE",0.695475142437903
"2","CRT",0.446384039900249
