"","method","pval"
"1","AMCE",0.681535015436873
"2","CRT",0.291770573566085
