"","method","pval"
"1","AMCE",0.883015753139318
"2","CRT",0.0698254364089776
