"","method","pval"
"1","AMCE",0.00308445414628466
"2","CRT",0.0623441396508728
