"","method","pval"
"1","AMCE",0.328971846549384
"2","CRT",0.0623441396508728
