"","method","pval"
"1","AMCE",0.0292719125801357
"2","CRT",0.498753117206983
