"","method","pval"
"1","AMCE",0.389951738648978
"2","CRT",0.00249376558603491
