"","method","pval"
"1","AMCE",0.480466603598802
"2","CRT",0.516209476309227
