"","method","pval"
"1","AMCE",0.0369630195381035
"2","CRT",0.00498753117206983
