"","method","pval"
"1","AMCE",0.0283345294357712
"2","CRT",0.029925187032419
