"","method","pval"
"1","AMCE",0.937540802435558
"2","CRT",0.00498753117206983
