"","method","pval"
"1","AMCE",0.0119873958881526
"2","CRT",0.0174563591022444
