"","method","pval"
"1","AMCE",0.063022626489148
"2","CRT",0.0698254364089776
