"","method","pval"
"1","AMCE",0.0299631035158488
"2","CRT",0.179551122194514
