"","method","pval"
"1","AMCE",0.200888492475676
"2","CRT",0.728179551122195
