"","method","pval"
"1","AMCE",0.0225977758513217
"2","CRT",0.00997506234413965
