"","method","pval"
"1","AMCE",0.0248304371354842
"2","CRT",0.00249376558603491
