"","method","pval"
"1","AMCE",0.138712226755903
"2","CRT",0.00498753117206983
