"","method","pval"
"1","AMCE",0.901093595467015
"2","CRT",0.00748129675810474
