"","method","pval"
"1","AMCE",0.301939632610392
"2","CRT",0.00249376558603491
