"","method","pval"
"1","AMCE",0.319233391731642
"2","CRT",0.0124688279301746
