"","method","pval"
"1","AMCE",0.397086055662348
"2","CRT",0.00748129675810474
