"","method","pval"
"1","AMCE",0.00776289549374081
"2","CRT",0.0798004987531172
