"","method","pval"
"1","AMCE",0.784138726860289
"2","CRT",0.394014962593516
