"","method","pval"
"1","AMCE",0.00399944591095711
"2","CRT",0.408977556109726
