"","method","pval"
"1","AMCE",0.0707164162440598
"2","CRT",0.423940149625935
