"","method","pval"
"1","AMCE",0.0968402357242628
"2","CRT",0.119700748129676
