"","method","pval"
"1","AMCE",0.0107437473146717
"2","CRT",0.00249376558603491
