"","method","pval"
"1","AMCE",0.00406168694125976
"2","CRT",0.316708229426434
