"","method","pval"
"1","AMCE",0.00254527046739305
"2","CRT",0.00748129675810474
