"","method","pval"
"1","AMCE",0.463461337515066
"2","CRT",0.0598503740648379
