"","method","pval"
"1","AMCE",0.00161603114455287
"2","CRT",0.167082294264339
