"","method","pval"
"1","AMCE",0.00843607121853349
"2","CRT",0.354114713216958
