"","method","pval"
"1","AMCE",0.723320724254885
"2","CRT",0.0623441396508728
