"","method","pval"
"1","AMCE",0.850924771879953
"2","CRT",0.201995012468828
