"","method","pval"
"1","AMCE",0.463750488154489
"2","CRT",0.0648379052369077
