"","method","pval"
"1","AMCE",0.934417072062302
"2","CRT",0.201995012468828
