"","method","pval"
"1","AMCE",0.103830724020246
"2","CRT",0.00249376558603491
