"","method","pval"
"1","AMCE",0.44342928198231
"2","CRT",0.0149625935162095
