"","method","pval"
"1","AMCE",0.0563826696866063
"2","CRT",0.316708229426434
