"","method","pval"
"1","AMCE",0.05924720974091
"2","CRT",0.0124688279301746
