"","method","pval"
"1","AMCE",0.011222913653879
"2","CRT",0.0523690773067332
