"","method","pval"
"1","AMCE",0.00864306742740736
"2","CRT",0.29426433915212
