"","method","pval"
"1","AMCE",0.0501682914645621
"2","CRT",0.56359102244389
