"","method","pval"
"1","AMCE",0.213310876632039
"2","CRT",0.00249376558603491
