"","method","pval"
"1","AMCE",0.292270895480136
"2","CRT",0.00748129675810474
