"","method","pval"
"1","AMCE",0.000735388541179226
"2","CRT",0.00748129675810474
