"","method","pval"
"1","AMCE",0.240138526497208
"2","CRT",0.0124688279301746
