"","method","pval"
"1","AMCE",0.0122833278510753
"2","CRT",0.00249376558603491
