"","method","pval"
"1","AMCE",0.127675638725579
"2","CRT",0.226932668329177
