"","method","pval"
"1","AMCE",0.0264210921134979
"2","CRT",0.476309226932668
