"","method","pval"
"1","AMCE",0.0398788039125593
"2","CRT",0.0748129675810474
