"","method","pval"
"1","AMCE",0.00833548709663418
"2","CRT",0.00997506234413965
