"","method","pval"
"1","AMCE",0.0718360694184305
"2","CRT",0.0224438902743142
