"","method","pval"
"1","AMCE",0.0356613478829325
"2","CRT",0.0648379052369077
