"","method","pval"
"1","AMCE",0.81336852809265
"2","CRT",0.00498753117206983
