"","method","pval"
"1","AMCE",0.605377058233854
"2","CRT",0.683291770573566
