"","method","pval"
"1","AMCE",0.97522530583692
"2","CRT",0.930174563591022
