"","method","pval"
"1","AMCE",0.0215057974025433
"2","CRT",0.027431421446384
