"","method","pval"
"1","AMCE",0.154433219951826
"2","CRT",0.224438902743142
