"","method","pval"
"1","AMCE",0.172264908708438
"2","CRT",0.027431421446384
