"","method","pval"
"1","AMCE",0.0178092167359411
"2","CRT",0.00249376558603491
