"","method","pval"
"1","AMCE",0.0139414725692344
"2","CRT",0.413965087281795
