"","method","pval"
"1","AMCE",0.582702128080107
"2","CRT",0.778054862842893
