"","method","pval"
"1","AMCE",0.00457201476417614
"2","CRT",0.00249376558603491
