"","method","pval"
"1","AMCE",0.975054254331212
"2","CRT",0.00249376558603491
