"","method","pval"
"1","AMCE",0.235162303486084
"2","CRT",0.00748129675810474
