"","method","pval"
"1","AMCE",0.113629760801598
"2","CRT",0.0124688279301746
