"","method","pval"
"1","AMCE",0.542145010946097
"2","CRT",0.179551122194514
