"","method","pval"
"1","AMCE",0.00086238139853423
"2","CRT",0.0773067331670823
