"","method","pval"
"1","AMCE",0.0288181471525654
"2","CRT",0.0224438902743142
