"","method","pval"
"1","AMCE",0.0201318991206037
"2","CRT",0.0124688279301746
