"","method","pval"
"1","AMCE",0.262845624315408
"2","CRT",0.855361596009975
