"","method","pval"
"1","AMCE",0.241890631412705
"2","CRT",0.00997506234413965
