"","method","pval"
"1","AMCE",0.0468061473092349
"2","CRT",0.0324189526184539
