"","method","pval"
"1","AMCE",0.00666953481124267
"2","CRT",0.0149625935162095
