"","method","pval"
"1","AMCE",0.473942400375354
"2","CRT",0.084788029925187
