"","method","pval"
"1","AMCE",0.474966512110879
"2","CRT",0.00498753117206983
