"","method","pval"
"1","AMCE",0.391111757761109
"2","CRT",0.00249376558603491
