"","method","pval"
"1","AMCE",0.264590041690963
"2","CRT",0.0399002493765586
