"","method","pval"
"1","AMCE",0.68420634408185
"2","CRT",0.00748129675810474
