"","method","pval"
"1","AMCE",0.158342368533419
"2","CRT",0.394014962593516
