"","method","pval"
"1","AMCE",0.0293250857689864
"2","CRT",0.0448877805486284
