"","method","pval"
"1","AMCE",0.00052355800815022
"2","CRT",0.13715710723192
