"","method","pval"
"1","AMCE",0.252424596826793
"2","CRT",0.0548628428927681
