"","method","pval"
"1","AMCE",0.313694232907659
"2","CRT",0.00997506234413965
