"","method","pval"
"1","AMCE",0.18001100363629
"2","CRT",0.197007481296758
