"","method","pval"
"1","AMCE",0.23076705526081
"2","CRT",0.0174563591022444
