"","method","pval"
"1","AMCE",0.017511056246312
"2","CRT",0.0922693266832918
