"","method","pval"
"1","AMCE",0.0141532158586095
"2","CRT",0.00997506234413965
