"","method","pval"
"1","AMCE",0.0845216653401148
"2","CRT",0.00997506234413965
