"","method","pval"
"1","AMCE",0.00796979954465807
"2","CRT",0.251870324189526
