"","method","pval"
"1","AMCE",0.0136844429767143
"2","CRT",0.0199501246882793
