"","method","pval"
"1","AMCE",0.0442652228989905
"2","CRT",0.129675810473815
