"","method","pval"
"1","AMCE",0.000217495461488443
"2","CRT",0.102244389027431
