"","method","pval"
"1","AMCE",0.499405257732369
"2","CRT",0.0124688279301746
