"","method","pval"
"1","AMCE",0.297622513982043
"2","CRT",0.00498753117206983
