"","method","pval"
"1","AMCE",0.787801130662582
"2","CRT",0.0149625935162095
