"","method","pval"
"1","AMCE",0.0338770452458523
"2","CRT",0.027431421446384
