"","method","pval"
"1","AMCE",0.75043583169545
"2","CRT",0.027431421446384
