"","method","pval"
"1","AMCE",0.0570066332368806
"2","CRT",0.366583541147132
