"","method","pval"
"1","AMCE",0.363846758425946
"2","CRT",0.0498753117206983
