"","method","pval"
"1","AMCE",1.46562918526445e-05
"2","CRT",0.0224438902743142
