"","method","pval"
"1","AMCE",0.470434645800136
"2","CRT",0.0972568578553616
