"","method","pval"
"1","AMCE",0.0188479890397496
"2","CRT",0.027431421446384
