"","method","pval"
"1","AMCE",0.0984652337030287
"2","CRT",0.134663341645885
