"","method","pval"
"1","AMCE",0.224979959700054
"2","CRT",0.28428927680798
