"","method","pval"
"1","AMCE",0.245344020279343
"2","CRT",0.635910224438903
