"","method","pval"
"1","AMCE",0.00500980400213835
"2","CRT",0.695760598503741
