"","method","pval"
"1","AMCE",0.0176321706892538
"2","CRT",0.496259351620948
