"","method","pval"
"1","AMCE",0.0185358234932966
"2","CRT",0.00748129675810474
