"","method","pval"
"1","AMCE",0.0222097070018302
"2","CRT",0.0548628428927681
