"","method","pval"
"1","AMCE",0.0700083200626363
"2","CRT",0.0997506234413965
