"","method","pval"
"1","AMCE",0.260916620709439
"2","CRT",0.336658354114713
