"","method","pval"
"1","AMCE",0.0312094083873724
"2","CRT",0.286783042394015
