"","method","pval"
"1","AMCE",0.0196756966599469
"2","CRT",0.0773067331670823
