"","method","pval"
"1","AMCE",0.354848121420841
"2","CRT",0.14713216957606
