"","method","pval"
"1","AMCE",0.0836471396493219
"2","CRT",0.0598503740648379
