"","method","pval"
"1","AMCE",0.0141671546180818
"2","CRT",0.122194513715711
