"","method","pval"
"1","AMCE",0.0383346653636075
"2","CRT",0.556109725685786
