"","method","pval"
"1","AMCE",0.009156085749897
"2","CRT",0.451371571072319
