"","method","pval"
"1","AMCE",0.0962970182362536
"2","CRT",0.00249376558603491
