"","method","pval"
"1","AMCE",0.0496520782438918
"2","CRT",0.199501246882793
