"","method","pval"
"1","AMCE",0.539521354143487
"2","CRT",0.785536159600998
