"","method","pval"
"1","AMCE",0.00538710020688348
"2","CRT",0.0199501246882793
