"","method","pval"
"1","AMCE",0.187960742862129
"2","CRT",0.00249376558603491
