"","method","pval"
"1","AMCE",0.121351675877274
"2","CRT",0.0723192019950125
