"","method","pval"
"1","AMCE",0.378553729588368
"2","CRT",0.027431421446384
