"","method","pval"
"1","AMCE",0.0699909408400168
"2","CRT",0.177057356608479
