"","method","pval"
"1","AMCE",0.0110326522511979
"2","CRT",0.0224438902743142
