"","method","pval"
"1","AMCE",0.123355366779981
"2","CRT",0.00997506234413965
