"","method","pval"
"1","AMCE",0.0604932525292729
"2","CRT",0.354114713216958
