"","method","pval"
"1","AMCE",0.0467441659450693
"2","CRT",0.301745635910224
