"","method","pval"
"1","AMCE",0.00905457135898192
"2","CRT",0.00997506234413965
