"","method","pval"
"1","AMCE",0.56110500772499
"2","CRT",0.169576059850374
