"","method","pval"
"1","AMCE",0.65603320952546
"2","CRT",0.0997506234413965
