"","method","pval"
"1","AMCE",0.222564094009088
"2","CRT",0.0498753117206983
