"","method","pval"
"1","AMCE",0.00120532656716244
"2","CRT",0.0349127182044888
