"","method","pval"
"1","AMCE",0.170904077788895
"2","CRT",0.269326683291771
