"","method","pval"
"1","AMCE",0.121512885269632
"2","CRT",0.0149625935162095
