"","method","pval"
"1","AMCE",0.298680040367745
"2","CRT",0.0249376558603491
