"","method","pval"
"1","AMCE",0.00833891314369859
"2","CRT",0.00748129675810474
