"","method","pval"
"1","AMCE",0.0105709377536525
"2","CRT",0.0149625935162095
