"","method","pval"
"1","AMCE",0.192259708921157
"2","CRT",0.0798004987531172
