"","method","pval"
"1","AMCE",0.224971920782055
"2","CRT",0.0648379052369077
