"","method","pval"
"1","AMCE",0.274627290642825
"2","CRT",0.00498753117206983
