"","method","pval"
"1","AMCE",0.0157881114942843
"2","CRT",0.0149625935162095
