"","method","pval"
"1","AMCE",0.255996936630468
"2","CRT",0.0224438902743142
