"","method","pval"
"1","AMCE",0.408751686218733
"2","CRT",0.14214463840399
