"","method","pval"
"1","AMCE",0.0476969861044861
"2","CRT",0.0399002493765586
