"","method","pval"
"1","AMCE",0.108925952404395
"2","CRT",0.027431421446384
