"","method","pval"
"1","AMCE",0.131560493241794
"2","CRT",0.00997506234413965
