"","method","pval"
"1","AMCE",0.00211370893959133
"2","CRT",0.276807980049875
