"","method","pval"
"1","AMCE",0.457025465183165
"2","CRT",0.174563591022444
