"","method","pval"
"1","AMCE",0.538970532828882
"2","CRT",0.00498753117206983
