"","method","pval"
"1","AMCE",0.0364896125152103
"2","CRT",0.0199501246882793
