"","method","pval"
"1","AMCE",0.00652135537836005
"2","CRT",0.506234413965087
