"","method","pval"
"1","AMCE",0.000786507908445957
"2","CRT",0.104738154613466
