"","method","pval"
"1","AMCE",0.698566639264754
"2","CRT",0.0548628428927681
