"","method","pval"
"1","AMCE",0.0594532906386441
"2","CRT",0.28428927680798
