"","method","pval"
"1","AMCE",0.070720923923289
"2","CRT",0.0648379052369077
