"","method","pval"
"1","AMCE",0.352704622183245
"2","CRT",0.653366583541147
