"","method","pval"
"1","AMCE",0.00382231205873276
"2","CRT",0.00748129675810474
