"","method","pval"
"1","AMCE",0.190226779040404
"2","CRT",0.0473815461346633
