"","method","pval"
"1","AMCE",0.0053657949704589
"2","CRT",0.309226932668329
