"","method","pval"
"1","AMCE",0.121342488839905
"2","CRT",0.00748129675810474
