"","method","pval"
"1","AMCE",0.00251357402365722
"2","CRT",0.42643391521197
