"","method","pval"
"1","AMCE",0.123222008942595
"2","CRT",0.0149625935162095
