"","method","pval"
"1","AMCE",0.061792103759238
"2","CRT",0.386533665835411
