"","method","pval"
"1","AMCE",0.0105623751000693
"2","CRT",0.0648379052369077
