"","method","pval"
"1","AMCE",0.138926191722736
"2","CRT",0.139650872817955
