"","method","pval"
"1","AMCE",0.00282481525984536
"2","CRT",0.0349127182044888
