"","method","pval"
"1","AMCE",0.00736273431535057
"2","CRT",0.311720698254364
