"","method","pval"
"1","AMCE",0.174699571156237
"2","CRT",0.0673316708229426
