"","method","pval"
"1","AMCE",0.115456696372332
"2","CRT",0.0399002493765586
