"","method","pval"
"1","AMCE",0.115056523777587
"2","CRT",0.0149625935162095
