"","method","pval"
"1","AMCE",0.821506224462211
"2","CRT",0.107231920199501
