"","method","pval"
"1","AMCE",0.00487886096419936
"2","CRT",0.371571072319202
