"","method","pval"
"1","AMCE",0.458196197579078
"2","CRT",0.0224438902743142
