"","method","pval"
"1","AMCE",0.0491812247290561
"2","CRT",0.408977556109726
