"","method","pval"
"1","AMCE",0.12343856676475
"2","CRT",0.0648379052369077
