"","method","pval"
"1","AMCE",0.03886573188039
"2","CRT",0.00249376558603491
