"","method","pval"
"1","AMCE",0.0213723073137598
"2","CRT",0.0149625935162095
