"","method","pval"
"1","AMCE",0.0559722907077977
"2","CRT",0.0374064837905237
