"","method","pval"
"1","AMCE",0.361308837277285
"2","CRT",0.0224438902743142
