"","method","pval"
"1","AMCE",0.420710489510076
"2","CRT",0.0174563591022444
