"","method","pval"
"1","AMCE",0.298599389462051
"2","CRT",0.00249376558603491
