"","method","pval"
"1","AMCE",0.469781252522032
"2","CRT",0.00249376558603491
