"","method","pval"
"1","AMCE",0.13043610517543
"2","CRT",0.41645885286783
