"","method","pval"
"1","AMCE",0.00592591875654262
"2","CRT",0.00498753117206983
