"","method","pval"
"1","AMCE",0.402400564929588
"2","CRT",0.204488778054863
