"","method","pval"
"1","AMCE",0.687126947755108
"2","CRT",0.244389027431421
