"","method","pval"
"1","AMCE",0.0528168898813757
"2","CRT",0.523690773067332
