"","method","pval"
"1","AMCE",0.751820872080549
"2","CRT",0.321695760598504
