"","method","pval"
"1","AMCE",0.469788359219211
"2","CRT",0.00249376558603491
