"","method","pval"
"1","AMCE",0.339598983748687
"2","CRT",0.478802992518703
