"","method","pval"
"1","AMCE",0.100569870364428
"2","CRT",0.0673316708229426
