"","method","pval"
"1","AMCE",0.0108969641180648
"2","CRT",0.00748129675810474
