"","method","pval"
"1","AMCE",0.13812665413867
"2","CRT",0.144638403990025
