"","method","pval"
"1","AMCE",0.01641317849693
"2","CRT",0.114713216957606
