"","method","pval"
"1","AMCE",0.244021291748564
"2","CRT",0.00249376558603491
