"","method","pval"
"1","AMCE",0.394261144027011
"2","CRT",0.356608478802993
