"","method","pval"
"1","AMCE",0.0388728924601758
"2","CRT",0.00249376558603491
