"","method","pval"
"1","AMCE",0.0120723889330394
"2","CRT",0.0374064837905237
