"","method","pval"
"1","AMCE",0.0436690998523803
"2","CRT",0.0349127182044888
