"","method","pval"
"1","AMCE",0.143571575424628
"2","CRT",0.187032418952618
