"","method","pval"
"1","AMCE",0.00415162913879539
"2","CRT",0.15211970074813
