"","method","pval"
"1","AMCE",0.163153429250041
"2","CRT",0.391521197007481
