"","method","pval"
"1","AMCE",0.00487094143277615
"2","CRT",0.982543640897756
