"","method","pval"
"1","AMCE",0.00273290266587168
"2","CRT",0.4214463840399
