"","method","pval"
"1","AMCE",0.0542713026983312
"2","CRT",0.0124688279301746
