"","method","pval"
"1","AMCE",0.00297858066261072
"2","CRT",0.00249376558603491
