"","method","pval"
"1","AMCE",0.00214036723435069
"2","CRT",0.254364089775561
