"","method","pval"
"1","AMCE",0.0140119556296046
"2","CRT",0.0423940149625935
