"","method","pval"
"1","AMCE",0.050475847421453
"2","CRT",0.0149625935162095
