"","method","pval"
"1","AMCE",0.126999772375077
"2","CRT",0.00498753117206983
