"","method","pval"
"1","AMCE",0.374797247975921
"2","CRT",0.00249376558603491
