"","method","pval"
"1","AMCE",0.129907931733513
"2","CRT",0.0174563591022444
