"","method","pval"
"1","AMCE",0.117240809626061
"2","CRT",0.00249376558603491
