"","method","pval"
"1","AMCE",0.000199408821642635
"2","CRT",0.349127182044888
