"","method","pval"
"1","AMCE",0.220752092782883
"2","CRT",0.0124688279301746
