"","method","pval"
"1","AMCE",0.145492504731261
"2","CRT",0.00249376558603491
