"","method","pval"
"1","AMCE",0.0490521281870737
"2","CRT",0.00249376558603491
