"","method","pval"
"1","AMCE",0.00619246162316638
"2","CRT",0.581047381546135
