"","method","pval"
"1","AMCE",0.0274919841056812
"2","CRT",0.119700748129676
