"","method","pval"
"1","AMCE",0.227408774626953
"2","CRT",0.0374064837905237
