"","method","pval"
"1","AMCE",0.568859388720377
"2","CRT",0.127182044887781
