"","method","pval"
"1","AMCE",0.876908906635057
"2","CRT",0.00249376558603491
