"","method","pval"
"1","AMCE",0.00122139420813774
"2","CRT",0.456359102244389
