"","method","pval"
"1","AMCE",0.0293556307091491
"2","CRT",0.13715710723192
