"","method","pval"
"1","AMCE",0.267374310301428
"2","CRT",0.00249376558603491
