"","method","pval"
"1","AMCE",0.155615000722661
"2","CRT",0.159600997506234
