"","method","pval"
"1","AMCE",0.0528071971520294
"2","CRT",0.159600997506234
