"","method","pval"
"1","AMCE",0.193246248435989
"2","CRT",0.945137157107232
