"","method","pval"
"1","AMCE",0.121746003246822
"2","CRT",0.291770573566085
