"","method","pval"
"1","AMCE",0.179372597664644
"2","CRT",0.00249376558603491
