"","method","pval"
"1","AMCE",0.00679914230582489
"2","CRT",0.122194513715711
