"","method","pval"
"1","AMCE",0.235079173885567
"2","CRT",0.15211970074813
