"","method","pval"
"1","AMCE",0.741375542332881
"2","CRT",0.359102244389027
