"","method","pval"
"1","AMCE",0.454121715732672
"2","CRT",0.00498753117206983
