"","method","pval"
"1","AMCE",0.242241348739458
"2","CRT",0.0473815461346633
