"","method","pval"
"1","AMCE",0.255998521628632
"2","CRT",0.0723192019950125
