"","method","pval"
"1","AMCE",0.0201561479904685
"2","CRT",0.00997506234413965
