"","method","pval"
"1","AMCE",0.438655469745817
"2","CRT",0.117206982543641
