"","method","pval"
"1","AMCE",0.325220510121227
"2","CRT",0.00997506234413965
