"","method","pval"
"1","AMCE",0.0145473993882194
"2","CRT",0.00498753117206983
