"","method","pval"
"1","AMCE",0.212330042455883
"2","CRT",0.28428927680798
