"","method","pval"
"1","AMCE",0.00632851531419827
"2","CRT",0.00498753117206983
