"","method","pval"
"1","AMCE",0.100209292318445
"2","CRT",0.0473815461346633
