"","method","pval"
"1","AMCE",0.018751448209519
"2","CRT",0.13216957605985
