"","method","pval"
"1","AMCE",0.0747922423162497
"2","CRT",0.14713216957606
