"","method","pval"
"1","AMCE",0.106302483712232
"2","CRT",0.234413965087282
