"","method","pval"
"1","AMCE",0.000401788438367833
"2","CRT",0.321695760598504
