"","method","pval"
"1","AMCE",0.00487593416538999
"2","CRT",0.211970074812968
