"","method","pval"
"1","AMCE",0.456016674993879
"2","CRT",0.00498753117206983
