"","method","pval"
"1","AMCE",0.00217968652863822
"2","CRT",0.351620947630923
