"","method","pval"
"1","AMCE",0.209509983163799
"2","CRT",0.0473815461346633
