"","method","pval"
"1","AMCE",0.0474251301630678
"2","CRT",0.144638403990025
