"","method","pval"
"1","AMCE",0.557455612282448
"2","CRT",0.00997506234413965
