"","method","pval"
"1","AMCE",0.0879943714170782
"2","CRT",0.117206982543641
