"","method","pval"
"1","AMCE",0.278237735106408
"2","CRT",0.159600997506234
