"","method","pval"
"1","AMCE",0.0439439441753906
"2","CRT",0.139650872817955
