"","method","pval"
"1","AMCE",0.0080718291667312
"2","CRT",0.00748129675810474
