"","method","pval"
"1","AMCE",0.768996411637937
"2","CRT",0.0623441396508728
