"","method","pval"
"1","AMCE",0.0814053357970072
"2","CRT",0.0199501246882793
