"","method","pval"
"1","AMCE",0.371293106733607
"2","CRT",0.0124688279301746
