"","method","pval"
"1","AMCE",0.00391909970785486
"2","CRT",0.0648379052369077
