"","method","pval"
"1","AMCE",0.0683185314925822
"2","CRT",0.0199501246882793
