"","method","pval"
"1","AMCE",0.0195114745758757
"2","CRT",0.0448877805486284
