"","method","pval"
"1","AMCE",0.289621045832625
"2","CRT",0.00249376558603491
