"","method","pval"
"1","AMCE",0.67219391330649
"2","CRT",0.00748129675810474
