"","method","pval"
"1","AMCE",0.118609165177677
"2","CRT",0.00748129675810474
