"","method","pval"
"1","AMCE",0.23534013753042
"2","CRT",0.254364089775561
