"","method","pval"
"1","AMCE",0.00230705629680082
"2","CRT",0.159600997506234
