"","method","pval"
"1","AMCE",0.803892600347994
"2","CRT",0.473815461346633
