"","method","pval"
"1","AMCE",0.191672066866767
"2","CRT",0.00498753117206983
