"","method","pval"
"1","AMCE",0.227738733019509
"2","CRT",0.177057356608479
