"","method","pval"
"1","AMCE",0.0101745604704977
"2","CRT",0.319201995012469
