"","method","pval"
"1","AMCE",0.047831825422195
"2","CRT",0.29426433915212
