"","method","pval"
"1","AMCE",0.109446051217944
"2","CRT",0.144638403990025
