"","method","pval"
"1","AMCE",0.00601312314875996
"2","CRT",0.346633416458853
