"","method","pval"
"1","AMCE",0.00119746089605829
"2","CRT",0.00249376558603491
