"","method","pval"
"1","AMCE",0.00162705460020425
"2","CRT",0.476309226932668
