"","method","pval"
"1","AMCE",0.148237584736271
"2","CRT",0.546134663341646
