"","method","pval"
"1","AMCE",0.943401220813792
"2","CRT",0.027431421446384
