"","method","pval"
"1","AMCE",0.144511712734828
"2","CRT",0.00748129675810474
