"","method","pval"
"1","AMCE",0.237885201348869
"2","CRT",0.0224438902743142
