"","method","pval"
"1","AMCE",0.0163887165965332
"2","CRT",0.00748129675810474
