"","method","pval"
"1","AMCE",0.00126711336022919
"2","CRT",0.00249376558603491
