"","method","pval"
"1","AMCE",0.00697770921953872
"2","CRT",0.0149625935162095
