"","method","pval"
"1","AMCE",0.0312525012360005
"2","CRT",0.13216957605985
