"","method","pval"
"1","AMCE",0.179443667997821
"2","CRT",0.331670822942643
