"","method","pval"
"1","AMCE",0.0104135928873008
"2","CRT",0.0149625935162095
