"","method","pval"
"1","AMCE",0.014025326451866
"2","CRT",0.182044887780549
