"","method","pval"
"1","AMCE",0.259196025249694
"2","CRT",0.00498753117206983
