"","method","pval"
"1","AMCE",0.75673174495839
"2","CRT",0.0349127182044888
