"","method","pval"
"1","AMCE",0.644228479834889
"2","CRT",0.00997506234413965
