"","method","pval"
"1","AMCE",0.00285567593551506
"2","CRT",0.0598503740648379
