"","method","pval"
"1","AMCE",0.134226165319395
"2","CRT",0.154613466334165
