"","method","pval"
"1","AMCE",0.00203424021922289
"2","CRT",0.334164588528678
