"","method","pval"
"1","AMCE",0.134255610769598
"2","CRT",0.149625935162095
