"","method","pval"
"1","AMCE",0.153455934847952
"2","CRT",0.102244389027431
