"","method","pval"
"1","AMCE",0.009567092356778
"2","CRT",0.00249376558603491
