"","method","pval"
"1","AMCE",0.160452904809515
"2","CRT",0.00748129675810474
