"","method","pval"
"1","AMCE",0.0200204297986692
"2","CRT",0.0399002493765586
