"","method","pval"
"1","AMCE",0.0783394559270699
"2","CRT",0.0523690773067332
