"","method","pval"
"1","AMCE",0.0162893756175619
"2","CRT",0.00748129675810474
