"","method","pval"
"1","AMCE",0.00519416731116932
"2","CRT",0.00997506234413965
