"","method","pval"
"1","AMCE",0.479234062447807
"2","CRT",0.271820448877805
