"","method","pval"
"1","AMCE",0.226223975807682
"2","CRT",0.00498753117206983
