"","method","pval"
"1","AMCE",0.90288735907663
"2","CRT",0.15211970074813
