"","method","pval"
"1","AMCE",0.0169268795319152
"2","CRT",0.0473815461346633
