"","method","pval"
"1","AMCE",0.242206851633651
"2","CRT",0.00748129675810474
