"","method","pval"
"1","AMCE",0.286159382908127
"2","CRT",0.112219451371571
