"","method","pval"
"1","AMCE",0.000223620796480516
"2","CRT",0.0972568578553616
