"","method","pval"
"1","AMCE",0.255466156165701
"2","CRT",0.029925187032419
