"","method","pval"
"1","AMCE",0.456654830208272
"2","CRT",0.316708229426434
