"","method","pval"
"1","AMCE",0.433850918423544
"2","CRT",0.0598503740648379
