"","method","pval"
"1","AMCE",0.0595197657396771
"2","CRT",0.374064837905237
