"","method","pval"
"1","AMCE",0.0293961245187683
"2","CRT",0.42643391521197
