"","method","pval"
"1","AMCE",0.388763398920224
"2","CRT",0.00249376558603491
