"","method","pval"
"1","AMCE",0.453043354250252
"2","CRT",0.00748129675810474
