"","method","pval"
"1","AMCE",0.698242164236971
"2","CRT",0.982543640897756
