"","method","pval"
"1","AMCE",0.660157562565324
"2","CRT",0.0897755610972569
