"","method","pval"
"1","AMCE",0.0105781907383315
"2","CRT",0.149625935162095
