"","method","pval"
"1","AMCE",0.575445156303202
"2","CRT",0.0349127182044888
