"","method","pval"
"1","AMCE",0.588100739579634
"2","CRT",0.14214463840399
