"","method","pval"
"1","AMCE",0.698584876111086
"2","CRT",0.209476309226933
