"","method","pval"
"1","AMCE",0.0224780698834511
"2","CRT",0.0149625935162095
