"","method","pval"
"1","AMCE",0.156360794333375
"2","CRT",0.00249376558603491
