"","method","pval"
"1","AMCE",0.879036718230479
"2","CRT",0.00249376558603491
