"","method","pval"
"1","AMCE",0.0404876377016676
"2","CRT",0.00249376558603491
