"","method","pval"
"1","AMCE",0.645015309021872
"2","CRT",0.00498753117206983
