"","method","pval"
"1","AMCE",0.0246825679513024
"2","CRT",0.0249376558603491
