"","method","pval"
"1","AMCE",0.703887493112141
"2","CRT",0.0798004987531172
