"","method","pval"
"1","AMCE",0.0235253157021557
"2","CRT",0.057356608478803
