"","method","pval"
"1","AMCE",0.0199166670481525
"2","CRT",0.119700748129676
