"","method","pval"
"1","AMCE",0.0126467280258907
"2","CRT",0.0798004987531172
