"","method","pval"
"1","AMCE",0.0087523011001725
"2","CRT",0.0324189526184539
