"","method","pval"
"1","AMCE",0.00898004582975671
"2","CRT",0.241895261845387
