"","method","pval"
"1","AMCE",0.0158813504494298
"2","CRT",0.0174563591022444
