"","method","pval"
"1","AMCE",0.0521488494109404
"2","CRT",0.00748129675810474
