"","method","pval"
"1","AMCE",0.00366374695377213
"2","CRT",0.0374064837905237
