"","method","pval"
"1","AMCE",0.0660489338560018
"2","CRT",0.114713216957606
