"","method","pval"
"1","AMCE",0.224903890645033
"2","CRT",0.00997506234413965
