"","method","pval"
"1","AMCE",0.0165080563811599
"2","CRT",0.0324189526184539
