"","method","pval"
"1","AMCE",0.408074066619499
"2","CRT",0.119700748129676
