"","method","pval"
"1","AMCE",0.17592970854632
"2","CRT",0.00997506234413965
