"","method","pval"
"1","AMCE",0.00383928253025848
"2","CRT",0.254364089775561
