"","method","pval"
"1","AMCE",0.278244571274515
"2","CRT",0.00249376558603491
