"","method","pval"
"1","AMCE",0.0157154124047719
"2","CRT",0.164588528678304
