"","method","pval"
"1","AMCE",0.316732520866598
"2","CRT",0.0498753117206983
