"","method","pval"
"1","AMCE",0.0203073529060695
"2","CRT",0.027431421446384
