"","method","pval"
"1","AMCE",0.0413820841745184
"2","CRT",0.0199501246882793
