"","method","pval"
"1","AMCE",0.0158886638157251
"2","CRT",0.00748129675810474
