"","method","pval"
"1","AMCE",0.0777581318223017
"2","CRT",0.0798004987531172
