"","method","pval"
"1","AMCE",0.251964702594169
"2","CRT",0.0598503740648379
