"","method","pval"
"1","AMCE",0.216993862229745
"2","CRT",0.00748129675810474
