"","method","pval"
"1","AMCE",0.0325842562484574
"2","CRT",0.481296758104738
