"","method","pval"
"1","AMCE",0.100234777972522
"2","CRT",0.027431421446384
