"","method","pval"
"1","AMCE",0.00835666478570052
"2","CRT",0.00748129675810474
