"","method","pval"
"1","AMCE",0.0968763443751163
"2","CRT",0.0224438902743142
