"","method","pval"
"1","AMCE",0.234362988477326
"2","CRT",0.0648379052369077
