"","method","pval"
"1","AMCE",0.160152887424368
"2","CRT",0.0174563591022444
