"","method","pval"
"1","AMCE",0.451770499070516
"2","CRT",0.0199501246882793
