"","method","pval"
"1","AMCE",0.594096939209067
"2","CRT",0.428927680798005
