"","method","pval"
"1","AMCE",0.00960291869732225
"2","CRT",0.00997506234413965
