"","method","pval"
"1","AMCE",0.227847819847322
"2","CRT",0.0523690773067332
