"","method","pval"
"1","AMCE",0.0141672834960555
"2","CRT",0.0773067331670823
