"","method","pval"
"1","AMCE",0.00828301261098162
"2","CRT",0.0174563591022444
