"","method","pval"
"1","AMCE",0.197879598584251
"2","CRT",0.982543640897756
