"","method","pval"
"1","AMCE",0.289848398996191
"2","CRT",0.00249376558603491
