"","method","pval"
"1","AMCE",0.255784570881219
"2","CRT",0.00249376558603491
