"","method","pval"
"1","AMCE",0.0209489722163942
"2","CRT",0.43640897755611
