"","method","pval"
"1","AMCE",0.0240439921299831
"2","CRT",0.00997506234413965
