"","method","pval"
"1","AMCE",0.0933188634354586
"2","CRT",0.00997506234413965
