"","method","pval"
"1","AMCE",0.000920423588919876
"2","CRT",0.660847880299252
