"","method","pval"
"1","AMCE",0.295126153541786
"2","CRT",0.00249376558603491
