"","method","pval"
"1","AMCE",0.00204817415784857
"2","CRT",0.693266832917706
