"","method","pval"
"1","AMCE",0.0026009683532482
"2","CRT",0.788029925187032
