"","method","pval"
"1","AMCE",0.0141543982667069
"2","CRT",0.236907730673317
