"","method","pval"
"1","AMCE",0.737179228721824
"2","CRT",0.0698254364089776
