"","method","pval"
"1","AMCE",0.0189708898347612
"2","CRT",0.119700748129676
