"","method","pval"
"1","AMCE",0.00629813029128262
"2","CRT",0.00249376558603491
