"","method","pval"
"1","AMCE",0.692490834645707
"2","CRT",0.00748129675810474
