"","method","pval"
"1","AMCE",0.295688108794746
"2","CRT",0.0324189526184539
