"","method","pval"
"1","AMCE",0.00246898157739071
"2","CRT",0.027431421446384
