"","method","pval"
"1","AMCE",0.0334699502661211
"2","CRT",0.70074812967581
