"","method","pval"
"1","AMCE",0.134244169662792
"2","CRT",0.256857855361596
