"","method","pval"
"1","AMCE",0.00693629177029876
"2","CRT",0.00748129675810474
