"","method","pval"
"1","AMCE",0.0457273402148181
"2","CRT",0.00748129675810474
