"","method","pval"
"1","AMCE",0.101086091206576
"2","CRT",0.266832917705736
