"","method","pval"
"1","AMCE",0.0616405057249675
"2","CRT",0.0623441396508728
