"","method","pval"
"1","AMCE",0.601117108919196
"2","CRT",0.261845386533666
