"","method","pval"
"1","AMCE",0.176262190336573
"2","CRT",0.0149625935162095
