"","method","pval"
"1","AMCE",0.00843839933944131
"2","CRT",0.0224438902743142
