"","method","pval"
"1","AMCE",0.685077285700129
"2","CRT",0.00997506234413965
