"","method","pval"
"1","AMCE",0.00687522070775932
"2","CRT",0.00997506234413965
