"","method","pval"
"1","AMCE",0.381118544565688
"2","CRT",0.00748129675810474
