"","method","pval"
"1","AMCE",0.023947413982551
"2","CRT",0.00249376558603491
