"","method","pval"
"1","AMCE",0.00637341865698508
"2","CRT",0.324189526184539
