"","method","pval"
"1","AMCE",0.0230750086417849
"2","CRT",0.0773067331670823
