"","method","pval"
"1","AMCE",0.040742060966339
"2","CRT",0.451371571072319
