"","method","pval"
"1","AMCE",0.00905164587849384
"2","CRT",0.00249376558603491
