"","method","pval"
"1","AMCE",0.229396777249956
"2","CRT",0.027431421446384
