"","method","pval"
"1","AMCE",0.224971920782059
"2","CRT",0.28428927680798
