"","method","pval"
"1","AMCE",0.20162904201801
"2","CRT",0.00997506234413965
