"","method","pval"
"1","AMCE",0.552392283686154
"2","CRT",0.985037406483791
