"","method","pval"
"1","AMCE",0.0370531557898973
"2","CRT",0.0124688279301746
