"","method","pval"
"1","AMCE",0.054021315908893
"2","CRT",0.00997506234413965
