"","method","pval"
"1","AMCE",0.00103381951473044
"2","CRT",0.224438902743142
