"","method","pval"
"1","AMCE",0.0490097194942746
"2","CRT",0.00748129675810474
