"","method","pval"
"1","AMCE",0.0246501718684929
"2","CRT",0.00249376558603491
