"","method","pval"
"1","AMCE",0.16925346145333
"2","CRT",0.0748129675810474
