"","method","pval"
"1","AMCE",0.00582132738636349
"2","CRT",0.00997506234413965
