"","method","pval"
"1","AMCE",0.00147587023697859
"2","CRT",0.0773067331670823
