"","method","pval"
"1","AMCE",0.0200233415847462
"2","CRT",0.239401496259352
