"","method","pval"
"1","AMCE",0.0356781603911756
"2","CRT",0.0374064837905237
