"","method","pval"
"1","AMCE",0.0528018241367155
"2","CRT",0.0698254364089776
