"","method","pval"
"1","AMCE",0.982165367990027
"2","CRT",0.800498753117207
