"","method","pval"
"1","AMCE",0.00241796791354255
"2","CRT",0.00249376558603491
