"","method","pval"
"1","AMCE",0.000329490545878881
"2","CRT",0.00498753117206983
