"","method","pval"
"1","AMCE",0.906041844038881
"2","CRT",0.0822942643391521
