"","method","pval"
"1","AMCE",0.438771745920972
"2","CRT",0.0199501246882793
