"","method","pval"
"1","AMCE",0.00344698889593802
"2","CRT",0.0199501246882793
