"","method","pval"
"1","AMCE",0.925816474681304
"2","CRT",0.28428927680798
