"","method","pval"
"1","AMCE",0.592216910194997
"2","CRT",0.057356608478803
