"","method","pval"
"1","AMCE",0.00821225699217984
"2","CRT",0.0149625935162095
