"","method","pval"
"1","AMCE",0.31505455676829
"2","CRT",0.56359102244389
