"","method","pval"
"1","AMCE",0.671620774602075
"2","CRT",0.0623441396508728
