"","method","pval"
"1","AMCE",0.0189510656943091
"2","CRT",0.172069825436409
