"","method","pval"
"1","AMCE",0.077819048977881
"2","CRT",0.13216957605985
