"","method","pval"
"1","AMCE",0.0883878454650174
"2","CRT",0.423940149625935
