"","method","pval"
"1","AMCE",0.133982352209637
"2","CRT",0.14214463840399
