"","method","pval"
"1","AMCE",0.408754185451729
"2","CRT",0.0698254364089776
