"","method","pval"
"1","AMCE",0.0707033941675284
"2","CRT",0.00249376558603491
