"","method","pval"
"1","AMCE",0.0745332129130266
"2","CRT",0.0648379052369077
