"","method","pval"
"1","AMCE",0.018781492755425
"2","CRT",0.276807980049875
