"","method","pval"
"1","AMCE",0.0454519471134581
"2","CRT",0.418952618453865
