"","method","pval"
"1","AMCE",0.0481692116467706
"2","CRT",0.00498753117206983
