"","method","pval"
"1","AMCE",0.00372379859552156
"2","CRT",0.174563591022444
