"","method","pval"
"1","AMCE",0.134569235636861
"2","CRT",0.264339152119701
