"","method","pval"
"1","AMCE",0.284284704346202
"2","CRT",0.269326683291771
