"","method","pval"
"1","AMCE",0.07917561728834
"2","CRT",0.738154613466334
