"","method","pval"
"1","AMCE",0.217041277664722
"2","CRT",0.0773067331670823
