"","method","pval"
"1","AMCE",0.0613248665576357
"2","CRT",0.15211970074813
