"","method","pval"
"1","AMCE",0.409543049389564
"2","CRT",0.00498753117206983
