"","method","pval"
"1","AMCE",0.0176350662475347
"2","CRT",0.246882793017456
