"","method","pval"
"1","AMCE",0.040114710786089
"2","CRT",0.0723192019950125
