"","method","pval"
"1","AMCE",0.2052376464755
"2","CRT",0.401496259351621
