"","method","pval"
"1","AMCE",0.00273842704500467
"2","CRT",0.0249376558603491
