"","method","pval"
"1","AMCE",0.298394157620929
"2","CRT",0.0199501246882793
