"","method","pval"
"1","AMCE",0.0259515108482097
"2","CRT",0.291770573566085
