"","method","pval"
"1","AMCE",0.0988110143906294
"2","CRT",0.0498753117206983
