"","method","pval"
"1","AMCE",0.167751276761017
"2","CRT",0.13715710723192
