"","method","pval"
"1","AMCE",0.0496077417997641
"2","CRT",0.177057356608479
