"","method","pval"
"1","AMCE",0.409759141298458
"2","CRT",0.0673316708229426
