"","method","pval"
"1","AMCE",0.011387011957502
"2","CRT",0.800498753117207
