"","method","pval"
"1","AMCE",0.0472263755969422
"2","CRT",0.0349127182044888
