"","method","pval"
"1","AMCE",0.0122829223282881
"2","CRT",0.00997506234413965
