"","method","pval"
"1","AMCE",0.121789458874164
"2","CRT",0.411471321695761
