"","method","pval"
"1","AMCE",0.339475936470754
"2","CRT",0.0174563591022444
