"","method","pval"
"1","AMCE",0.776439145050289
"2","CRT",0.72568578553616
