"","method","pval"
"1","AMCE",0.0669179963388089
"2","CRT",0.0473815461346633
