"","method","pval"
"1","AMCE",0.00726149877164583
"2","CRT",0.0897755610972569
