"","method","pval"
"1","AMCE",0.0105858968994011
"2","CRT",0.14214463840399
