"","method","pval"
"1","AMCE",0.265737791466339
"2","CRT",0.057356608478803
