"","method","pval"
"1","AMCE",0.00888564256019043
"2","CRT",0.00249376558603491
