"","method","pval"
"1","AMCE",0.9858278097286
"2","CRT",0.541147132169576
