"","method","pval"
"1","AMCE",0.149657069001106
"2","CRT",0.346633416458853
