"","method","pval"
"1","AMCE",0.00910605566850106
"2","CRT",0.0773067331670823
