"","method","pval"
"1","AMCE",0.00727225250072071
"2","CRT",0.00748129675810474
