"","method","pval"
"1","AMCE",0.171225558559442
"2","CRT",0.0224438902743142
