"","method","pval"
"1","AMCE",0.0556041013867185
"2","CRT",0.221945137157107
