"","method","pval"
"1","AMCE",0.221879137996918
"2","CRT",0.00249376558603491
