"","method","pval"
"1","AMCE",0.00809147158900795
"2","CRT",0.0997506234413965
