"","method","pval"
"1","AMCE",0.0091731280444485
"2","CRT",0.396508728179551
