"","method","pval"
"1","AMCE",0.518284975498007
"2","CRT",0.029925187032419
