"","method","pval"
"1","AMCE",0.0153199314897131
"2","CRT",0.084788029925187
