"","method","pval"
"1","AMCE",0.470701296820403
"2","CRT",0.521197007481297
