"","method","pval"
"1","AMCE",0.235772932372447
"2","CRT",0.104738154613466
