"","method","pval"
"1","AMCE",0.446436397417551
"2","CRT",0.00249376558603491
