"","method","pval"
"1","AMCE",0.286967201756879
"2","CRT",0.15211970074813
