"","method","pval"
"1","AMCE",0.31503751026682
"2","CRT",0.00249376558603491
