"","method","pval"
"1","AMCE",0.975127297568277
"2","CRT",0.55860349127182
