"","method","pval"
"1","AMCE",0.0641258159740998
"2","CRT",0.117206982543641
