"","method","pval"
"1","AMCE",0.727515287576901
"2","CRT",0.361596009975062
