"","method","pval"
"1","AMCE",0.148247322342463
"2","CRT",0.0648379052369077
