"","method","pval"
"1","AMCE",0.0237720374473849
"2","CRT",0.261845386533666
