"","method","pval"
"1","AMCE",0.205103692092887
"2","CRT",0.0598503740648379
