"","method","pval"
"1","AMCE",0.893927096429133
"2","CRT",0.00997506234413965
