"","method","pval"
"1","AMCE",0.0010363179771105
"2","CRT",0.0798004987531172
