"","method","pval"
"1","AMCE",0.0590087064815823
"2","CRT",0.925187032418953
