"","method","pval"
"1","AMCE",0.00439758865810408
"2","CRT",0.0199501246882793
