"","method","pval"
"1","AMCE",0.921694196656702
"2","CRT",0.057356608478803
