"","method","pval"
"1","AMCE",0.26351635616164
"2","CRT",0.910224438902743
