"","method","pval"
"1","AMCE",0.0155528805820606
"2","CRT",0.00748129675810474
