"","method","pval"
"1","AMCE",0.0748411084361967
"2","CRT",0.00249376558603491
