"","method","pval"
"1","AMCE",0.0885147603063615
"2","CRT",0.256857855361596
