"","method","pval"
"1","AMCE",0.0411320587202284
"2","CRT",0.0174563591022444
