"","method","pval"
"1","AMCE",0.186359813593012
"2","CRT",0.286783042394015
