"","method","pval"
"1","AMCE",0.691395668735639
"2","CRT",0.0423940149625935
