"","method","pval"
"1","AMCE",0.647789950161024
"2","CRT",0.483790523690773
