"","method","pval"
"1","AMCE",0.00621635454313741
"2","CRT",0.0798004987531172
