"","method","pval"
"1","AMCE",0.383214433025968
"2","CRT",0.296758104738155
