"","method","pval"
"1","AMCE",0.0192309587928288
"2","CRT",0.286783042394015
