"","method","pval"
"1","AMCE",0.599169913794544
"2","CRT",0.201995012468828
