"","method","pval"
"1","AMCE",0.314020805871226
"2","CRT",0.00249376558603491
