"","method","pval"
"1","AMCE",0.597535069634588
"2","CRT",0.00249376558603491
