"","method","pval"
"1","AMCE",0.0648514935314161
"2","CRT",0.00997506234413965
