"","method","pval"
"1","AMCE",0.00440622182568421
"2","CRT",0.129675810473815
