"","method","pval"
"1","AMCE",0.099292812434734
"2","CRT",0.384039900249377
