"","method","pval"
"1","AMCE",0.0296981663140113
"2","CRT",0.0224438902743142
