"","method","pval"
"1","AMCE",0.535492055300951
"2","CRT",0.341645885286783
