"","method","pval"
"1","AMCE",0.0343144444979219
"2","CRT",0.638403990024938
