"","method","pval"
"1","AMCE",0.215277865574648
"2","CRT",0.00249376558603491
