"","method","pval"
"1","AMCE",0.603066594430665
"2","CRT",0.887780548628429
