"","method","pval"
"1","AMCE",0.00230538229641927
"2","CRT",0.0249376558603491
