"","method","pval"
"1","AMCE",0.338795514577335
"2","CRT",0.00249376558603491
