"","method","pval"
"1","AMCE",0.128260259397767
"2","CRT",0.341645885286783
