"","method","pval"
"1","AMCE",0.274886138758696
"2","CRT",0.0199501246882793
