"","method","pval"
"1","AMCE",0.0838157957291461
"2","CRT",0.0798004987531172
