"","method","pval"
"1","AMCE",0.837327397170346
"2","CRT",0.122194513715711
