"","method","pval"
"1","AMCE",0.0540874243737393
"2","CRT",0.256857855361596
