"","method","pval"
"1","AMCE",0.391128198408788
"2","CRT",0.0124688279301746
