"","method","pval"
"1","AMCE",0.00134583442526489
"2","CRT",0.169576059850374
