"","method","pval"
"1","AMCE",0.226150829963022
"2","CRT",0.0224438902743142
