"","method","pval"
"1","AMCE",0.39778405452587
"2","CRT",0.0748129675810474
