"","method","pval"
"1","AMCE",0.790965559874955
"2","CRT",0.496259351620948
