"","method","pval"
"1","AMCE",0.0191554415664418
"2","CRT",0.0423940149625935
