"","method","pval"
"1","AMCE",0.422838680579069
"2","CRT",0.0174563591022444
