"","method","pval"
"1","AMCE",0.0354998487278779
"2","CRT",0.403990024937656
