"","method","pval"
"1","AMCE",0.041364758030238
"2","CRT",0.354114713216958
