"","method","pval"
"1","AMCE",0.180722534801902
"2","CRT",0.0648379052369077
