"","method","pval"
"1","AMCE",0.607393596605703
"2","CRT",0.0124688279301746
