"","method","pval"
"1","AMCE",0.307719918086407
"2","CRT",0.00498753117206983
