"","method","pval"
"1","AMCE",0.739413783483905
"2","CRT",0.00249376558603491
