"","method","pval"
"1","AMCE",0.929723890508251
"2","CRT",0.124688279301746
