"","method","pval"
"1","AMCE",0.098333228682138
"2","CRT",0.339152119700748
