"","method","pval"
"1","AMCE",0.0175809097267442
"2","CRT",0.124688279301746
