"","method","pval"
"1","AMCE",0.0131716417017625
"2","CRT",0.179551122194514
