"","method","pval"
"1","AMCE",0.0583817673353899
"2","CRT",0.443890274314214
