"","method","pval"
"1","AMCE",0.00162875376886524
"2","CRT",0.0673316708229426
