"","method","pval"
"1","AMCE",0.622877781468975
"2","CRT",0.00249376558603491
