"","method","pval"
"1","AMCE",0.195773128546436
"2","CRT",0.194513715710723
