"","method","pval"
"1","AMCE",0.00841486550805568
"2","CRT",0.00249376558603491
