"","method","pval"
"1","AMCE",0.0257575758480968
"2","CRT",0.0349127182044888
