"","method","pval"
"1","AMCE",0.0127445273338214
"2","CRT",0.0523690773067332
