"","method","pval"
"1","AMCE",0.0303369370140098
"2","CRT",0.28927680798005
