"","method","pval"
"1","AMCE",0.00177780910470088
"2","CRT",0.057356608478803
