"","method","pval"
"1","AMCE",0.0839597356147341
"2","CRT",0.027431421446384
