"","method","pval"
"1","AMCE",0.851475092490386
"2","CRT",0.0124688279301746
