"","method","pval"
"1","AMCE",0.0168162456838379
"2","CRT",0.00997506234413965
