"","method","pval"
"1","AMCE",0.930489208412092
"2","CRT",0.0124688279301746
