"","method","pval"
"1","AMCE",0.104085276184041
"2","CRT",0.0124688279301746
