"","method","pval"
"1","AMCE",0.753408943667893
"2","CRT",0.027431421446384
