"","method","pval"
"1","AMCE",0.0336832682828627
"2","CRT",0.0374064837905237
