"","method","pval"
"1","AMCE",0.0134067744060087
"2","CRT",0.0249376558603491
