"","method","pval"
"1","AMCE",0.0197926282996344
"2","CRT",0.0673316708229426
