"","method","pval"
"1","AMCE",0.468982819979732
"2","CRT",0.00748129675810474
