"","method","pval"
"1","AMCE",0.02010631122336
"2","CRT",0.0698254364089776
