"","method","pval"
"1","AMCE",0.0230973300672466
"2","CRT",0.0199501246882793
