"","method","pval"
"1","AMCE",0.0804720322608506
"2","CRT",0.00249376558603491
