"","method","pval"
"1","AMCE",0.0139742806459883
"2","CRT",0.219451371571072
