"","method","pval"
"1","AMCE",0.0130102588121722
"2","CRT",0.0224438902743142
