"","method","pval"
"1","AMCE",0.298811344051255
"2","CRT",0.0399002493765586
