"","method","pval"
"1","AMCE",0.0011117878285805
"2","CRT",0.00997506234413965
