"","method","pval"
"1","AMCE",0.339770226544606
"2","CRT",0.478802992518703
