"","method","pval"
"1","AMCE",0.0950985849021608
"2","CRT",0.00997506234413965
