"","method","pval"
"1","AMCE",0.00350995789125163
"2","CRT",0.0523690773067332
