"","method","pval"
"1","AMCE",0.301774961614996
"2","CRT",0.0623441396508728
