"","method","pval"
"1","AMCE",0.17392004916788
"2","CRT",0.0872817955112219
