"","method","pval"
"1","AMCE",0.0884860349105892
"2","CRT",0.0124688279301746
