"","method","pval"
"1","AMCE",0.133648806438901
"2","CRT",0.0374064837905237
