"","method","pval"
"1","AMCE",0.9114398171536
"2","CRT",0.0997506234413965
