"","method","pval"
"1","AMCE",0.948938727407556
"2","CRT",0.0149625935162095
