"","method","pval"
"1","AMCE",0.00815963061107292
"2","CRT",0.406483790523691
