"","method","pval"
"1","AMCE",0.256864931376151
"2","CRT",0.0548628428927681
