"","method","pval"
"1","AMCE",0.605189319433419
"2","CRT",0.0773067331670823
