"","method","pval"
"1","AMCE",0.0113894413578112
"2","CRT",0.0798004987531172
