"","method","pval"
"1","AMCE",4.00145092589421e-05
"2","CRT",0.0673316708229426
