"","method","pval"
"1","AMCE",0.0160028193975981
"2","CRT",0.1571072319202
