"","method","pval"
"1","AMCE",0.00906624466605368
"2","CRT",0.0324189526184539
