"","method","pval"
"1","AMCE",0.04402094048006
"2","CRT",0.00997506234413965
