"","method","pval"
"1","AMCE",0.101260603552329
"2","CRT",0.643391521197007
