"","method","pval"
"1","AMCE",0.0598336551365459
"2","CRT",0.084788029925187
