"","method","pval"
"1","AMCE",0.0243287477839309
"2","CRT",0.00997506234413965
