"","method","pval"
"1","AMCE",0.0221106199869383
"2","CRT",0.124688279301746
