"","method","pval"
"1","AMCE",0.108244845301453
"2","CRT",0.314214463840399
