"","method","pval"
"1","AMCE",0.574303954328139
"2","CRT",0.14713216957606
