"","method","pval"
"1","AMCE",0.00720967849172515
"2","CRT",0.00748129675810474
