"","method","pval"
"1","AMCE",0.923017806704926
"2","CRT",0.00748129675810474
