"","method","pval"
"1","AMCE",0.00406075470117686
"2","CRT",0.00498753117206983
