"","method","pval"
"1","AMCE",0.124738322320681
"2","CRT",0.194513715710723
