"","method","pval"
"1","AMCE",0.0112259223309419
"2","CRT",0.00748129675810474
