"","method","pval"
"1","AMCE",0.435391866793158
"2","CRT",0.00249376558603491
