"","method","pval"
"1","AMCE",0.172180560057301
"2","CRT",0.167082294264339
