"","method","pval"
"1","AMCE",0.113594453065641
"2","CRT",0.029925187032419
