"","method","pval"
"1","AMCE",0.0310779986324204
"2","CRT",0.027431421446384
