"","method","pval"
"1","AMCE",0.420627527156699
"2","CRT",0.0174563591022444
