"","method","pval"
"1","AMCE",0.513387239610959
"2","CRT",0.00249376558603491
