"","method","pval"
"1","AMCE",0.0225084662512718
"2","CRT",0.0598503740648379
