"","method","pval"
"1","AMCE",0.00120666474057906
"2","CRT",0.00498753117206983
