"","method","pval"
"1","AMCE",0.25087991500654
"2","CRT",0.0349127182044888
