"","method","pval"
"1","AMCE",0.308249129033486
"2","CRT",0.00249376558603491
