"","method","pval"
"1","AMCE",0.0596690551956473
"2","CRT",0.301745635910224
