"","method","pval"
"1","AMCE",0.179436706620364
"2","CRT",0.057356608478803
