"","method","pval"
"1","AMCE",0.0144003045415137
"2","CRT",0.276807980049875
