"","method","pval"
"1","AMCE",0.0205580827275355
"2","CRT",0.566084788029925
