"","method","pval"
"1","AMCE",0.0320988459084857
"2","CRT",0.14214463840399
