"","method","pval"
"1","AMCE",0.040619696056441
"2","CRT",0.14214463840399
