"","method","pval"
"1","AMCE",0.182838506049302
"2","CRT",0.0897755610972569
