"","method","pval"
"1","AMCE",0.00652111402088313
"2","CRT",0.0199501246882793
