"","method","pval"
"1","AMCE",0.000299180514832885
"2","CRT",0.653366583541147
