"","method","pval"
"1","AMCE",0.000276832079106422
"2","CRT",0.029925187032419
