"","method","pval"
"1","AMCE",0.121373525581796
"2","CRT",0.43640897755611
