"","method","pval"
"1","AMCE",0.390885502872649
"2","CRT",0.00249376558603491
