"","method","pval"
"1","AMCE",0.0835766320271443
"2","CRT",0.773067331670823
