"","method","pval"
"1","AMCE",0.179381081174735
"2","CRT",0.0773067331670823
