"","method","pval"
"1","AMCE",0.00145182665052526
"2","CRT",0.4214463840399
