"","method","pval"
"1","AMCE",0.388681093492051
"2","CRT",0.00997506234413965
