"","method","pval"
"1","AMCE",0.134291860813152
"2","CRT",0.339152119700748
