"","method","pval"
"1","AMCE",0.438639087854873
"2","CRT",0.00249376558603491
