"","method","pval"
"1","AMCE",0.00875168351239139
"2","CRT",0.0723192019950125
