"","method","pval"
"1","AMCE",0.458241110643425
"2","CRT",0.00997506234413965
