"","method","pval"
"1","AMCE",0.187469017657495
"2","CRT",0.5785536159601
