"","method","pval"
"1","AMCE",0.00670053297419756
"2","CRT",0.29925187032419
