"","method","pval"
"1","AMCE",0.0168490889690738
"2","CRT",0.00249376558603491
