"","method","pval"
"1","AMCE",0.0461322579665751
"2","CRT",0.364089775561097
