"","method","pval"
"1","AMCE",0.0183187347493042
"2","CRT",0.224438902743142
