"","method","pval"
"1","AMCE",0.0015967768636926
"2","CRT",0.00997506234413965
