"","method","pval"
"1","AMCE",0.0845082380429537
"2","CRT",0.149625935162095
