"","method","pval"
"1","AMCE",0.137259992912126
"2","CRT",0.498753117206983
