"","method","pval"
"1","AMCE",0.0159399850061279
"2","CRT",0.43640897755611
