"","method","pval"
"1","AMCE",0.0123794358649437
"2","CRT",0.538653366583541
