"","method","pval"
"1","AMCE",0.0109007467113403
"2","CRT",0.620947630922693
