"","method","pval"
"1","AMCE",0.0157577799267558
"2","CRT",0.468827930174564
