"","method","pval"
"1","AMCE",0.00202092567245958
"2","CRT",0.239401496259352
