"","method","pval"
"1","AMCE",0.110980614709846
"2","CRT",0.00498753117206983
