"","method","pval"
"1","AMCE",0.365250449599498
"2","CRT",0.0124688279301746
