"","method","pval"
"1","AMCE",0.017744704857733
"2","CRT",0.14214463840399
