"","method","pval"
"1","AMCE",0.338102849834426
"2","CRT",0.139650872817955
