"","method","pval"
"1","AMCE",0.159547941326716
"2","CRT",0.00997506234413965
