"","method","pval"
"1","AMCE",0.0300951795546923
"2","CRT",0.586034912718205
