"","method","pval"
"1","AMCE",0.00872119554884192
"2","CRT",0.43640897755611
