"","method","pval"
"1","AMCE",0.0419279966637332
"2","CRT",0.112219451371571
