"","method","pval"
"1","AMCE",0.00604867883832942
"2","CRT",0.783042394014963
