"","method","pval"
"1","AMCE",0.002308117995197
"2","CRT",0.084788029925187
