"","method","pval"
"1","AMCE",0.0109507859968395
"2","CRT",0.00249376558603491
