"","method","pval"
"1","AMCE",0.0278217856216146
"2","CRT",0.00498753117206983
