"","method","pval"
"1","AMCE",0.0754038726504448
"2","CRT",0.00498753117206983
