"","method","pval"
"1","AMCE",0.260079436246682
"2","CRT",0.0124688279301746
