"","method","pval"
"1","AMCE",0.150085727673125
"2","CRT",0.00498753117206983
