"","method","pval"
"1","AMCE",0.0187178948665045
"2","CRT",0.139650872817955
