"","method","pval"
"1","AMCE",0.00824300868703515
"2","CRT",0.369077306733167
