"","method","pval"
"1","AMCE",0.318282974442621
"2","CRT",0.29925187032419
