"","method","pval"
"1","AMCE",0.0255309413672267
"2","CRT",0.162094763092269
