"","method","pval"
"1","AMCE",0.671182593430951
"2","CRT",0.14713216957606
