"","method","pval"
"1","AMCE",0.00572669870378094
"2","CRT",0.41645885286783
