"","method","pval"
"1","AMCE",0.423553069133682
"2","CRT",0.14214463840399
