"","method","pval"
"1","AMCE",0.438224936883374
"2","CRT",0.00748129675810474
