"","method","pval"
"1","AMCE",0.0378933752640607
"2","CRT",0.0748129675810474
