"","method","pval"
"1","AMCE",0.657610563908116
"2","CRT",0.850374064837905
