"","method","pval"
"1","AMCE",0.0388687262641994
"2","CRT",0.356608478802993
