"","method","pval"
"1","AMCE",0.747201536561554
"2","CRT",0.0174563591022444
