"","method","pval"
"1","AMCE",0.175673904206428
"2","CRT",0.244389027431421
