"","method","pval"
"1","AMCE",0.00251417677151944
"2","CRT",0.423940149625935
