"","method","pval"
"1","AMCE",0.13425940361465
"2","CRT",0.00498753117206983
