"","method","pval"
"1","AMCE",0.00072621460112015
"2","CRT",0.00249376558603491
