"","method","pval"
"1","AMCE",0.190119768033575
"2","CRT",0.0124688279301746
