"","method","pval"
"1","AMCE",0.171225748869042
"2","CRT",0.00748129675810474
