"","method","pval"
"1","AMCE",0.165534308141134
"2","CRT",0.0349127182044888
