"","method","pval"
"1","AMCE",0.138500519827686
"2","CRT",0.0598503740648379
