"","method","pval"
"1","AMCE",0.642168463289399
"2","CRT",0.124688279301746
