"","method","pval"
"1","AMCE",0.0498494065878587
"2","CRT",0.880299251870324
