"","method","pval"
"1","AMCE",0.286352496306517
"2","CRT",0.0473815461346633
