"","method","pval"
"1","AMCE",0.16910878532099
"2","CRT",0.00498753117206983
