"","method","pval"
"1","AMCE",0.373084982605101
"2","CRT",0.0648379052369077
