"","method","pval"
"1","AMCE",0.671535382417002
"2","CRT",0.0174563591022444
