"","method","pval"
"1","AMCE",0.00300688778511093
"2","CRT",0.00748129675810474
