"","method","pval"
"1","AMCE",0.642154483925103
"2","CRT",0.0124688279301746
