"","method","pval"
"1","AMCE",0.00268247754887334
"2","CRT",0.0423940149625935
