"","method","pval"
"1","AMCE",0.0035077103568569
"2","CRT",0.00997506234413965
