"","method","pval"
"1","AMCE",0.00957636310061947
"2","CRT",0.0249376558603491
