"","method","pval"
"1","AMCE",0.380056645479466
"2","CRT",0.695760598503741
