"","method","pval"
"1","AMCE",0.70571593386909
"2","CRT",0.239401496259352
