"","method","pval"
"1","AMCE",0.183426189516636
"2","CRT",0.00997506234413965
