"","method","pval"
"1","AMCE",0.0141755533307857
"2","CRT",0.14713216957606
