"","method","pval"
"1","AMCE",0.0274105002436677
"2","CRT",0.00997506234413965
