"","method","pval"
"1","AMCE",0.281959310852805
"2","CRT",0.159600997506234
