"","method","pval"
"1","AMCE",0.0413309195175855
"2","CRT",0.0423940149625935
