"","method","pval"
"1","AMCE",0.0388437314539006
"2","CRT",0.0872817955112219
