"","method","pval"
"1","AMCE",0.998925950386352
"2","CRT",0.0149625935162095
