"","method","pval"
"1","AMCE",0.00724146481209851
"2","CRT",0.00748129675810474
