"","method","pval"
"1","AMCE",0.130731726927767
"2","CRT",0.783042394014963
