"","method","pval"
"1","AMCE",0.0125495571528578
"2","CRT",0.112219451371571
