"","method","pval"
"1","AMCE",0.665610775093968
"2","CRT",0.411471321695761
