"","method","pval"
"1","AMCE",0.185276567222301
"2","CRT",0.00498753117206983
