"","method","pval"
"1","AMCE",0.625073776403966
"2","CRT",0.00249376558603491
