"","method","pval"
"1","AMCE",0.597747433549
"2","CRT",0.0947630922693267
