"","method","pval"
"1","AMCE",0.00381896135273613
"2","CRT",0.0997506234413965
