"","method","pval"
"1","AMCE",0.537601621400936
"2","CRT",0.0897755610972569
