"","method","pval"
"1","AMCE",0.0391614414791296
"2","CRT",0.00249376558603491
