"","method","pval"
"1","AMCE",0.237215804782483
"2","CRT",0.0374064837905237
