"","method","pval"
"1","AMCE",0.358951483160917
"2","CRT",0.57356608478803
