"","method","pval"
"1","AMCE",0.400769865529208
"2","CRT",0.610972568578554
