"","method","pval"
"1","AMCE",0.57003107177874
"2","CRT",0.0648379052369077
