"","method","pval"
"1","AMCE",0.124078834267944
"2","CRT",0.00748129675810474
