"","method","pval"
"1","AMCE",0.303640737745676
"2","CRT",0.0523690773067332
