"","method","pval"
"1","AMCE",0.0617703730042457
"2","CRT",0.0648379052369077
