"","method","pval"
"1","AMCE",0.0497366990722202
"2","CRT",0.00498753117206983
