"","method","pval"
"1","AMCE",0.132323748944739
"2","CRT",0.0124688279301746
