"","method","pval"
"1","AMCE",0.000871237286286758
"2","CRT",0.179551122194514
