"","method","pval"
"1","AMCE",0.894393270463675
"2","CRT",0.201995012468828
