"","method","pval"
"1","AMCE",0.0715359202566681
"2","CRT",0.117206982543641
