"","method","pval"
"1","AMCE",0.024105217140121
"2","CRT",0.00498753117206983
