"","method","pval"
"1","AMCE",0.0246716372570328
"2","CRT",0.930174563591022
