"","method","pval"
"1","AMCE",0.326592057110005
"2","CRT",0.13216957605985
