"","method","pval"
"1","AMCE",0.0772788931970145
"2","CRT",0.291770573566085
