"","method","pval"
"1","AMCE",0.803810017550436
"2","CRT",0.0623441396508728
