"","method","pval"
"1","AMCE",0.831474950444015
"2","CRT",0.00249376558603491
