"","method","pval"
"1","AMCE",0.248451705812268
"2","CRT",0.269326683291771
