"","method","pval"
"1","AMCE",0.000715949471390046
"2","CRT",0.0673316708229426
