"","method","pval"
"1","AMCE",0.00776282544639204
"2","CRT",0.915211970074813
