"","method","pval"
"1","AMCE",0.0159753282088071
"2","CRT",0.119700748129676
