"","method","pval"
"1","AMCE",0.0137892548954253
"2","CRT",0.830423940149626
