"","method","pval"
"1","AMCE",0.815733513518547
"2","CRT",0.408977556109726
