"","method","pval"
"1","AMCE",0.0786060046031487
"2","CRT",0.0349127182044888
