"","method","pval"
"1","AMCE",0.123100777143758
"2","CRT",0.0897755610972569
