"","method","pval"
"1","AMCE",0.205807459525869
"2","CRT",0.224438902743142
