"","method","pval"
"1","AMCE",0.221882075791287
"2","CRT",0.0423940149625935
