"","method","pval"
"1","AMCE",0.277592403449435
"2","CRT",0.027431421446384
