"","method","pval"
"1","AMCE",0.00653813674811815
"2","CRT",0.00498753117206983
