"","method","pval"
"1","AMCE",0.117447056397094
"2","CRT",0.00249376558603491
