"","method","pval"
"1","AMCE",0.0941690223329193
"2","CRT",0.0947630922693267
