"","method","pval"
"1","AMCE",0.138822431746663
"2","CRT",0.00498753117206983
