"","method","pval"
"1","AMCE",0.534245347914365
"2","CRT",0.0149625935162095
