"","method","pval"
"1","AMCE",0.0370624026159898
"2","CRT",0.4214463840399
