"","method","pval"
"1","AMCE",0.0403359229196852
"2","CRT",0.326683291770574
