"","method","pval"
"1","AMCE",0.00491548868279669
"2","CRT",0.0149625935162095
