"","method","pval"
"1","AMCE",0.0667589793722516
"2","CRT",0.00997506234413965
