"","method","pval"
"1","AMCE",0.159986628611176
"2","CRT",0.14214463840399
