"","method","pval"
"1","AMCE",0.142852778065809
"2","CRT",0.00249376558603491
