"","method","pval"
"1","AMCE",0.405461110833817
"2","CRT",0.167082294264339
