"","method","pval"
"1","AMCE",0.00771694543739488
"2","CRT",0.0174563591022444
