"","method","pval"
"1","AMCE",0.108212119713597
"2","CRT",0.0374064837905237
