"","method","pval"
"1","AMCE",0.847159960815127
"2","CRT",0.403990024937656
