"","method","pval"
"1","AMCE",0.459182655875051
"2","CRT",0.0773067331670823
