"","method","pval"
"1","AMCE",0.390401792263479
"2","CRT",0.0249376558603491
