"","method","pval"
"1","AMCE",0.0140650264335667
"2","CRT",0.0523690773067332
