"","method","pval"
"1","AMCE",0.00522718092620005
"2","CRT",0.029925187032419
