"","method","pval"
"1","AMCE",0.0170574128900982
"2","CRT",0.00498753117206983
