"","method","pval"
"1","AMCE",0.0219461331626815
"2","CRT",0.0249376558603491
