"","method","pval"
"1","AMCE",0.0236488360540736
"2","CRT",0.00498753117206983
