"","method","pval"
"1","AMCE",0.000925247234619964
"2","CRT",0.0897755610972569
