"","method","pval"
"1","AMCE",0.285896663989365
"2","CRT",0.0473815461346633
