"","method","pval"
"1","AMCE",0.0275152261673963
"2","CRT",0.084788029925187
