"","method","pval"
"1","AMCE",0.5623653299819
"2","CRT",0.448877805486284
