"","method","pval"
"1","AMCE",0.873822884738448
"2","CRT",0.00249376558603491
