"","method","pval"
"1","AMCE",0.159460697566765
"2","CRT",0.0124688279301746
