"","method","pval"
"1","AMCE",0.065799593555863
"2","CRT",0.00249376558603491
