"","method","pval"
"1","AMCE",0.0148110773203381
"2","CRT",0.00249376558603491
