"","method","pval"
"1","AMCE",0.528851686268496
"2","CRT",0.28428927680798
