"","method","pval"
"1","AMCE",0.504170765312909
"2","CRT",0.0748129675810474
