"","method","pval"
"1","AMCE",0.0207515405655468
"2","CRT",0.0324189526184539
