"","method","pval"
"1","AMCE",0.192650918070387
"2","CRT",0.406483790523691
