"","method","pval"
"1","AMCE",0.0114063223759131
"2","CRT",0.0498753117206983
