"","method","pval"
"1","AMCE",0.0346258170055824
"2","CRT",0.00997506234413965
