"","method","pval"
"1","AMCE",0.118429201396603
"2","CRT",0.718204488778055
