"","method","pval"
"1","AMCE",0.438608151751807
"2","CRT",0.13715710723192
