"","method","pval"
"1","AMCE",0.0162402815475331
"2","CRT",0.00498753117206983
