"","method","pval"
"1","AMCE",0.0974240218355403
"2","CRT",0.0773067331670823
