"","method","pval"
"1","AMCE",0.808586237241278
"2","CRT",0.0224438902743142
