"","method","pval"
"1","AMCE",0.000637513614607646
"2","CRT",0.00249376558603491
