"","method","pval"
"1","AMCE",0.791262477588578
"2","CRT",0.0224438902743142
