"","method","pval"
"1","AMCE",0.000244676801128204
"2","CRT",0.00997506234413965
