"","method","pval"
"1","AMCE",0.0239189611815382
"2","CRT",0.42643391521197
