"","method","pval"
"1","AMCE",0.102002617279749
"2","CRT",0.296758104738155
