"","method","pval"
"1","AMCE",0.00308610763756241
"2","CRT",0.0972568578553616
