"","method","pval"
"1","AMCE",0.00211103553477794
"2","CRT",0.00249376558603491
