"","method","pval"
"1","AMCE",0.105291702238192
"2","CRT",0.0349127182044888
