"","method","pval"
"1","AMCE",0.267723327107981
"2","CRT",0.00748129675810474
