"","method","pval"
"1","AMCE",0.0264366696869062
"2","CRT",0.107231920199501
