"","method","pval"
"1","AMCE",0.0217198984434413
"2","CRT",0.00997506234413965
