"","method","pval"
"1","AMCE",0.00941402578584894
"2","CRT",0.443890274314214
