"","method","pval"
"1","AMCE",0.00322820535884263
"2","CRT",0.286783042394015
