"","method","pval"
"1","AMCE",0.567169488846471
"2","CRT",0.00249376558603491
