"","method","pval"
"1","AMCE",0.574713762191631
"2","CRT",0.029925187032419
