"","method","pval"
"1","AMCE",0.0442851905211988
"2","CRT",0.0399002493765586
