"","method","pval"
"1","AMCE",0.018601010981279
"2","CRT",0.0947630922693267
