"","method","pval"
"1","AMCE",0.0215613659796064
"2","CRT",0.496259351620948
