"","method","pval"
"1","AMCE",0.13209265092948
"2","CRT",0.0199501246882793
