"","method","pval"
"1","AMCE",0.639722452553164
"2","CRT",0.027431421446384
