"","method","pval"
"1","AMCE",0.034233437455524
"2","CRT",0.00498753117206983
