"","method","pval"
"1","AMCE",0.00648680289051006
"2","CRT",0.00498753117206983
