"","method","pval"
"1","AMCE",0.413067258481914
"2","CRT",0.187032418952618
