"","method","pval"
"1","AMCE",0.312967342081158
"2","CRT",0.00249376558603491
