"","method","pval"
"1","AMCE",0.0379814014513519
"2","CRT",0.027431421446384
