"","method","pval"
"1","AMCE",0.00495716444363325
"2","CRT",0.0174563591022444
