"","method","pval"
"1","AMCE",0.0439935774128758
"2","CRT",0.162094763092269
