"","method","pval"
"1","AMCE",0.0589779129304186
"2","CRT",0.461346633416459
