"","method","pval"
"1","AMCE",0.0495529269026735
"2","CRT",0.00249376558603491
