"","method","pval"
"1","AMCE",0.212551423461588
"2","CRT",0.0224438902743142
