"","method","pval"
"1","AMCE",0.487612002203193
"2","CRT",0.00748129675810474
