"","method","pval"
"1","AMCE",0.41868332006421
"2","CRT",0.508728179551122
