"","method","pval"
"1","AMCE",0.857716169697098
"2","CRT",0.00498753117206983
