"","method","pval"
"1","AMCE",0.0166155156135563
"2","CRT",0.0124688279301746
