"","method","pval"
"1","AMCE",0.0422692521553807
"2","CRT",0.543640897755611
