"","method","pval"
"1","AMCE",0.0286458543873987
"2","CRT",0.179551122194514
