"","method","pval"
"1","AMCE",0.125161635054253
"2","CRT",0.00249376558603491
