"","method","pval"
"1","AMCE",0.0534251091531196
"2","CRT",0.00249376558603491
