"","method","pval"
"1","AMCE",0.0155395125985698
"2","CRT",0.0324189526184539
