"","method","pval"
"1","AMCE",0.243388852115385
"2","CRT",0.0174563591022444
