"","method","pval"
"1","AMCE",0.453918699958073
"2","CRT",0.209476309226933
