"","method","pval"
"1","AMCE",0.255932578074264
"2","CRT",0.00249376558603491
