"","method","pval"
"1","AMCE",0.102616876889676
"2","CRT",0.942643391521197
