"","method","pval"
"1","AMCE",0.014031311485072
"2","CRT",0.00249376558603491
