"","method","pval"
"1","AMCE",0.649187246664922
"2","CRT",0.0249376558603491
