"","method","pval"
"1","AMCE",0.570096750717071
"2","CRT",0.0448877805486284
