"","method","pval"
"1","AMCE",0.23297706853308
"2","CRT",0.00249376558603491
