"","method","pval"
"1","AMCE",0.0594640428042077
"2","CRT",0.987531172069825
