"","method","pval"
"1","AMCE",0.0266086196212928
"2","CRT",0.00748129675810474
