"","method","pval"
"1","AMCE",0.00137719540930384
"2","CRT",0.00997506234413965
