"","method","pval"
"1","AMCE",0.0982888026174291
"2","CRT",0.00498753117206983
