"","method","pval"
"1","AMCE",0.0121209430770924
"2","CRT",0.0698254364089776
