"","method","pval"
"1","AMCE",0.0014886966069561
"2","CRT",0.361596009975062
