"","method","pval"
"1","AMCE",0.366234134026017
"2","CRT",0.361596009975062
