"","method","pval"
"1","AMCE",0.161816641656596
"2","CRT",0.00748129675810474
