"","method","pval"
"1","AMCE",0.0768135977707834
"2","CRT",0.109725685785536
