"","method","pval"
"1","AMCE",0.0255166937732062
"2","CRT",0.795511221945137
