"","method","pval"
"1","AMCE",0.35246971694512
"2","CRT",0.00997506234413965
