"","method","pval"
"1","AMCE",0.31933227880682
"2","CRT",0.0174563591022444
