"","method","pval"
"1","AMCE",0.0170236625398887
"2","CRT",0.216957605985037
