"","method","pval"
"1","AMCE",0.220417415106506
"2","CRT",0.0773067331670823
