"","method","pval"
"1","AMCE",0.0911274891186777
"2","CRT",0.204488778054863
