"","method","pval"
"1","AMCE",0.113918240994588
"2","CRT",0.00249376558603491
