"","method","pval"
"1","AMCE",0.255010152099751
"2","CRT",0.0523690773067332
