"","method","pval"
"1","AMCE",0.0196402429279917
"2","CRT",0.0249376558603491
