"","method","pval"
"1","AMCE",0.663644925107203
"2","CRT",0.0149625935162095
