"","method","pval"
"1","AMCE",0.319160390639525
"2","CRT",0.00249376558603491
