"","method","pval"
"1","AMCE",0.000935327205136388
"2","CRT",0.0897755610972569
