"","method","pval"
"1","AMCE",0.329241856875603
"2","CRT",0.00748129675810474
