"","method","pval"
"1","AMCE",0.010491849213936
"2","CRT",0.0698254364089776
