"","method","pval"
"1","AMCE",0.255995985627284
"2","CRT",0.533665835411471
