"","method","pval"
"1","AMCE",0.00553956766023753
"2","CRT",0.0623441396508728
