"","method","pval"
"1","AMCE",0.27779666508053
"2","CRT",0.117206982543641
