"","method","pval"
"1","AMCE",0.0813552238317785
"2","CRT",0.00498753117206983
