"","method","pval"
"1","AMCE",0.547669234043341
"2","CRT",0.0349127182044888
