"","method","pval"
"1","AMCE",0.0880544766848045
"2","CRT",0.0498753117206983
