"","method","pval"
"1","AMCE",0.113453814225419
"2","CRT",0.00249376558603491
