"","method","pval"
"1","AMCE",0.00250980328497867
"2","CRT",0.428927680798005
