"","method","pval"
"1","AMCE",0.0263770363354734
"2","CRT",0.643391521197007
