"","method","pval"
"1","AMCE",0.366105843686543
"2","CRT",0.0224438902743142
