"","method","pval"
"1","AMCE",0.034275477441844
"2","CRT",0.0523690773067332
