"","method","pval"
"1","AMCE",0.0560579111884051
"2","CRT",0.184538653366584
