"","method","pval"
"1","AMCE",0.0127600538668534
"2","CRT",0.259351620947631
