"","method","pval"
"1","AMCE",0.0338545924533628
"2","CRT",0.00997506234413965
