"","method","pval"
"1","AMCE",0.587659440953476
"2","CRT",0.00249376558603491
