"","method","pval"
"1","AMCE",0.063969089774536
"2","CRT",0.00249376558603491
