"","method","pval"
"1","AMCE",0.784341502246942
"2","CRT",0.00498753117206983
