"","method","pval"
"1","AMCE",0.00487686531245564
"2","CRT",0.00249376558603491
