"","method","pval"
"1","AMCE",0.549213448629291
"2","CRT",0.0723192019950125
