"","method","pval"
"1","AMCE",0.29915174709172
"2","CRT",0.0623441396508728
