"","method","pval"
"1","AMCE",0.124462766516507
"2","CRT",0.00997506234413965
