"","method","pval"
"1","AMCE",0.00745112337109204
"2","CRT",0.172069825436409
