"","method","pval"
"1","AMCE",0.115216380861467
"2","CRT",0.271820448877805
