"","method","pval"
"1","AMCE",0.0440172703475222
"2","CRT",0.0798004987531172
