"","method","pval"
"1","AMCE",0.113336804782408
"2","CRT",0.406483790523691
