"","method","pval"
"1","AMCE",0.00356708433911663
"2","CRT",0.0448877805486284
