"","method","pval"
"1","AMCE",0.108207620728703
"2","CRT",0.0374064837905237
