"","method","pval"
"1","AMCE",0.0508626980669776
"2","CRT",0.533665835411471
