"","method","pval"
"1","AMCE",0.94719286062418
"2","CRT",0.00498753117206983
