"","method","pval"
"1","AMCE",0.0712803848244684
"2","CRT",0.0698254364089776
