"","method","pval"
"1","AMCE",0.927670212761718
"2","CRT",0.0798004987531172
