"","method","pval"
"1","AMCE",0.141134801629085
"2","CRT",0.391521197007481
