"","method","pval"
"1","AMCE",0.0585817560296533
"2","CRT",0.0324189526184539
