"","method","pval"
"1","AMCE",0.225641140727337
"2","CRT",0.57356608478803
