"","method","pval"
"1","AMCE",0.0167135522931572
"2","CRT",0.241895261845387
