"","method","pval"
"1","AMCE",0.169296222907255
"2","CRT",0.0623441396508728
