"","method","pval"
"1","AMCE",0.15742011367798
"2","CRT",0.0798004987531172
