"","method","pval"
"1","AMCE",0.364884971642245
"2","CRT",0.740648379052369
