"","method","pval"
"1","AMCE",0.011750795671971
"2","CRT",0.127182044887781
