"","method","pval"
"1","AMCE",0.408749186954727
"2","CRT",0.00249376558603491
