"","method","pval"
"1","AMCE",0.0342786275352379
"2","CRT",0.339152119700748
