"","method","pval"
"1","AMCE",0.0942384490087641
"2","CRT",0.00748129675810474
