"","method","pval"
"1","AMCE",0.688600923068717
"2","CRT",0.0473815461346633
