"","method","pval"
"1","AMCE",0.0378087485588762
"2","CRT",0.276807980049875
