"","method","pval"
"1","AMCE",0.0138669136648329
"2","CRT",0.00997506234413965
