"","method","pval"
"1","AMCE",0.311317073774731
"2","CRT",0.00748129675810474
