"","method","pval"
"1","AMCE",0.132518879960721
"2","CRT",0.00249376558603491
