"","method","pval"
"1","AMCE",0.0961326163427664
"2","CRT",0.0399002493765586
