"","method","pval"
"1","AMCE",0.408754185451826
"2","CRT",0.29426433915212
