"","method","pval"
"1","AMCE",0.149325433472781
"2","CRT",0.00498753117206983
