"","method","pval"
"1","AMCE",0.394606940386099
"2","CRT",0.281795511221945
