"","method","pval"
"1","AMCE",0.438917306240449
"2","CRT",0.122194513715711
