"","method","pval"
"1","AMCE",0.00592488805397422
"2","CRT",0.027431421446384
