"","method","pval"
"1","AMCE",0.0674811189662273
"2","CRT",0.29426433915212
