"","method","pval"
"1","AMCE",0.0373026667671801
"2","CRT",0.463840399002494
