"","method","pval"
"1","AMCE",0.102239804200817
"2","CRT",0.389027431421446
