"","method","pval"
"1","AMCE",0.251929379790362
"2","CRT",0.0199501246882793
