"","method","pval"
"1","AMCE",0.0111220568950801
"2","CRT",0.00498753117206983
