"","method","pval"
"1","AMCE",0.024668271889295
"2","CRT",0.00498753117206983
