"","method","pval"
"1","AMCE",0.0153066108026642
"2","CRT",0.548628428927681
