"","method","pval"
"1","AMCE",0.0829477562694362
"2","CRT",0.0124688279301746
