"","method","pval"
"1","AMCE",0.083756363793886
"2","CRT",0.0423940149625935
