"","method","pval"
"1","AMCE",0.225062582317515
"2","CRT",0.359102244389027
