"","method","pval"
"1","AMCE",0.0252705495587092
"2","CRT",0.194513715710723
