"","method","pval"
"1","AMCE",0.012898358157467
"2","CRT",0.0149625935162095
