"","method","pval"
"1","AMCE",0.222010699456905
"2","CRT",0.124688279301746
