"","method","pval"
"1","AMCE",0.0358176101104443
"2","CRT",0.665835411471322
