"","method","pval"
"1","AMCE",0.00211801407854544
"2","CRT",0.00498753117206983
