"","method","pval"
"1","AMCE",0.13786586991167
"2","CRT",0.0224438902743142
