"","method","pval"
"1","AMCE",0.00352199419615832
"2","CRT",0.870324189526185
