"","method","pval"
"1","AMCE",0.324148339882212
"2","CRT",0.740648379052369
