"","method","pval"
"1","AMCE",0.643003735592814
"2","CRT",0.0174563591022444
