"","method","pval"
"1","AMCE",0.0489797421384997
"2","CRT",0.0324189526184539
