"","method","pval"
"1","AMCE",0.433432322019077
"2","CRT",0.211970074812968
