"","method","pval"
"1","AMCE",0.136836850346321
"2","CRT",0.169576059850374
