"","method","pval"
"1","AMCE",0.495443666578089
"2","CRT",0.1571072319202
