"","method","pval"
"1","AMCE",0.0737382435178643
"2","CRT",0.00748129675810474
