"","method","pval"
"1","AMCE",0.0669549718101627
"2","CRT",0.154613466334165
