"","method","pval"
"1","AMCE",0.118003742802682
"2","CRT",0.344139650872818
