"","method","pval"
"1","AMCE",0.958823377839555
"2","CRT",0.14713216957606
