"","method","pval"
"1","AMCE",0.0255257815978505
"2","CRT",0.00498753117206983
