"","method","pval"
"1","AMCE",0.165402052089331
"2","CRT",0.0349127182044888
