"","method","pval"
"1","AMCE",0.0151121686511423
"2","CRT",0.0249376558603491
