"","method","pval"
"1","AMCE",0.328976021520302
"2","CRT",0.0324189526184539
