"","method","pval"
"1","AMCE",0.658955794945683
"2","CRT",0.413965087281795
