"","method","pval"
"1","AMCE",0.558060472794686
"2","CRT",0.189526184538653
