"","method","pval"
"1","AMCE",0.0265624327212478
"2","CRT",0.0648379052369077
