"","method","pval"
"1","AMCE",0.0201512773315217
"2","CRT",0.14214463840399
