"","method","pval"
"1","AMCE",0.0707204856758804
"2","CRT",0.0673316708229426
