"","method","pval"
"1","AMCE",0.146636090570086
"2","CRT",0.0648379052369077
