"","method","pval"
"1","AMCE",0.0507893763183437
"2","CRT",0.0324189526184539
