"","method","pval"
"1","AMCE",0.0105798827920224
"2","CRT",0.00748129675810474
