"","method","pval"
"1","AMCE",0.0479186625448016
"2","CRT",0.453865336658354
