"","method","pval"
"1","AMCE",0.0527607393960905
"2","CRT",0.371571072319202
