"","method","pval"
"1","AMCE",0.58769979084873
"2","CRT",0.00249376558603491
