"","method","pval"
"1","AMCE",0.0406201178666724
"2","CRT",0.0922693266832918
