"","method","pval"
"1","AMCE",0.0795109103628729
"2","CRT",0.112219451371571
