"","method","pval"
"1","AMCE",0.00103636193811501
"2","CRT",0.0798004987531172
