"","method","pval"
"1","AMCE",0.153757538180317
"2","CRT",0.057356608478803
