"","method","pval"
"1","AMCE",0.0596094518211777
"2","CRT",0.00748129675810474
