"","method","pval"
"1","AMCE",0.0111397876598471
"2","CRT",0.0124688279301746
