"","method","pval"
"1","AMCE",0.0104076854836657
"2","CRT",0.658354114713217
