"","method","pval"
"1","AMCE",0.494423040725124
"2","CRT",0.0124688279301746
