"","method","pval"
"1","AMCE",0.642170460207874
"2","CRT",0.00498753117206983
