"","method","pval"
"1","AMCE",0.1546618007218
"2","CRT",0.591022443890274
