"","method","pval"
"1","AMCE",0.485797159529564
"2","CRT",0.488778054862843
