"","method","pval"
"1","AMCE",0.702019920089024
"2","CRT",0.498753117206983
