"","method","pval"
"1","AMCE",0.274814569323619
"2","CRT",0.0498753117206983
