"","method","pval"
"1","AMCE",0.0224177957076508
"2","CRT",0.306733167082294
