"","method","pval"
"1","AMCE",0.103843173042744
"2","CRT",0.139650872817955
