"","method","pval"
"1","AMCE",0.615894829131233
"2","CRT",0.084788029925187
