"","method","pval"
"1","AMCE",0.0143528395434937
"2","CRT",0.70573566084788
