"","method","pval"
"1","AMCE",0.507319645262415
"2","CRT",0.00498753117206983
