"","method","pval"
"1","AMCE",0.535533411073949
"2","CRT",0.0648379052369077
