"","method","pval"
"1","AMCE",0.00710068527470794
"2","CRT",0.206982543640898
