"","method","pval"
"1","AMCE",0.547096658615135
"2","CRT",0.0349127182044888
