"","method","pval"
"1","AMCE",0.0952819367070208
"2","CRT",0.655860349127182
