"","method","pval"
"1","AMCE",0.221958303668431
"2","CRT",0.643391521197007
