"","method","pval"
"1","AMCE",0.91763670038343
"2","CRT",0.0423940149625935
