"","method","pval"
"1","AMCE",0.0311531746041802
"2","CRT",0.396508728179551
