"","method","pval"
"1","AMCE",0.0309879901587529
"2","CRT",0.0822942643391521
