"","method","pval"
"1","AMCE",0.00381822961631805
"2","CRT",0.0448877805486284
