"","method","pval"
"1","AMCE",0.0235411915543162
"2","CRT",0.0124688279301746
