"","method","pval"
"1","AMCE",0.0232817307204089
"2","CRT",0.374064837905237
