"","method","pval"
"1","AMCE",0.8001321089521
"2","CRT",0.0149625935162095
