"","method","pval"
"1","AMCE",0.0309057225117045
"2","CRT",0.930174563591022
