"","method","pval"
"1","AMCE",0.00870087817711259
"2","CRT",0.0199501246882793
