"","method","pval"
"1","AMCE",0.00230825853679961
"2","CRT",0.0124688279301746
