"","method","pval"
"1","AMCE",0.225669426780279
"2","CRT",0.224438902743142
