"","method","pval"
"1","AMCE",0.0163785868051241
"2","CRT",0.0199501246882793
