"","method","pval"
"1","AMCE",0.686146916019591
"2","CRT",0.00748129675810474
