"","method","pval"
"1","AMCE",0.0560341509468615
"2","CRT",0.0224438902743142
