"","method","pval"
"1","AMCE",0.0110448037276572
"2","CRT",0.00249376558603491
