"","method","pval"
"1","AMCE",0.00255460379124795
"2","CRT",0.206982543640898
