"","method","pval"
"1","AMCE",0.299645778513623
"2","CRT",0.184538653366584
