"","method","pval"
"1","AMCE",0.376799045634762
"2","CRT",0.486284289276808
