"","method","pval"
"1","AMCE",0.42775671830969
"2","CRT",0.107231920199501
