"","method","pval"
"1","AMCE",0.226429874213158
"2","CRT",0.0473815461346633
