"","method","pval"
"1","AMCE",0.198347258916429
"2","CRT",0.379052369077307
