"","method","pval"
"1","AMCE",0.0169752465394941
"2","CRT",0.0249376558603491
