"","method","pval"
"1","AMCE",0.0313737798058789
"2","CRT",0.107231920199501
