"","method","pval"
"1","AMCE",0.0113530797484133
"2","CRT",0.029925187032419
