"","method","pval"
"1","AMCE",0.18900014046382
"2","CRT",0.162094763092269
