"","method","pval"
"1","AMCE",0.406328276122818
"2","CRT",0.00498753117206983
