"","method","pval"
"1","AMCE",0.0236316990973541
"2","CRT",0.144638403990025
