"","method","pval"
"1","AMCE",0.226297452461338
"2","CRT",0.0249376558603491
