"","method","pval"
"1","AMCE",0.818442792080404
"2","CRT",0.0249376558603491
