"","method","pval"
"1","AMCE",0.10579158423905
"2","CRT",0.159600997506234
