"","method","pval"
"1","AMCE",0.0964146997072783
"2","CRT",0.0972568578553616
