"","method","pval"
"1","AMCE",0.39069872499649
"2","CRT",0.0648379052369077
