"","method","pval"
"1","AMCE",0.771632139492842
"2","CRT",0.00997506234413965
