"","method","pval"
"1","AMCE",0.542271245716119
"2","CRT",0.0523690773067332
