"","method","pval"
"1","AMCE",0.938247107527436
"2","CRT",0.0124688279301746
