"","method","pval"
"1","AMCE",0.709743353026332
"2","CRT",0.0473815461346633
