"","method","pval"
"1","AMCE",0.154194970554256
"2","CRT",0.00997506234413965
