"","method","pval"
"1","AMCE",0.336956312802478
"2","CRT",0.0149625935162095
