"","method","pval"
"1","AMCE",0.433246963301874
"2","CRT",0.0124688279301746
