"","method","pval"
"1","AMCE",0.35269402877059
"2","CRT",0.403990024937656
