"","method","pval"
"1","AMCE",0.10844723106019
"2","CRT",0.0399002493765586
