"","method","pval"
"1","AMCE",0.0131785647904891
"2","CRT",0.28927680798005
