"","method","pval"
"1","AMCE",0.339457258891744
"2","CRT",0.0773067331670823
