"","method","pval"
"1","AMCE",0.0652868988641053
"2","CRT",0.0199501246882793
