"","method","pval"
"1","AMCE",0.000545098103994993
"2","CRT",0.0349127182044888
