"","method","pval"
"1","AMCE",0.257458803916118
"2","CRT",0.0349127182044888
