"","method","pval"
"1","AMCE",0.001634254696174
"2","CRT",0.00748129675810474
