"","method","pval"
"1","AMCE",0.136729576753971
"2","CRT",0.00498753117206983
