"","method","pval"
"1","AMCE",0.0116228505259626
"2","CRT",0.576059850374065
