"","method","pval"
"1","AMCE",0.40011010377809
"2","CRT",0.341645885286783
