"","method","pval"
"1","AMCE",0.0497353285234854
"2","CRT",0.00997506234413965
