"","method","pval"
"1","AMCE",0.0151587829418679
"2","CRT",0.408977556109726
