"","method","pval"
"1","AMCE",0.110669904227135
"2","CRT",0.00748129675810474
