"","method","pval"
"1","AMCE",0.108117002448934
"2","CRT",0.423940149625935
