"","method","pval"
"1","AMCE",0.441168052580988
"2","CRT",0.0249376558603491
