"","method","pval"
"1","AMCE",0.0216760349234242
"2","CRT",0.119700748129676
