"","method","pval"
"1","AMCE",0.00698027932172132
"2","CRT",0.0523690773067332
