"","method","pval"
"1","AMCE",0.046668792093043
"2","CRT",0.0249376558603491
