"","method","pval"
"1","AMCE",0.039816684309945
"2","CRT",0.0224438902743142
