"","method","pval"
"1","AMCE",0.474776762048497
"2","CRT",0.0423940149625935
