"","method","pval"
"1","AMCE",0.491795459961628
"2","CRT",0.029925187032419
