"","method","pval"
"1","AMCE",0.955233811942992
"2","CRT",0.00498753117206983
