"","method","pval"
"1","AMCE",0.00587292073953891
"2","CRT",0.00748129675810474
