"","method","pval"
"1","AMCE",0.609930540323009
"2","CRT",0.109725685785536
