"","method","pval"
"1","AMCE",0.00409578239639095
"2","CRT",0.00498753117206983
