"","method","pval"
"1","AMCE",0.796293271099034
"2","CRT",0.084788029925187
