"","method","pval"
"1","AMCE",0.030078384015053
"2","CRT",0.0748129675810474
