"","method","pval"
"1","AMCE",0.00031887273669295
"2","CRT",0.00748129675810474
