"","method","pval"
"1","AMCE",0.532541597309593
"2","CRT",0.0349127182044888
