"","method","pval"
"1","AMCE",0.0192189612860917
"2","CRT",0.00997506234413965
