"","method","pval"
"1","AMCE",0.00530571793849583
"2","CRT",0.463840399002494
