"","method","pval"
"1","AMCE",0.00449385804416849
"2","CRT",0.0124688279301746
