"","method","pval"
"1","AMCE",0.598378098379236
"2","CRT",0.571072319201995
