"","method","pval"
"1","AMCE",0.059276633003551
"2","CRT",0.00249376558603491
