"","method","pval"
"1","AMCE",0.00124555624801294
"2","CRT",0.00249376558603491
