"","method","pval"
"1","AMCE",0.00881616384774085
"2","CRT",0.453865336658354
