"","method","pval"
"1","AMCE",0.109860610017283
"2","CRT",0.0149625935162095
