"","method","pval"
"1","AMCE",0.0494852543930218
"2","CRT",0.0822942643391521
