"","method","pval"
"1","AMCE",0.497788958971242
"2","CRT",0.0723192019950125
