"","method","pval"
"1","AMCE",0.0614400508419105
"2","CRT",0.057356608478803
