"","method","pval"
"1","AMCE",0.0367857359253492
"2","CRT",0.349127182044888
