"","method","pval"
"1","AMCE",0.215960400600538
"2","CRT",0.084788029925187
