"","method","pval"
"1","AMCE",0.074827534370683
"2","CRT",0.0124688279301746
