"","method","pval"
"1","AMCE",0.323842728792054
"2","CRT",0.411471321695761
