"","method","pval"
"1","AMCE",0.156229430844915
"2","CRT",0.029925187032419
