"","method","pval"
"1","AMCE",0.0413793081280855
"2","CRT",0.301745635910224
