"","method","pval"
"1","AMCE",0.110786675333568
"2","CRT",0.00249376558603491
