"","method","pval"
"1","AMCE",0.23532155083864
"2","CRT",0.0149625935162095
