"","method","pval"
"1","AMCE",0.397687698764077
"2","CRT",0.00997506234413965
