"","method","pval"
"1","AMCE",0.237377673755042
"2","CRT",0.144638403990025
