"","method","pval"
"1","AMCE",0.00268332378595904
"2","CRT",0.00748129675810474
