"","method","pval"
"1","AMCE",0.48578145491459
"2","CRT",0.149625935162095
