"","method","pval"
"1","AMCE",0.0836516752235364
"2","CRT",0.581047381546135
