"","method","pval"
"1","AMCE",0.051929066377695
"2","CRT",0.00997506234413965
