"","method","pval"
"1","AMCE",0.0192385859116451
"2","CRT",0.0324189526184539
