"","method","pval"
"1","AMCE",0.0181791569369118
"2","CRT",0.00997506234413965
