"","method","pval"
"1","AMCE",0.28245002222811
"2","CRT",0.0698254364089776
