"","method","pval"
"1","AMCE",0.818771146571352
"2","CRT",0.00249376558603491
