"","method","pval"
"1","AMCE",0.148397161480668
"2","CRT",0.201995012468828
