"","method","pval"
"1","AMCE",0.0355851727904513
"2","CRT",0.127182044887781
