"","method","pval"
"1","AMCE",0.109202191646563
"2","CRT",0.423940149625935
