"","method","pval"
"1","AMCE",0.15481438031193
"2","CRT",0.00997506234413965
