"","method","pval"
"1","AMCE",0.103842404589194
"2","CRT",0.810473815461347
