"","method","pval"
"1","AMCE",0.0827779964702024
"2","CRT",0.00249376558603491
