"","method","pval"
"1","AMCE",0.0224671002590116
"2","CRT",0.184538653366584
