"","method","pval"
"1","AMCE",0.0483787457052916
"2","CRT",0.0423940149625935
