"","method","pval"
"1","AMCE",0.0267816313474274
"2","CRT",0.690773067331671
