"","method","pval"
"1","AMCE",0.00338284168831723
"2","CRT",0.0199501246882793
