"","method","pval"
"1","AMCE",0.394361027468809
"2","CRT",0.0374064837905237
