"","method","pval"
"1","AMCE",0.213393616058395
"2","CRT",0.00997506234413965
