"","method","pval"
"1","AMCE",0.00722311486753561
"2","CRT",0.00498753117206983
