"","method","pval"
"1","AMCE",0.146069777540322
"2","CRT",0.0673316708229426
