"","method","pval"
"1","AMCE",0.138851127780209
"2","CRT",0.0124688279301746
