"","method","pval"
"1","AMCE",0.938270668235742
"2","CRT",0.633416458852868
