"","method","pval"
"1","AMCE",0.00532088040350472
"2","CRT",0.0249376558603491
