"","method","pval"
"1","AMCE",0.00476403935394035
"2","CRT",0.204488778054863
