"","method","pval"
"1","AMCE",0.106709824904914
"2","CRT",0.394014962593516
