"","method","pval"
"1","AMCE",0.137235583319246
"2","CRT",0.0324189526184539
