"","method","pval"
"1","AMCE",0.249683057195509
"2","CRT",0.00748129675810474
