"","method","pval"
"1","AMCE",0.0675959107199363
"2","CRT",0.00498753117206983
