"","method","pval"
"1","AMCE",0.00844072959849464
"2","CRT",0.00997506234413965
