"","method","pval"
"1","AMCE",0.093315660184972
"2","CRT",0.493765586034913
