"","method","pval"
"1","AMCE",0.0159444413217509
"2","CRT",0.00748129675810474
