"","method","pval"
"1","AMCE",0.301760671612644
"2","CRT",0.0822942643391521
