"","method","pval"
"1","AMCE",0.0175229920358021
"2","CRT",0.987531172069825
