"","method","pval"
"1","AMCE",0.618835100045852
"2","CRT",0.211970074812968
