"","method","pval"
"1","AMCE",0.00843777428730272
"2","CRT",0.206982543640898
