"","method","pval"
"1","AMCE",0.00748912391011379
"2","CRT",0.114713216957606
