"","method","pval"
"1","AMCE",0.010699222687742
"2","CRT",0.182044887780549
