"","method","pval"
"1","AMCE",0.570084302902419
"2","CRT",0.0773067331670823
