"","method","pval"
"1","AMCE",0.171104871382182
"2","CRT",0.0224438902743142
