"","method","pval"
"1","AMCE",0.253802331649727
"2","CRT",0.0773067331670823
