"","method","pval"
"1","AMCE",0.429193852650143
"2","CRT",0.28927680798005
