"","method","pval"
"1","AMCE",0.00166688788090949
"2","CRT",0.0498753117206983
