"","method","pval"
"1","AMCE",0.00391003685177457
"2","CRT",0.0149625935162095
