"","method","pval"
"1","AMCE",0.071718989853429
"2","CRT",0.00997506234413965
