"","method","pval"
"1","AMCE",0.205817338226841
"2","CRT",0.211970074812968
