"","method","pval"
"1","AMCE",0.658620219156728
"2","CRT",0.630922693266833
