"","method","pval"
"1","AMCE",0.00273842704500427
"2","CRT",0.221945137157107
