"","method","pval"
"1","AMCE",0.145869179555116
"2","CRT",0.00249376558603491
