"","method","pval"
"1","AMCE",0.00223648975394596
"2","CRT",0.0199501246882793
