"","method","pval"
"1","AMCE",0.00324080439188733
"2","CRT",0.438902743142145
