"","method","pval"
"1","AMCE",0.588911652013999
"2","CRT",0.837905236907731
