"","method","pval"
"1","AMCE",0.004874927118843
"2","CRT",0.269326683291771
