"","method","pval"
"1","AMCE",0.100645563640909
"2","CRT",0.553615960099751
