"","method","pval"
"1","AMCE",0.0386948372398356
"2","CRT",0.00748129675810474
