"","method","pval"
"1","AMCE",0.0154536855656484
"2","CRT",0.00997506234413965
