"","method","pval"
"1","AMCE",0.383482393916413
"2","CRT",0.0149625935162095
