"","method","pval"
"1","AMCE",0.0423675222782296
"2","CRT",0.00498753117206983
