"","method","pval"
"1","AMCE",0.000488970720198138
"2","CRT",0.027431421446384
