"","method","pval"
"1","AMCE",0.584691165331247
"2","CRT",0.41645885286783
