"","method","pval"
"1","AMCE",0.159184791647527
"2","CRT",0.00997506234413965
