"","method","pval"
"1","AMCE",0.282802982271082
"2","CRT",0.750623441396509
