"","method","pval"
"1","AMCE",0.00890507628498268
"2","CRT",0.0473815461346633
