"","method","pval"
"1","AMCE",0.487424280919258
"2","CRT",0.254364089775561
