"","method","pval"
"1","AMCE",0.494231217408198
"2","CRT",0.0224438902743142
