"","method","pval"
"1","AMCE",0.120519964553675
"2","CRT",0.0199501246882793
