"","method","pval"
"1","AMCE",0.0194907977916259
"2","CRT",0.0124688279301746
