"","method","pval"
"1","AMCE",0.267175857564885
"2","CRT",0.241895261845387
