"","method","pval"
"1","AMCE",0.00942195475144745
"2","CRT",0.00748129675810474
