"","method","pval"
"1","AMCE",0.2898411096619
"2","CRT",0.0773067331670823
