"","method","pval"
"1","AMCE",0.50208809983768
"2","CRT",0.00997506234413965
