"","method","pval"
"1","AMCE",0.24935429008276
"2","CRT",0.0997506234413965
