"","method","pval"
"1","AMCE",0.140896883467902
"2","CRT",0.0249376558603491
