"","method","pval"
"1","AMCE",0.605645740169127
"2","CRT",0.209476309226933
