"","method","pval"
"1","AMCE",0.100239245050543
"2","CRT",0.922693266832918
