"","method","pval"
"1","AMCE",0.029683034319986
"2","CRT",0.0324189526184539
