"","method","pval"
"1","AMCE",0.737100787189547
"2","CRT",0.0623441396508728
