"","method","pval"
"1","AMCE",0.358098994512878
"2","CRT",0.169576059850374
