"","method","pval"
"1","AMCE",0.00020952931437143
"2","CRT",0.00498753117206983
