"","method","pval"
"1","AMCE",0.678047605835143
"2","CRT",0.00249376558603491
