"","method","pval"
"1","AMCE",0.0560498816981465
"2","CRT",0.0548628428927681
