"","method","pval"
"1","AMCE",0.581053115263446
"2","CRT",0.129675810473815
