"","method","pval"
"1","AMCE",0.0336569279142684
"2","CRT",0.374064837905237
