"","method","pval"
"1","AMCE",0.00432888821863347
"2","CRT",0.0723192019950125
