"","method","pval"
"1","AMCE",0.235009119887656
"2","CRT",0.00748129675810474
