"","method","pval"
"1","AMCE",0.108208885563255
"2","CRT",0.266832917705736
