"","method","pval"
"1","AMCE",0.0559665724071551
"2","CRT",0.541147132169576
