"","method","pval"
"1","AMCE",0.0128941186163042
"2","CRT",0.0648379052369077
