"","method","pval"
"1","AMCE",0.0350357573745937
"2","CRT",0.349127182044888
