"","method","pval"
"1","AMCE",0.0127170515296042
"2","CRT",0.566084788029925
