"","method","pval"
"1","AMCE",0.142217521644181
"2","CRT",0.00997506234413965
