"","method","pval"
"1","AMCE",0.026382927080777
"2","CRT",0.698254364089776
