"","method","pval"
"1","AMCE",0.0723101554755928
"2","CRT",0.0324189526184539
