"","method","pval"
"1","AMCE",0.0244039129792138
"2","CRT",0.00498753117206983
