"","method","pval"
"1","AMCE",0.85715551799564
"2","CRT",0.129675810473815
