"","method","pval"
"1","AMCE",0.0365693718561387
"2","CRT",0.102244389027431
