"","method","pval"
"1","AMCE",0.631185679754348
"2","CRT",0.331670822942643
