"","method","pval"
"1","AMCE",0.00638465237538363
"2","CRT",0.029925187032419
