"","method","pval"
"1","AMCE",0.0872482914279877
"2","CRT",0.937655860349127
