"","method","pval"
"1","AMCE",0.0374719976179202
"2","CRT",0.109725685785536
