"","method","pval"
"1","AMCE",0.11780711847404
"2","CRT",0.00498753117206983
