"","method","pval"
"1","AMCE",0.0174014698820873
"2","CRT",0.0174563591022444
