"","method","pval"
"1","AMCE",0.518997045139068
"2","CRT",0.369077306733167
