"","method","pval"
"1","AMCE",0.461241947715156
"2","CRT",0.526184538653367
