"","method","pval"
"1","AMCE",0.222824950551192
"2","CRT",0.0174563591022444
