"","method","pval"
"1","AMCE",0.18653397458061
"2","CRT",0.0523690773067332
