"","method","pval"
"1","AMCE",0.00303408418122925
"2","CRT",0.114713216957606
