"","method","pval"
"1","AMCE",0.155723615734678
"2","CRT",0.0149625935162095
