"","method","pval"
"1","AMCE",0.204797607863893
"2","CRT",0.0897755610972569
