"","method","pval"
"1","AMCE",0.49517195647067
"2","CRT",0.00997506234413965
