"","method","pval"
"1","AMCE",0.301774961615123
"2","CRT",0.00249376558603491
