"","method","pval"
"1","AMCE",0.00469194093955331
"2","CRT",0.00498753117206983
