"","method","pval"
"1","AMCE",0.278247455229583
"2","CRT",0.00748129675810474
