"","method","pval"
"1","AMCE",0.174911462508105
"2","CRT",0.0124688279301746
