"","method","pval"
"1","AMCE",0.00659206672337183
"2","CRT",0.00249376558603491
