"","method","pval"
"1","AMCE",0.231823593265489
"2","CRT",0.0224438902743142
