"","method","pval"
"1","AMCE",0.220585102477612
"2","CRT",0.0374064837905237
