"","method","pval"
"1","AMCE",0.296866225100302
"2","CRT",0.029925187032419
