"","method","pval"
"1","AMCE",0.535548735318718
"2","CRT",0.0124688279301746
