"","method","pval"
"1","AMCE",0.0334118988484425
"2","CRT",0.316708229426434
