"","method","pval"
"1","AMCE",0.0110333510251229
"2","CRT",0.0149625935162095
