"","method","pval"
"1","AMCE",0.0093224323082095
"2","CRT",0.0174563591022444
