"","method","pval"
"1","AMCE",0.973683748670712
"2","CRT",0.0798004987531172
