"","method","pval"
"1","AMCE",0.93114175787446
"2","CRT",0.0224438902743142
