"","method","pval"
"1","AMCE",0.0046244255550394
"2","CRT",0.0149625935162095
