"","method","pval"
"1","AMCE",0.725577536401576
"2","CRT",0.286783042394015
