"","method","pval"
"1","AMCE",0.277069089427083
"2","CRT",0.00997506234413965
