"","method","pval"
"1","AMCE",0.0123750862776723
"2","CRT",0.0748129675810474
