"","method","pval"
"1","AMCE",0.339895190521226
"2","CRT",0.403990024937656
