"","method","pval"
"1","AMCE",0.0170789934032212
"2","CRT",0.00249376558603491
