"","method","pval"
"1","AMCE",0.0691580440099857
"2","CRT",0.169576059850374
