"","method","pval"
"1","AMCE",0.0440150137567204
"2","CRT",0.00498753117206983
