"","method","pval"
"1","AMCE",0.155310628657624
"2","CRT",0.154613466334165
