"","method","pval"
"1","AMCE",0.226800901595276
"2","CRT",0.104738154613466
