"","method","pval"
"1","AMCE",0.480120859554154
"2","CRT",0.00498753117206983
