"","method","pval"
"1","AMCE",0.585555621134961
"2","CRT",0.443890274314214
