"","method","pval"
"1","AMCE",0.00251529320566385
"2","CRT",0.14214463840399
