"","method","pval"
"1","AMCE",0.00681614769783192
"2","CRT",0.0598503740648379
