"","method","pval"
"1","AMCE",0.000671487109514517
"2","CRT",0.00498753117206983
