"","method","pval"
"1","AMCE",0.366223481536702
"2","CRT",0.13216957605985
