"","method","pval"
"1","AMCE",0.019164981346141
"2","CRT",0.134663341645885
