"","method","pval"
"1","AMCE",0.127142253323613
"2","CRT",0.029925187032419
