"","method","pval"
"1","AMCE",0.0472157332756953
"2","CRT",0.029925187032419
