"","method","pval"
"1","AMCE",0.126406194217318
"2","CRT",0.640897755610973
