"","method","pval"
"1","AMCE",0.0099070970411407
"2","CRT",0.0448877805486284
