"","method","pval"
"1","AMCE",0.195600632183236
"2","CRT",0.00748129675810474
