"","method","pval"
"1","AMCE",0.202927196126907
"2","CRT",0.0374064837905237
