"","method","pval"
"1","AMCE",0.253662760466762
"2","CRT",0.00249376558603491
