"","method","pval"
"1","AMCE",0.00460205370760605
"2","CRT",0.199501246882793
