"","method","pval"
"1","AMCE",0.622653275760587
"2","CRT",0.70573566084788
