"","method","pval"
"1","AMCE",0.0132901441938833
"2","CRT",0.403990024937656
