"","method","pval"
"1","AMCE",0.00071556494521974
"2","CRT",0.28428927680798
