"","method","pval"
"1","AMCE",0.100786017932713
"2","CRT",0.0124688279301746
