"","method","pval"
"1","AMCE",0.0241341053431769
"2","CRT",0.00997506234413965
