"","method","pval"
"1","AMCE",0.195534332712352
"2","CRT",0.00498753117206983
