"","method","pval"
"1","AMCE",0.266183328989183
"2","CRT",0.0149625935162095
