"","method","pval"
"1","AMCE",0.199692278667891
"2","CRT",0.0423940149625935
