"","method","pval"
"1","AMCE",0.00498829612235986
"2","CRT",0.179551122194514
