"","method","pval"
"1","AMCE",0.880195643527923
"2","CRT",0.154613466334165
