"","method","pval"
"1","AMCE",0.898769575633576
"2","CRT",0.206982543640898
