"","method","pval"
"1","AMCE",0.053861930392184
"2","CRT",0.920199501246883
