"","method","pval"
"1","AMCE",0.753597763453527
"2","CRT",0.00748129675810474
