"","method","pval"
"1","AMCE",0.167367319379304
"2","CRT",0.0174563591022444
