"","method","pval"
"1","AMCE",0.883632674899409
"2","CRT",0.00498753117206983
