"","method","pval"
"1","AMCE",0.181887400873891
"2","CRT",0.149625935162095
