"","method","pval"
"1","AMCE",0.0160029946266245
"2","CRT",0.0374064837905237
