"","method","pval"
"1","AMCE",0.00550649591853716
"2","CRT",0.00997506234413965
