"","method","pval"
"1","AMCE",0.0063038123090869
"2","CRT",0.0399002493765586
