"","method","pval"
"1","AMCE",0.642121119153955
"2","CRT",0.00249376558603491
