"","method","pval"
"1","AMCE",0.00944757998374681
"2","CRT",0.144638403990025
