"","method","pval"
"1","AMCE",0.143423655973762
"2","CRT",0.164588528678304
