"","method","pval"
"1","AMCE",0.0170842790943995
"2","CRT",0.201995012468828
