"","method","pval"
"1","AMCE",0.150269706991538
"2","CRT",0.0947630922693267
