"","method","pval"
"1","AMCE",0.0577557807631771
"2","CRT",0.00249376558603491
