"","method","pval"
"1","AMCE",0.0100818739695131
"2","CRT",0.0648379052369077
