"","method","pval"
"1","AMCE",0.423317304748281
"2","CRT",0.902743142144638
