"","method","pval"
"1","AMCE",0.170326747935948
"2","CRT",0.00748129675810474
