"","method","pval"
"1","AMCE",0.450402197566006
"2","CRT",0.134663341645885
