"","method","pval"
"1","AMCE",0.0364451394596047
"2","CRT",0.0149625935162095
