"","method","pval"
"1","AMCE",0.117087582333953
"2","CRT",0.0423940149625935
