"","method","pval"
"1","AMCE",0.134248237864522
"2","CRT",0.28428927680798
