"","method","pval"
"1","AMCE",0.0784689951028692
"2","CRT",0.00997506234413965
