"","method","pval"
"1","AMCE",0.00307608478761524
"2","CRT",0.0199501246882793
