"","method","pval"
"1","AMCE",0.0469928429271905
"2","CRT",0.0349127182044888
