"","method","pval"
"1","AMCE",0.202139998080985
"2","CRT",0.057356608478803
