"","method","pval"
"1","AMCE",0.146604692344576
"2","CRT",0.224438902743142
