"","method","pval"
"1","AMCE",0.0378377119617158
"2","CRT",0.27431421446384
