"","method","pval"
"1","AMCE",0.000553744092853122
"2","CRT",0.00249376558603491
