"","method","pval"
"1","AMCE",0.000270319088043234
"2","CRT",0.00249376558603491
