"","method","pval"
"1","AMCE",0.0548535960620519
"2","CRT",0.00997506234413965
