"","method","pval"
"1","AMCE",0.00487920312199976
"2","CRT",0.00498753117206983
