"","method","pval"
"1","AMCE",0.386929248811339
"2","CRT",0.0124688279301746
