"","method","pval"
"1","AMCE",0.0193671719254444
"2","CRT",0.0124688279301746
