"","method","pval"
"1","AMCE",0.00864936837007868
"2","CRT",0.27431421446384
