"","method","pval"
"1","AMCE",0.00762844336818206
"2","CRT",0.27930174563591
