"","method","pval"
"1","AMCE",0.0169338413334199
"2","CRT",0.516209476309227
