"","method","pval"
"1","AMCE",0.0163320607605809
"2","CRT",0.259351620947631
