"","method","pval"
"1","AMCE",0.642169942491485
"2","CRT",0.00748129675810474
