"","method","pval"
"1","AMCE",0.215135703484225
"2","CRT",0.0423940149625935
