"","method","pval"
"1","AMCE",0.0191949167149709
"2","CRT",0.119700748129676
