"","method","pval"
"1","AMCE",0.10280891263172
"2","CRT",0.0922693266832918
