"","method","pval"
"1","AMCE",0.075995380726934
"2","CRT",0.0548628428927681
