"","method","pval"
"1","AMCE",0.112590941746267
"2","CRT",0.119700748129676
