"","method","pval"
"1","AMCE",0.0126813000895788
"2","CRT",0.0324189526184539
