"","method","pval"
"1","AMCE",0.115291544088893
"2","CRT",0.216957605985037
