"","method","pval"
"1","AMCE",0.215917362693947
"2","CRT",0.122194513715711
