"","method","pval"
"1","AMCE",0.00367856802072937
"2","CRT",0.00249376558603491
