"","method","pval"
"1","AMCE",0.11916478179257
"2","CRT",0.00249376558603491
