"","method","pval"
"1","AMCE",0.243506417836078
"2","CRT",0.0698254364089776
