"","method","pval"
"1","AMCE",0.000863443065426669
"2","CRT",0.0598503740648379
