"","method","pval"
"1","AMCE",0.115266813853438
"2","CRT",0.00249376558603491
