"","method","pval"
"1","AMCE",0.00552705201990738
"2","CRT",0.0199501246882793
