"","method","pval"
"1","AMCE",0.167490653593724
"2","CRT",0.197007481296758
