"","method","pval"
"1","AMCE",0.00319554929556194
"2","CRT",0.00249376558603491
