"","method","pval"
"1","AMCE",0.00494558252221667
"2","CRT",0.204488778054863
