"","method","pval"
"1","AMCE",0.0247381311805925
"2","CRT",0.29925187032419
