"","method","pval"
"1","AMCE",0.0321103210894551
"2","CRT",0.204488778054863
