"","method","pval"
"1","AMCE",0.0299549417136318
"2","CRT",0.139650872817955
