"","method","pval"
"1","AMCE",0.735085947492858
"2","CRT",0.895261845386534
