"","method","pval"
"1","AMCE",0.0092203561526472
"2","CRT",0.0149625935162095
