"","method","pval"
"1","AMCE",0.276753517526369
"2","CRT",0.0199501246882793
