"","method","pval"
"1","AMCE",0.00319463295890522
"2","CRT",0.00997506234413965
