"","method","pval"
"1","AMCE",0.0535961592406218
"2","CRT",0.0598503740648379
