"","method","pval"
"1","AMCE",0.580114993168852
"2","CRT",0.241895261845387
