"","method","pval"
"1","AMCE",0.151838503900673
"2","CRT",0.122194513715711
