"","method","pval"
"1","AMCE",0.394049383528253
"2","CRT",0.00249376558603491
