"","method","pval"
"1","AMCE",0.0596677130742348
"2","CRT",0.0773067331670823
