"","method","pval"
"1","AMCE",0.000221083646353778
"2","CRT",0.0822942643391521
