"","method","pval"
"1","AMCE",0.22781448800466
"2","CRT",0.0922693266832918
