"","method","pval"
"1","AMCE",0.00753858430789267
"2","CRT",0.00498753117206983
