"","method","pval"
"1","AMCE",0.284307123651307
"2","CRT",0.635910224438903
