"","method","pval"
"1","AMCE",0.683959739720711
"2","CRT",0.600997506234414
