"","method","pval"
"1","AMCE",0.00838711496170491
"2","CRT",0.369077306733167
