"","method","pval"
"1","AMCE",0.00355183625934697
"2","CRT",0.770573566084788
