"","method","pval"
"1","AMCE",0.696638201650307
"2","CRT",0.306733167082294
