"","method","pval"
"1","AMCE",0.0196938125122209
"2","CRT",0.194513715710723
