"","method","pval"
"1","AMCE",0.0285952216519443
"2","CRT",0.865336658354115
