"","method","pval"
"1","AMCE",0.106022267366786
"2","CRT",0.057356608478803
