"","method","pval"
"1","AMCE",0.421966902444295
"2","CRT",0.00498753117206983
