"","method","pval"
"1","AMCE",0.289739680675295
"2","CRT",0.291770573566085
