"","method","pval"
"1","AMCE",0.0684949540274378
"2","CRT",0.316708229426434
