"","method","pval"
"1","AMCE",0.0108019155980759
"2","CRT",0.13216957605985
