"","method","pval"
"1","AMCE",0.0181155053276217
"2","CRT",0.214463840399002
