"","method","pval"
"1","AMCE",0.319341631796804
"2","CRT",0.698254364089776
