"","method","pval"
"1","AMCE",0.0483044223179916
"2","CRT",0.109725685785536
