"","method","pval"
"1","AMCE",0.760995548891727
"2","CRT",0.00748129675810474
