"","method","pval"
"1","AMCE",0.0395625065375614
"2","CRT",0.0598503740648379
