"","method","pval"
"1","AMCE",0.0680149138917808
"2","CRT",0.00997506234413965
