"","method","pval"
"1","AMCE",0.255381066576857
"2","CRT",0.0374064837905237
