"","method","pval"
"1","AMCE",0.370076719876811
"2","CRT",0.0448877805486284
