"","method","pval"
"1","AMCE",0.212159523266118
"2","CRT",0.394014962593516
