"","method","pval"
"1","AMCE",0.0368006710376551
"2","CRT",0.0349127182044888
