"","method","pval"
"1","AMCE",0.045582399233001
"2","CRT",0.00249376558603491
