"","method","pval"
"1","AMCE",0.0836199261939872
"2","CRT",0.543640897755611
