"","method","pval"
"1","AMCE",0.106507620774156
"2","CRT",0.296758104738155
