"","method","pval"
"1","AMCE",0.192596670483642
"2","CRT",0.00997506234413965
