"","method","pval"
"1","AMCE",0.093866209424148
"2","CRT",0.0523690773067332
