"","method","pval"
"1","AMCE",0.03887267546802
"2","CRT",0.00249376558603491
