"","method","pval"
"1","AMCE",0.0122833276476364
"2","CRT",0.266832917705736
