"","method","pval"
"1","AMCE",0.00123248767318245
"2","CRT",0.00249376558603491
