"","method","pval"
"1","AMCE",0.115272147899781
"2","CRT",0.27930174563591
