"","method","pval"
"1","AMCE",0.367656666353793
"2","CRT",0.0773067331670823
