"","method","pval"
"1","AMCE",0.0218180209978602
"2","CRT",0.00249376558603491
