"","method","pval"
"1","AMCE",0.0169602690468083
"2","CRT",0.027431421446384
