"","method","pval"
"1","AMCE",0.0641387325606275
"2","CRT",0.00748129675810474
