"","method","pval"
"1","AMCE",0.190554022095883
"2","CRT",0.42643391521197
