"","method","pval"
"1","AMCE",0.0496389000931248
"2","CRT",0.937655860349127
