"","method","pval"
"1","AMCE",0.210839483836096
"2","CRT",0.00997506234413965
