"","method","pval"
"1","AMCE",0.112316074347762
"2","CRT",0.668329177057357
