"","method","pval"
"1","AMCE",0.0841089656048045
"2","CRT",0.70573566084788
