"","method","pval"
"1","AMCE",0.0521469478356667
"2","CRT",0.00249376558603491
