"","method","pval"
"1","AMCE",0.0252960967849064
"2","CRT",0.855361596009975
