"","method","pval"
"1","AMCE",0.58957802703063
"2","CRT",0.00249376558603491
