"","method","pval"
"1","AMCE",0.0162762548654408
"2","CRT",0.256857855361596
