"","method","pval"
"1","AMCE",0.0143736857708616
"2","CRT",0.00498753117206983
