"","method","pval"
"1","AMCE",0.198378741631287
"2","CRT",0.0174563591022444
