"","method","pval"
"1","AMCE",0.836385228852707
"2","CRT",0.00498753117206983
