"","method","pval"
"1","AMCE",0.0898931238490323
"2","CRT",0.109725685785536
