"","method","pval"
"1","AMCE",0.619885676799025
"2","CRT",0.0399002493765586
