"","method","pval"
"1","AMCE",0.0328025507054524
"2","CRT",0.122194513715711
