"","method","pval"
"1","AMCE",0.115289119594575
"2","CRT",0.793017456359102
