"","method","pval"
"1","AMCE",0.632494606041862
"2","CRT",0.0174563591022444
