"","method","pval"
"1","AMCE",0.124076056735113
"2","CRT",0.104738154613466
