"","method","pval"
"1","AMCE",0.0999841718288105
"2","CRT",0.027431421446384
