"","method","pval"
"1","AMCE",0.0186315363841482
"2","CRT",0.0124688279301746
