"","method","pval"
"1","AMCE",0.107293570632309
"2","CRT",0.0199501246882793
