"","method","pval"
"1","AMCE",0.3140261832785
"2","CRT",0.00748129675810474
