"","method","pval"
"1","AMCE",0.0309566528359473
"2","CRT",0.00997506234413965
