"","method","pval"
"1","AMCE",0.0270059079944346
"2","CRT",0.127182044887781
