"","method","pval"
"1","AMCE",0.0505465149041868
"2","CRT",0.58354114713217
