"","method","pval"
"1","AMCE",0.00910513005853037
"2","CRT",0.00249376558603491
