"","method","pval"
"1","AMCE",0.115257600404955
"2","CRT",0.219451371571072
