"","method","pval"
"1","AMCE",0.187612217387415
"2","CRT",0.221945137157107
