"","method","pval"
"1","AMCE",0.0164519900950786
"2","CRT",0.0174563591022444
