"","method","pval"
"1","AMCE",0.00749959329861759
"2","CRT",0.645885286783042
