"","method","pval"
"1","AMCE",0.144809121401822
"2","CRT",0.0174563591022444
