"","method","pval"
"1","AMCE",0.139577328529884
"2","CRT",0.44139650872818
