"","method","pval"
"1","AMCE",0.156018972917458
"2","CRT",0.0673316708229426
