"","method","pval"
"1","AMCE",0.00384072672508991
"2","CRT",0.396508728179551
