"","method","pval"
"1","AMCE",0.0294159996849764
"2","CRT",0.29426433915212
