"","method","pval"
"1","AMCE",0.0707212369572745
"2","CRT",0.00249376558603491
