"","method","pval"
"1","AMCE",0.179275635488114
"2","CRT",0.154613466334165
