"","method","pval"
"1","AMCE",0.149922662713394
"2","CRT",0.204488778054863
