"","method","pval"
"1","AMCE",0.0195315629534238
"2","CRT",0.0374064837905237
