"","method","pval"
"1","AMCE",0.359190540588943
"2","CRT",0.0124688279301746
