"","method","pval"
"1","AMCE",0.0540016008618651
"2","CRT",0.102244389027431
