"","method","pval"
"1","AMCE",0.0107479386990245
"2","CRT",0.0174563591022444
