"","method","pval"
"1","AMCE",0.361926487326975
"2","CRT",0.057356608478803
