"","method","pval"
"1","AMCE",0.0330108936656717
"2","CRT",0.194513715710723
