"","method","pval"
"1","AMCE",0.646165251500562
"2","CRT",0.71571072319202
