"","method","pval"
"1","AMCE",0.0256680914270116
"2","CRT",0.027431421446384
