"","method","pval"
"1","AMCE",0.200536998642649
"2","CRT",0.0349127182044888
