"","method","pval"
"1","AMCE",0.498833093736461
"2","CRT",0.00249376558603491
