"","method","pval"
"1","AMCE",0.143664631606881
"2","CRT",0.0174563591022444
