"","method","pval"
"1","AMCE",0.826906563708353
"2","CRT",0.221945137157107
