"","method","pval"
"1","AMCE",0.0025137860914853
"2","CRT",0.0224438902743142
