"","method","pval"
"1","AMCE",0.155630622018114
"2","CRT",0.5785536159601
