"","method","pval"
"1","AMCE",0.289724716782165
"2","CRT",0.00249376558603491
