"","method","pval"
"1","AMCE",0.034056648421616
"2","CRT",0.391521197007481
