"","method","pval"
"1","AMCE",0.0864159268197404
"2","CRT",0.00748129675810474
