"","method","pval"
"1","AMCE",0.0616832224738834
"2","CRT",0.00748129675810474
