"","method","pval"
"1","AMCE",0.00495961294346148
"2","CRT",0.00498753117206983
