"","method","pval"
"1","AMCE",0.309739974440102
"2","CRT",0.0822942643391521
