"","method","pval"
"1","AMCE",0.829398690766312
"2","CRT",0.169576059850374
