"","method","pval"
"1","AMCE",0.281245415320045
"2","CRT",0.0498753117206983
