"","method","pval"
"1","AMCE",0.535143752986432
"2","CRT",0.172069825436409
