"","method","pval"
"1","AMCE",0.0395524523420016
"2","CRT",0.451371571072319
