"","method","pval"
"1","AMCE",0.27824457127442
"2","CRT",0.496259351620948
