"","method","pval"
"1","AMCE",0.218346182337087
"2","CRT",0.503740648379052
