"","method","pval"
"1","AMCE",0.00169829923885855
"2","CRT",0.491271820448878
