"","method","pval"
"1","AMCE",0.018745439337947
"2","CRT",0.319201995012469
