"","method","pval"
"1","AMCE",0.0215587490787956
"2","CRT",0.770573566084788
