"","method","pval"
"1","AMCE",0.779651629205007
"2","CRT",0.0349127182044888
