"","method","pval"
"1","AMCE",0.115866236716646
"2","CRT",0.00997506234413965
