"","method","pval"
"1","AMCE",0.0258753465234933
"2","CRT",0.0199501246882793
