"","method","pval"
"1","AMCE",0.0205189039707557
"2","CRT",0.346633416458853
