"","method","pval"
"1","AMCE",0.816230300221371
"2","CRT",0.134663341645885
