"","method","pval"
"1","AMCE",0.0699021159404152
"2","CRT",0.00748129675810474
