"","method","pval"
"1","AMCE",0.587473128720479
"2","CRT",0.0872817955112219
