"","method","pval"
"1","AMCE",0.747197642429171
"2","CRT",0.251870324189526
