"","method","pval"
"1","AMCE",0.0025501461105217
"2","CRT",0.0448877805486284
