"","method","pval"
"1","AMCE",0.429565450525978
"2","CRT",0.00498753117206983
