"","method","pval"
"1","AMCE",0.00297974643346931
"2","CRT",0.00748129675810474
