"","method","pval"
"1","AMCE",0.652840054369908
"2","CRT",0.0648379052369077
