"","method","pval"
"1","AMCE",0.11717805997502
"2","CRT",0.0473815461346633
