"","method","pval"
"1","AMCE",0.417755258921834
"2","CRT",0.0324189526184539
