"","method","pval"
"1","AMCE",0.00807472152707239
"2","CRT",0.44139650872818
