"","method","pval"
"1","AMCE",0.578003100591679
"2","CRT",0.0149625935162095
