"","method","pval"
"1","AMCE",0.0050378706478868
"2","CRT",0.461346633416459
