"","method","pval"
"1","AMCE",0.0624058265614556
"2","CRT",0.102244389027431
