"","method","pval"
"1","AMCE",0.00462857794405798
"2","CRT",0.0124688279301746
