"","method","pval"
"1","AMCE",0.373497327884943
"2","CRT",0.615960099750623
