"","method","pval"
"1","AMCE",0.318084074883348
"2","CRT",0.219451371571072
