"","method","pval"
"1","AMCE",0.0893304271514823
"2","CRT",0.0922693266832918
