"","method","pval"
"1","AMCE",0.0752460718327941
"2","CRT",0.483790523690773
