"","method","pval"
"1","AMCE",0.00156014053205344
"2","CRT",0.0149625935162095
