"","method","pval"
"1","AMCE",0.0451395075224385
"2","CRT",0.00997506234413965
