"","method","pval"
"1","AMCE",0.0391048042961696
"2","CRT",0.00748129675810474
