"","method","pval"
"1","AMCE",0.00595676709753803
"2","CRT",0.124688279301746
