"","method","pval"
"1","AMCE",0.0414583977333366
"2","CRT",0.029925187032419
