"","method","pval"
"1","AMCE",0.205872975896829
"2","CRT",0.698254364089776
