"","method","pval"
"1","AMCE",0.986489174797024
"2","CRT",0.084788029925187
