"","method","pval"
"1","AMCE",0.0320889782281546
"2","CRT",0.216957605985037
