"","method","pval"
"1","AMCE",0.298411930858178
"2","CRT",0.00748129675810474
