"","method","pval"
"1","AMCE",0.449160034381949
"2","CRT",0.326683291770574
