"","method","pval"
"1","AMCE",0.00236026972008839
"2","CRT",0.413965087281795
