"","method","pval"
"1","AMCE",0.0625038428201839
"2","CRT",0.221945137157107
