"","method","pval"
"1","AMCE",0.00508495473295988
"2","CRT",0.0349127182044888
