"","method","pval"
"1","AMCE",0.753724813586635
"2","CRT",0.251870324189526
