"","method","pval"
"1","AMCE",0.0292499920454666
"2","CRT",0.00748129675810474
