"","method","pval"
"1","AMCE",0.233968703466355
"2","CRT",0.0947630922693267
