"","method","pval"
"1","AMCE",0.000199604936308734
"2","CRT",0.00748129675810474
