"","method","pval"
"1","AMCE",0.429771809914467
"2","CRT",0.0498753117206983
