"","method","pval"
"1","AMCE",0.00438480041289263
"2","CRT",0.00498753117206983
