"","method","pval"
"1","AMCE",0.275256354172726
"2","CRT",0.00748129675810474
