"","method","pval"
"1","AMCE",0.0116283382114747
"2","CRT",0.910224438902743
