"","method","pval"
"1","AMCE",0.0646726754874067
"2","CRT",0.0798004987531172
