"","method","pval"
"1","AMCE",0.00235937631196124
"2","CRT",0.0822942643391521
