"","method","pval"
"1","AMCE",0.0108069116944611
"2","CRT",0.28927680798005
