"","method","pval"
"1","AMCE",0.0180539397192182
"2","CRT",0.00748129675810474
