"","method","pval"
"1","AMCE",0.0133746747326298
"2","CRT",0.174563591022444
