"","method","pval"
"1","AMCE",0.0209532515024374
"2","CRT",0.117206982543641
