"","method","pval"
"1","AMCE",0.574818480534618
"2","CRT",0.214463840399002
