"","method","pval"
"1","AMCE",0.177462143343323
"2","CRT",0.0199501246882793
