"","method","pval"
"1","AMCE",0.399743565105349
"2","CRT",0.104738154613466
