"","method","pval"
"1","AMCE",0.00602315589269957
"2","CRT",0.00997506234413965
