"","method","pval"
"1","AMCE",0.169029550062305
"2","CRT",0.0324189526184539
