"","method","pval"
"1","AMCE",0.394198710765401
"2","CRT",0.0673316708229426
