"","method","pval"
"1","AMCE",0.074827534370668
"2","CRT",0.00498753117206983
