"","method","pval"
"1","AMCE",0.296792505355382
"2","CRT",0.0199501246882793
