"","method","pval"
"1","AMCE",0.134291860813146
"2","CRT",0.625935162094763
