"","method","pval"
"1","AMCE",0.00876555764427171
"2","CRT",0.0124688279301746
