"","method","pval"
"1","AMCE",0.356812034777079
"2","CRT",0.00498753117206983
