"","method","pval"
"1","AMCE",0.00285982067094234
"2","CRT",0.13216957605985
