"","method","pval"
"1","AMCE",0.0413508416768631
"2","CRT",0.00249376558603491
