"","method","pval"
"1","AMCE",0.370606304715921
"2","CRT",0.396508728179551
