"","method","pval"
"1","AMCE",0.026770833074087
"2","CRT",0.129675810473815
