"","method","pval"
"1","AMCE",0.0274138352923666
"2","CRT",0.0374064837905237
