"","method","pval"
"1","AMCE",0.0869429502279543
"2","CRT",0.112219451371571
