"","method","pval"
"1","AMCE",0.00488209299251343
"2","CRT",0.172069825436409
