"","method","pval"
"1","AMCE",0.177624210169086
"2","CRT",0.0947630922693267
