"","method","pval"
"1","AMCE",0.37209477757568
"2","CRT",0.0124688279301746
