"","method","pval"
"1","AMCE",0.013685061744918
"2","CRT",0.00997506234413965
