"","method","pval"
"1","AMCE",0.107596426564312
"2","CRT",0.0149625935162095
