"","method","pval"
"1","AMCE",0.000223516679061483
"2","CRT",0.00997506234413965
