"","method","pval"
"1","AMCE",0.17122042016421
"2","CRT",0.00498753117206983
