"","method","pval"
"1","AMCE",0.0122411694571677
"2","CRT",0.586034912718205
