"","method","pval"
"1","AMCE",0.945278033528035
"2","CRT",0.00997506234413965
