"","method","pval"
"1","AMCE",0.580824979221019
"2","CRT",0.561097256857855
