"","method","pval"
"1","AMCE",0.00686087868808855
"2","CRT",0.0374064837905237
