"","method","pval"
"1","AMCE",0.031972007675272
"2","CRT",0.384039900249377
