"","method","pval"
"1","AMCE",0.289788577453486
"2","CRT",0.00249376558603491
