"","method","pval"
"1","AMCE",0.563690577897173
"2","CRT",0.00249376558603491
