"","method","pval"
"1","AMCE",0.946107814902819
"2","CRT",0.0523690773067332
