"","method","pval"
"1","AMCE",0.042599306781086
"2","CRT",0.102244389027431
