"","method","pval"
"1","AMCE",0.0148134013920626
"2","CRT",0.00249376558603491
