"","method","pval"
"1","AMCE",0.0175122346315303
"2","CRT",0.00249376558603491
