"","method","pval"
"1","AMCE",0.605632038355267
"2","CRT",0.0748129675810474
