"","method","pval"
"1","AMCE",0.328310377122685
"2","CRT",0.561097256857855
