"","method","pval"
"1","AMCE",0.237156600471468
"2","CRT",0.029925187032419
