"","method","pval"
"1","AMCE",0.00770461446958828
"2","CRT",0.29426433915212
