"","method","pval"
"1","AMCE",0.0126509474019799
"2","CRT",0.0324189526184539
