"","method","pval"
"1","AMCE",0.015279965927484
"2","CRT",0.0673316708229426
