"","method","pval"
"1","AMCE",0.00916875902021709
"2","CRT",0.0224438902743142
