"","method","pval"
"1","AMCE",0.192385830491185
"2","CRT",0.0149625935162095
