"","method","pval"
"1","AMCE",0.745212719918834
"2","CRT",0.403990024937656
