"","method","pval"
"1","AMCE",0.145549067183035
"2","CRT",0.00498753117206983
