"","method","pval"
"1","AMCE",0.13254303053757
"2","CRT",0.129675810473815
