"","method","pval"
"1","AMCE",0.0527417790137904
"2","CRT",0.00498753117206983
