"","method","pval"
"1","AMCE",0.00911207277279268
"2","CRT",0.00498753117206983
