"","method","pval"
"1","AMCE",0.0323269010101046
"2","CRT",0.488778054862843
