"","method","pval"
"1","AMCE",0.0549517672452928
"2","CRT",0.00748129675810474
