"","method","pval"
"1","AMCE",0.0207203056649012
"2","CRT",0.00498753117206983
