"","method","pval"
"1","AMCE",0.00613673472745605
"2","CRT",0.029925187032419
