"","method","pval"
"1","AMCE",0.000756282245614725
"2","CRT",0.27431421446384
