"","method","pval"
"1","AMCE",0.13145399874578
"2","CRT",0.0224438902743142
