"","method","pval"
"1","AMCE",0.10236613187622
"2","CRT",0.00249376558603491
