"","method","pval"
"1","AMCE",0.0388360958743046
"2","CRT",0.0124688279301746
