"","method","pval"
"1","AMCE",0.438661879668124
"2","CRT",0.00498753117206983
