"","method","pval"
"1","AMCE",0.224945947438138
"2","CRT",0.0798004987531172
