"","method","pval"
"1","AMCE",0.133347335419652
"2","CRT",0.00997506234413965
