"","method","pval"
"1","AMCE",0.00994524577236348
"2","CRT",0.0324189526184539
