"","method","pval"
"1","AMCE",0.300908735931297
"2","CRT",0.890274314214464
