"","method","pval"
"1","AMCE",0.0281235207225172
"2","CRT",0.0997506234413965
