"","method","pval"
"1","AMCE",0.0165330601472747
"2","CRT",0.0124688279301746
