"","method","pval"
"1","AMCE",0.570050360690301
"2","CRT",0.00249376558603491
