"","method","pval"
"1","AMCE",0.776420282205054
"2","CRT",0.0773067331670823
