"","method","pval"
"1","AMCE",0.012187259546782
"2","CRT",0.0149625935162095
