"","method","pval"
"1","AMCE",0.0706938781361918
"2","CRT",0.304239401496259
