"","method","pval"
"1","AMCE",0.00251335080623164
"2","CRT",0.0623441396508728
