"","method","pval"
"1","AMCE",0.0777571375899593
"2","CRT",0.00498753117206983
