"","method","pval"
"1","AMCE",0.0637363671462743
"2","CRT",0.00997506234413965
