"","method","pval"
"1","AMCE",0.205872975896779
"2","CRT",0.00249376558603491
