"","method","pval"
"1","AMCE",0.0541037295516747
"2","CRT",0.00997506234413965
