"","method","pval"
"1","AMCE",0.0839131519064284
"2","CRT",0.0249376558603491
