"","method","pval"
"1","AMCE",0.0121914037124593
"2","CRT",0.234413965087282
