"","method","pval"
"1","AMCE",0.00673435434328516
"2","CRT",0.0199501246882793
