"","method","pval"
"1","AMCE",0.173475403993996
"2","CRT",0.28927680798005
