"","method","pval"
"1","AMCE",0.276056012017511
"2","CRT",0.0648379052369077
