"","method","pval"
"1","AMCE",0.0100967515933175
"2","CRT",0.117206982543641
