"","method","pval"
"1","AMCE",0.0163275985961282
"2","CRT",0.172069825436409
