"","method","pval"
"1","AMCE",0.158416543650222
"2","CRT",0.0598503740648379
