"","method","pval"
"1","AMCE",0.014218959880386
"2","CRT",0.0374064837905237
