"","method","pval"
"1","AMCE",0.406639037579161
"2","CRT",0.00249376558603491
