"","method","pval"
"1","AMCE",0.392874057939205
"2","CRT",0.0124688279301746
