"","method","pval"
"1","AMCE",0.0289330612582405
"2","CRT",0.0324189526184539
