"","method","pval"
"1","AMCE",0.164392202896359
"2","CRT",0.0174563591022444
