"","method","pval"
"1","AMCE",0.0396794096820884
"2","CRT",0.236907730673317
