"","method","pval"
"1","AMCE",0.0269279022784191
"2","CRT",0.0723192019950125
