"","method","pval"
"1","AMCE",0.10943856112872
"2","CRT",0.221945137157107
