"","method","pval"
"1","AMCE",0.0344187565962397
"2","CRT",0.0523690773067332
