"","method","pval"
"1","AMCE",0.136259229992094
"2","CRT",0.00249376558603491
