"","method","pval"
"1","AMCE",0.0033814618868493
"2","CRT",0.0872817955112219
