"","method","pval"
"1","AMCE",0.109154637232355
"2","CRT",0.13715710723192
