"","method","pval"
"1","AMCE",0.354801476994944
"2","CRT",0.0174563591022444
