"","method","pval"
"1","AMCE",0.0547680635378387
"2","CRT",0.0349127182044888
