"","method","pval"
"1","AMCE",0.0102388143521341
"2","CRT",0.109725685785536
