"","method","pval"
"1","AMCE",0.0526375608030813
"2","CRT",0.00498753117206983
