"","method","pval"
"1","AMCE",0.280330978105394
"2","CRT",0.27431421446384
