"","method","pval"
"1","AMCE",0.309214976822321
"2","CRT",0.226932668329177
