"","method","pval"
"1","AMCE",0.517130760030811
"2","CRT",0.00498753117206983
