"","method","pval"
"1","AMCE",0.0161447398640759
"2","CRT",0.0224438902743142
