"","method","pval"
"1","AMCE",0.35958453828336
"2","CRT",0.00249376558603491
