"","method","pval"
"1","AMCE",0.115171764034321
"2","CRT",0.0673316708229426
