"","method","pval"
"1","AMCE",0.612632341076559
"2","CRT",0.433915211970075
