"","method","pval"
"1","AMCE",0.246444628396647
"2","CRT",0.184538653366584
