"","method","pval"
"1","AMCE",0.228919846487285
"2","CRT",0.763092269326683
