"","method","pval"
"1","AMCE",0.00352085086677774
"2","CRT",0.0149625935162095
