"","method","pval"
"1","AMCE",0.330058111150637
"2","CRT",0.43640897755611
