"","method","pval"
"1","AMCE",0.0117243218211999
"2","CRT",0.29426433915212
