"","method","pval"
"1","AMCE",0.00894162746162351
"2","CRT",0.486284289276808
