"","method","pval"
"1","AMCE",0.996200642095906
"2","CRT",0.0748129675810474
