"","method","pval"
"1","AMCE",0.94408791175409
"2","CRT",0.00748129675810474
