"","method","pval"
"1","AMCE",0.0533451700786357
"2","CRT",0.0374064837905237
