"","method","pval"
"1","AMCE",0.88829228082882
"2","CRT",0.0124688279301746
