"","method","pval"
"1","AMCE",0.592384663324723
"2","CRT",0.0174563591022444
