"","method","pval"
"1","AMCE",0.121375511880358
"2","CRT",0.276807980049875
