"","method","pval"
"1","AMCE",0.0141036265996057
"2","CRT",0.00997506234413965
