"","method","pval"
"1","AMCE",0.205865719351286
"2","CRT",0.00498753117206983
