"","method","pval"
"1","AMCE",0.49177404538172
"2","CRT",0.259351620947631
