"","method","pval"
"1","AMCE",0.642841532601734
"2","CRT",0.0249376558603491
