"","method","pval"
"1","AMCE",0.245501108479583
"2","CRT",0.00249376558603491
