"","method","pval"
"1","AMCE",0.0263845337249337
"2","CRT",0.0249376558603491
