"","method","pval"
"1","AMCE",0.0161879988962292
"2","CRT",0.281795511221945
