"","method","pval"
"1","AMCE",0.00828956557667358
"2","CRT",0.259351620947631
