"","method","pval"
"1","AMCE",0.0263143169425563
"2","CRT",0.0673316708229426
