"","method","pval"
"1","AMCE",0.0343527123450797
"2","CRT",0.0872817955112219
