"","method","pval"
"1","AMCE",0.00435931693032267
"2","CRT",0.0349127182044888
