"","method","pval"
"1","AMCE",0.231074663221319
"2","CRT",0.027431421446384
