"","method","pval"
"1","AMCE",0.105705390896623
"2","CRT",0.172069825436409
