"","method","pval"
"1","AMCE",0.35127023817948
"2","CRT",0.0149625935162095
