"","method","pval"
"1","AMCE",0.897244518509813
"2","CRT",0.084788029925187
