"","method","pval"
"1","AMCE",0.698592010731951
"2","CRT",0.0374064837905237
