"","method","pval"
"1","AMCE",0.239559173969513
"2","CRT",0.00249376558603491
