"","method","pval"
"1","AMCE",0.0369978637128105
"2","CRT",0.366583541147132
