"","method","pval"
"1","AMCE",0.0724770830053449
"2","CRT",0.917705735660848
