"","method","pval"
"1","AMCE",0.00647546730174039
"2","CRT",0.0324189526184539
