"","method","pval"
"1","AMCE",0.141896668852585
"2","CRT",0.0673316708229426
