"","method","pval"
"1","AMCE",0.987397715986498
"2","CRT",0.468827930174564
