"","method","pval"
"1","AMCE",0.0715386297306751
"2","CRT",0.00498753117206983
