"","method","pval"
"1","AMCE",0.00851579254781065
"2","CRT",0.0523690773067332
