"","method","pval"
"1","AMCE",0.236356610589841
"2","CRT",0.00748129675810474
