"","method","pval"
"1","AMCE",0.423528961012495
"2","CRT",0.0773067331670823
