"","method","pval"
"1","AMCE",0.0396608918905888
"2","CRT",0.411471321695761
