"","method","pval"
"1","AMCE",0.810808103179613
"2","CRT",0.0448877805486284
