"","method","pval"
"1","AMCE",0.0361185980138484
"2","CRT",0.0174563591022444
