"","method","pval"
"1","AMCE",0.309431913096081
"2","CRT",0.473815461346633
