"","method","pval"
"1","AMCE",0.00658365519443687
"2","CRT",0.0872817955112219
