"","method","pval"
"1","AMCE",0.0496202274456221
"2","CRT",0.0698254364089776
