"","method","pval"
"1","AMCE",0.160953061186103
"2","CRT",0.0423940149625935
