"","method","pval"
"1","AMCE",0.284286756780754
"2","CRT",0.261845386533666
