"","method","pval"
"1","AMCE",0.116276143032391
"2","CRT",0.127182044887781
