"","method","pval"
"1","AMCE",0.957099900239403
"2","CRT",0.00249376558603491
