"","method","pval"
"1","AMCE",0.676982108056203
"2","CRT",0.0324189526184539
