"","method","pval"
"1","AMCE",0.115260833207749
"2","CRT",0.72069825436409
