"","method","pval"
"1","AMCE",0.0850720996750979
"2","CRT",0.0374064837905237
