"","method","pval"
"1","AMCE",0.103837793854963
"2","CRT",0.209476309226933
