"","method","pval"
"1","AMCE",0.261707224044185
"2","CRT",0.0598503740648379
