"","method","pval"
"1","AMCE",0.59331257847469
"2","CRT",0.391521197007481
