"","method","pval"
"1","AMCE",0.0170663570504753
"2","CRT",0.00748129675810474
