"","method","pval"
"1","AMCE",0.568655093983165
"2","CRT",0.117206982543641
