"","method","pval"
"1","AMCE",0.107712442647074
"2","CRT",0.660847880299252
