"","method","pval"
"1","AMCE",0.175670541149444
"2","CRT",0.0648379052369077
