"","method","pval"
"1","AMCE",0.00996315493299414
"2","CRT",0.0473815461346633
