"","method","pval"
"1","AMCE",0.0748411084362235
"2","CRT",0.0199501246882793
