"","method","pval"
"1","AMCE",0.326554316537926
"2","CRT",0.00249376558603491
