"","method","pval"
"1","AMCE",0.0742204415388425
"2","CRT",0.0349127182044888
