"","method","pval"
"1","AMCE",0.000716141787589692
"2","CRT",0.1571072319202
