"","method","pval"
"1","AMCE",0.0450931219569973
"2","CRT",0.00249376558603491
