"","method","pval"
"1","AMCE",0.00355414379211364
"2","CRT",0.224438902743142
