"","method","pval"
"1","AMCE",0.0808050999048232
"2","CRT",0.211970074812968
