"","method","pval"
"1","AMCE",0.0467881631222253
"2","CRT",0.144638403990025
