"","method","pval"
"1","AMCE",0.11735836311053
"2","CRT",0.0199501246882793
