"","method","pval"
"1","AMCE",0.144035105509542
"2","CRT",0.396508728179551
