"","method","pval"
"1","AMCE",0.0204193613445634
"2","CRT",0.503740648379052
