"","method","pval"
"1","AMCE",0.0155081244388779
"2","CRT",0.00498753117206983
