"","method","pval"
"1","AMCE",0.00528820084656075
"2","CRT",0.214463840399002
