"","method","pval"
"1","AMCE",0.277228254473629
"2","CRT",0.00748129675810474
