"","method","pval"
"1","AMCE",0.239255371644843
"2","CRT",0.566084788029925
