"","method","pval"
"1","AMCE",0.756687756619533
"2","CRT",0.27431421446384
