"","method","pval"
"1","AMCE",0.216415416694857
"2","CRT",0.00997506234413965
