"","method","pval"
"1","AMCE",0.0799629625805294
"2","CRT",0.845386533665835
