"","method","pval"
"1","AMCE",0.812372767490258
"2","CRT",0.0773067331670823
