"","method","pval"
"1","AMCE",0.00782149557411137
"2","CRT",0.28927680798005
