"","method","pval"
"1","AMCE",0.301705887448552
"2","CRT",0.00748129675810474
