"","method","pval"
"1","AMCE",0.00723925221458763
"2","CRT",0.553615960099751
