"","method","pval"
"1","AMCE",0.00782546303361053
"2","CRT",0.109725685785536
