"","method","pval"
"1","AMCE",0.00724132247058955
"2","CRT",0.783042394014963
