"","method","pval"
"1","AMCE",0.716908024448882
"2","CRT",0.00249376558603491
