"","method","pval"
"1","AMCE",0.372283460536011
"2","CRT",0.00748129675810474
