"","method","pval"
"1","AMCE",0.0230676895645064
"2","CRT",0.00748129675810474
