"","method","pval"
"1","AMCE",0.155631173347295
"2","CRT",0.57356608478803
