"","method","pval"
"1","AMCE",0.0173734124770888
"2","CRT",0.0548628428927681
