"","method","pval"
"1","AMCE",0.0337298644946336
"2","CRT",0.0423940149625935
