"","method","pval"
"1","AMCE",0.432281415327346
"2","CRT",0.0473815461346633
