"","method","pval"
"1","AMCE",0.1708632387869
"2","CRT",0.0972568578553616
