"","method","pval"
"1","AMCE",0.070719922215176
"2","CRT",0.596009975062344
