"","method","pval"
"1","AMCE",0.898003467379065
"2","CRT",0.00748129675810474
