"","method","pval"
"1","AMCE",0.236402189764484
"2","CRT",0.0124688279301746
