"","method","pval"
"1","AMCE",0.00550482120157033
"2","CRT",0.00498753117206983
