"","method","pval"
"1","AMCE",0.012256254290144
"2","CRT",0.27930174563591
