"","method","pval"
"1","AMCE",0.319871805534113
"2","CRT",0.0399002493765586
