"","method","pval"
"1","AMCE",0.326586573809717
"2","CRT",0.00748129675810474
