"","method","pval"
"1","AMCE",0.0487437666542168
"2","CRT",0.0124688279301746
