"","method","pval"
"1","AMCE",0.454074638387972
"2","CRT",0.197007481296758
