"","method","pval"
"1","AMCE",0.0176683276460463
"2","CRT",0.369077306733167
