"","method","pval"
"1","AMCE",0.00143266652750823
"2","CRT",0.0897755610972569
