"","method","pval"
"1","AMCE",0.0060522319072039
"2","CRT",0.0473815461346633
