"","method","pval"
"1","AMCE",0.224989235110163
"2","CRT",0.204488778054863
