"","method","pval"
"1","AMCE",0.00808421342765583
"2","CRT",0.027431421446384
