"","method","pval"
"1","AMCE",0.0672382757711472
"2","CRT",0.0199501246882793
