"","method","pval"
"1","AMCE",0.0017612345747093
"2","CRT",0.0723192019950125
