"","method","pval"
"1","AMCE",0.0141473136023933
"2","CRT",0.162094763092269
