"","method","pval"
"1","AMCE",0.179074460405558
"2","CRT",0.00997506234413965
