"","method","pval"
"1","AMCE",0.442790987277246
"2","CRT",0.301745635910224
