"","method","pval"
"1","AMCE",0.574284750965956
"2","CRT",0.174563591022444
