"","method","pval"
"1","AMCE",0.0032101985494087
"2","CRT",0.199501246882793
