"","method","pval"
"1","AMCE",0.00673409731781067
"2","CRT",0.0399002493765586
