"","method","pval"
"1","AMCE",0.224991502389366
"2","CRT",0.00498753117206983
