"","method","pval"
"1","AMCE",0.165469181140388
"2","CRT",0.0648379052369077
