"","method","pval"
"1","AMCE",0.109988742971255
"2","CRT",0.0149625935162095
