"","method","pval"
"1","AMCE",0.00103824013053464
"2","CRT",0.119700748129676
