"","method","pval"
"1","AMCE",0.00096567933341175
"2","CRT",0.057356608478803
