"","method","pval"
"1","AMCE",0.073951221659417
"2","CRT",0.329177057356608
