"","method","pval"
"1","AMCE",0.692121333935147
"2","CRT",0.0448877805486284
