"","method","pval"
"1","AMCE",0.364974251480745
"2","CRT",0.00498753117206983
