"","method","pval"
"1","AMCE",0.480559908873922
"2","CRT",0.987531172069825
