"","method","pval"
"1","AMCE",0.216695200148806
"2","CRT",0.0149625935162095
