"","method","pval"
"1","AMCE",0.0309761385941593
"2","CRT",0.00498753117206983
