"","method","pval"
"1","AMCE",0.0364961089590377
"2","CRT",0.00498753117206983
