"","method","pval"
"1","AMCE",0.059817825829489
"2","CRT",0.0324189526184539
