"","method","pval"
"1","AMCE",0.148235330630514
"2","CRT",0.0698254364089776
