"","method","pval"
"1","AMCE",0.670490640616507
"2","CRT",0.0473815461346633
