"","method","pval"
"1","AMCE",0.179429455043661
"2","CRT",0.339152119700748
