"","method","pval"
"1","AMCE",0.00408692578582033
"2","CRT",0.00498753117206983
