"","method","pval"
"1","AMCE",0.00251050585131725
"2","CRT",0.00249376558603491
