"","method","pval"
"1","AMCE",3.62837299073449e-05
"2","CRT",0.0174563591022444
