"","method","pval"
"1","AMCE",0.0257070900016908
"2","CRT",0.264339152119701
