"","method","pval"
"1","AMCE",0.6607679588868
"2","CRT",0.221945137157107
