"","method","pval"
"1","AMCE",0.0215324400600032
"2","CRT",0.0872817955112219
