"","method","pval"
"1","AMCE",0.203050824241101
"2","CRT",0.0124688279301746
