"","method","pval"
"1","AMCE",0.0337058766529937
"2","CRT",0.084788029925187
