"","method","pval"
"1","AMCE",0.00392422056218366
"2","CRT",0.910224438902743
