"","method","pval"
"1","AMCE",0.00177492863691256
"2","CRT",0.269326683291771
