"","method","pval"
"1","AMCE",0.0131697686784507
"2","CRT",0.0698254364089776
