"","method","pval"
"1","AMCE",0.10944983565775
"2","CRT",0.713216957605985
