"","method","pval"
"1","AMCE",0.0117673970538607
"2","CRT",0.167082294264339
