"","method","pval"
"1","AMCE",0.486986410811158
"2","CRT",0.241895261845387
