"","method","pval"
"1","AMCE",0.0937533681811894
"2","CRT",0.0374064837905237
