"","method","pval"
"1","AMCE",0.441147164604642
"2","CRT",0.00498753117206983
