"","method","pval"
"1","AMCE",0.875974001768238
"2","CRT",0.0897755610972569
