"","method","pval"
"1","AMCE",0.0388619564359073
"2","CRT",0.359102244389027
