"","method","pval"
"1","AMCE",0.162069953486747
"2","CRT",0.885286783042394
