"","method","pval"
"1","AMCE",0.160098284936473
"2","CRT",0.0423940149625935
