"","method","pval"
"1","AMCE",0.155589270264383
"2","CRT",0.0648379052369077
