"","method","pval"
"1","AMCE",0.0893717502666545
"2","CRT",0.0224438902743142
