"","method","pval"
"1","AMCE",0.32437473542577
"2","CRT",0.159600997506234
