"","method","pval"
"1","AMCE",0.0151699139725665
"2","CRT",0.0124688279301746
