"","method","pval"
"1","AMCE",0.0107527245089985
"2","CRT",0.00748129675810474
