"","method","pval"
"1","AMCE",0.0822773842707865
"2","CRT",0.0598503740648379
