"","method","pval"
"1","AMCE",0.0456719541109975
"2","CRT",0.466334164588529
