"","method","pval"
"1","AMCE",0.00382513065546864
"2","CRT",0.0623441396508728
