"","method","pval"
"1","AMCE",0.0131690194712274
"2","CRT",0.00498753117206983
