"","method","pval"
"1","AMCE",0.455455641009268
"2","CRT",0.0249376558603491
