"","method","pval"
"1","AMCE",0.0202548298954425
"2","CRT",0.027431421446384
