"","method","pval"
"1","AMCE",0.856596711667112
"2","CRT",0.00498753117206983
