"","method","pval"
"1","AMCE",0.270850964130744
"2","CRT",0.00249376558603491
