"","method","pval"
"1","AMCE",0.00216260787133507
"2","CRT",0.411471321695761
