"","method","pval"
"1","AMCE",0.0098226937009231
"2","CRT",0.057356608478803
