"","method","pval"
"1","AMCE",0.0499182263964838
"2","CRT",0.0748129675810474
