"","method","pval"
"1","AMCE",0.0763277180776284
"2","CRT",0.43142144638404
