"","method","pval"
"1","AMCE",0.170288939141875
"2","CRT",0.28927680798005
