"","method","pval"
"1","AMCE",0.371078985517504
"2","CRT",0.00997506234413965
