"","method","pval"
"1","AMCE",0.00973772260154767
"2","CRT",0.461346633416459
