"","method","pval"
"1","AMCE",0.0572180110380528
"2","CRT",0.00748129675810474
