"","method","pval"
"1","AMCE",0.00372594321658417
"2","CRT",0.13715710723192
