"","method","pval"
"1","AMCE",0.0447322368735712
"2","CRT",0.301745635910224
