"","method","pval"
"1","AMCE",0.0456497273658494
"2","CRT",0.28428927680798
