"","method","pval"
"1","AMCE",0.188327183542922
"2","CRT",0.229426433915212
