"","method","pval"
"1","AMCE",0.438908360070304
"2","CRT",0.506234413965087
