"","method","pval"
"1","AMCE",0.28067815432534
"2","CRT",0.0199501246882793
