"","method","pval"
"1","AMCE",0.157828242354674
"2","CRT",0.00498753117206983
