"","method","pval"
"1","AMCE",0.0327301635091071
"2","CRT",0.00997506234413965
