"","method","pval"
"1","AMCE",0.148198632185188
"2","CRT",0.0224438902743142
