"","method","pval"
"1","AMCE",0.0466126315143219
"2","CRT",0.0124688279301746
