"","method","pval"
"1","AMCE",0.0766122349035353
"2","CRT",0.214463840399002
