"","method","pval"
"1","AMCE",0.85477676035587
"2","CRT",0.0224438902743142
