"","method","pval"
"1","AMCE",0.081580966312002
"2","CRT",0.0224438902743142
