"","method","pval"
"1","AMCE",0.182324567073246
"2","CRT",0.0224438902743142
