"","method","pval"
"1","AMCE",0.186965980063829
"2","CRT",0.122194513715711
