"","method","pval"
"1","AMCE",0.0302244768070883
"2","CRT",0.224438902743142
