"","method","pval"
"1","AMCE",0.175429121303115
"2","CRT",0.00249376558603491
