"","method","pval"
"1","AMCE",0.356631251304088
"2","CRT",0.0174563591022444
