"","method","pval"
"1","AMCE",0.012033606235674
"2","CRT",0.00249376558603491
