"","method","pval"
"1","AMCE",0.69439282872343
"2","CRT",0.0124688279301746
