"","method","pval"
"1","AMCE",0.29830689918085
"2","CRT",0.473815461346633
