"","method","pval"
"1","AMCE",0.00576777696856292
"2","CRT",0.399002493765586
