"","method","pval"
"1","AMCE",0.0234741231783816
"2","CRT",0.518703241895262
