"","method","pval"
"1","AMCE",0.698592902523763
"2","CRT",0.00748129675810474
