"","method","pval"
"1","AMCE",0.498331597514866
"2","CRT",0.0673316708229426
