"","method","pval"
"1","AMCE",0.342875906826117
"2","CRT",0.00249376558603491
