"","method","pval"
"1","AMCE",0.0416117678242361
"2","CRT",0.027431421446384
