"","method","pval"
"1","AMCE",0.619256910834853
"2","CRT",0.206982543640898
