"","method","pval"
"1","AMCE",0.00950585873508516
"2","CRT",0.476309226932668
