"","method","pval"
"1","AMCE",0.114463296362035
"2","CRT",0.00748129675810474
