"","method","pval"
"1","AMCE",9.58780200487893e-05
"2","CRT",0.503740648379052
