"","method","pval"
"1","AMCE",0.505423494722542
"2","CRT",0.256857855361596
