"","method","pval"
"1","AMCE",0.0660768477464883
"2","CRT",0.0324189526184539
