"","method","pval"
"1","AMCE",0.013528033353896
"2","CRT",0.316708229426434
