"","method","pval"
"1","AMCE",0.00153464983711815
"2","CRT",0.927680798004987
