"","method","pval"
"1","AMCE",0.213078337186472
"2","CRT",0.00748129675810474
