"","method","pval"
"1","AMCE",0.0122021696159334
"2","CRT",0.15211970074813
