"","method","pval"
"1","AMCE",0.117853493214043
"2","CRT",0.546134663341646
