"","method","pval"
"1","AMCE",0.00788231425137924
"2","CRT",0.144638403990025
