"","method","pval"
"1","AMCE",0.679576603766434
"2","CRT",0.00498753117206983
