"","method","pval"
"1","AMCE",0.648747164148485
"2","CRT",0.513715710723192
