"","method","pval"
"1","AMCE",0.438617107455563
"2","CRT",0.261845386533666
