"","method","pval"
"1","AMCE",0.0113804373639356
"2","CRT",0.0822942643391521
