"","method","pval"
"1","AMCE",0.653247043889767
"2","CRT",0.0399002493765586
