"","method","pval"
"1","AMCE",0.0135772197698813
"2","CRT",0.633416458852868
