"","method","pval"
"1","AMCE",0.0260293350111781
"2","CRT",0.0423940149625935
