"","method","pval"
"1","AMCE",0.0481321837630848
"2","CRT",0.605985037406484
