"","method","pval"
"1","AMCE",0.0364937768666503
"2","CRT",0.309226932668329
