"","method","pval"
"1","AMCE",0.0186775942157832
"2","CRT",0.221945137157107
