"","method","pval"
"1","AMCE",0.345093529585722
"2","CRT",0.586034912718205
