"","method","pval"
"1","AMCE",0.149383858230331
"2","CRT",0.0174563591022444
