"","method","pval"
"1","AMCE",0.188250619153666
"2","CRT",0.00997506234413965
