"","method","pval"
"1","AMCE",0.0193026117881507
"2","CRT",0.0922693266832918
