"","method","pval"
"1","AMCE",0.0175060559407593
"2","CRT",0.0349127182044888
