"","method","pval"
"1","AMCE",0.00614773541792133
"2","CRT",0.291770573566085
