"","method","pval"
"1","AMCE",0.140250122928651
"2","CRT",0.0199501246882793
