"","method","pval"
"1","AMCE",0.307990936298943
"2","CRT",0.00748129675810474
