"","method","pval"
"1","AMCE",0.049285755167565
"2","CRT",0.379052369077307
