"","method","pval"
"1","AMCE",0.300098729445076
"2","CRT",0.541147132169576
