"","method","pval"
"1","AMCE",0.23488091335385
"2","CRT",0.1571072319202
