"","method","pval"
"1","AMCE",0.0864696511494894
"2","CRT",0.00498753117206983
