"","method","pval"
"1","AMCE",0.0233595420548853
"2","CRT",0.0224438902743142
