"","method","pval"
"1","AMCE",0.301436540346885
"2","CRT",0.109725685785536
