"","method","pval"
"1","AMCE",0.311610519641052
"2","CRT",0.00748129675810474
