"","method","pval"
"1","AMCE",0.00435372568498927
"2","CRT",0.276807980049875
