"","method","pval"
"1","AMCE",0.64487339256219
"2","CRT",0.0623441396508728
