"","method","pval"
"1","AMCE",0.0559498301235735
"2","CRT",0.451371571072319
