"","method","pval"
"1","AMCE",0.866726672943709
"2","CRT",0.0673316708229426
