"","method","pval"
"1","AMCE",0.15553467972
"2","CRT",0.0872817955112219
