"","method","pval"
"1","AMCE",0.00072746008442233
"2","CRT",0.00249376558603491
