"","method","pval"
"1","AMCE",0.198812014168831
"2","CRT",0.129675810473815
