"","method","pval"
"1","AMCE",0.00800722426269572
"2","CRT",0.0548628428927681
