"","method","pval"
"1","AMCE",0.163611743783754
"2","CRT",0.209476309226933
