"","method","pval"
"1","AMCE",0.782247100830082
"2","CRT",0.057356608478803
