"","method","pval"
"1","AMCE",0.587728842109955
"2","CRT",0.29426433915212
