"","method","pval"
"1","AMCE",0.109213565140727
"2","CRT",0.112219451371571
