"","method","pval"
"1","AMCE",0.518676502328629
"2","CRT",0.206982543640898
