"","method","pval"
"1","AMCE",0.0162636465158014
"2","CRT",0.0174563591022444
