"","method","pval"
"1","AMCE",0.0233455970001556
"2","CRT",0.201995012468828
