"","method","pval"
"1","AMCE",0.0494602346135843
"2","CRT",0.0149625935162095
