"","method","pval"
"1","AMCE",0.216114908791511
"2","CRT",0.119700748129676
