"","method","pval"
"1","AMCE",0.285937252164621
"2","CRT",0.0174563591022444
