"","method","pval"
"1","AMCE",0.743789294806
"2","CRT",0.15211970074813
