"","method","pval"
"1","AMCE",0.00450352927679214
"2","CRT",0.197007481296758
