"","method","pval"
"1","AMCE",0.664796707007301
"2","CRT",0.0224438902743142
