"","method","pval"
"1","AMCE",0.919165159457405
"2","CRT",0.00498753117206983
