"","method","pval"
"1","AMCE",0.859740022009597
"2","CRT",0.0149625935162095
