"","method","pval"
"1","AMCE",0.38009106058467
"2","CRT",0.00249376558603491
