"","method","pval"
"1","AMCE",0.939065883246654
"2","CRT",0.164588528678304
