"","method","pval"
"1","AMCE",0.228893750708332
"2","CRT",0.0149625935162095
