"","method","pval"
"1","AMCE",0.00040153778284279
"2","CRT",0.13216957605985
