"","method","pval"
"1","AMCE",0.0412401082358377
"2","CRT",0.00997506234413965
