"","method","pval"
"1","AMCE",0.933006536650321
"2","CRT",0.276807980049875
