"","method","pval"
"1","AMCE",0.0131523532424771
"2","CRT",0.109725685785536
