"","method","pval"
"1","AMCE",0.642135324363344
"2","CRT",0.0798004987531172
