"","method","pval"
"1","AMCE",0.518667952992474
"2","CRT",0.870324189526185
