"","method","pval"
"1","AMCE",0.0923355788343837
"2","CRT",0.28927680798005
