"","method","pval"
"1","AMCE",0.0112982329655682
"2","CRT",0.0523690773067332
