"","method","pval"
"1","AMCE",0.138408456007547
"2","CRT",0.28428927680798
