"","method","pval"
"1","AMCE",0.0175224653864326
"2","CRT",0.496259351620948
