"","method","pval"
"1","AMCE",0.0281914451395306
"2","CRT",0.0399002493765586
