"","method","pval"
"1","AMCE",0.381590107547392
"2","CRT",0.00249376558603491
