"","method","pval"
"1","AMCE",0.469411866971946
"2","CRT",0.122194513715711
