"","method","pval"
"1","AMCE",0.00280324064511523
"2","CRT",0.0124688279301746
