"","method","pval"
"1","AMCE",0.135329307429319
"2","CRT",0.0249376558603491
