"","method","pval"
"1","AMCE",0.0113882722925416
"2","CRT",0.0872817955112219
