"","method","pval"
"1","AMCE",0.981115522772226
"2","CRT",0.0374064837905237
