"","method","pval"
"1","AMCE",0.0357396820358903
"2","CRT",0.0374064837905237
