"","method","pval"
"1","AMCE",0.532308512449525
"2","CRT",0.0798004987531172
