"","method","pval"
"1","AMCE",0.178075684594246
"2","CRT",0.0673316708229426
