"","method","pval"
"1","AMCE",0.0463404554038473
"2","CRT",0.605985037406484
