"","method","pval"
"1","AMCE",0.278233035137634
"2","CRT",0.354114713216958
