"","method","pval"
"1","AMCE",0.206103507375569
"2","CRT",0.703241895261845
