"","method","pval"
"1","AMCE",0.662981023445195
"2","CRT",0.0997506234413965
