"","method","pval"
"1","AMCE",0.281233821988941
"2","CRT",0.0498753117206983
