"","method","pval"
"1","AMCE",0.00708443383575062
"2","CRT",0.0249376558603491
