"","method","pval"
"1","AMCE",0.0099905531254684
"2","CRT",0.00748129675810474
