"","method","pval"
"1","AMCE",0.0603799141052444
"2","CRT",0.197007481296758
