"","method","pval"
"1","AMCE",0.000298653980490086
"2","CRT",0.982543640897756
