"","method","pval"
"1","AMCE",0.0349879907216459
"2","CRT",0.304239401496259
