"","method","pval"
"1","AMCE",0.0152169860179683
"2","CRT",0.0897755610972569
