"","method","pval"
"1","AMCE",0.0151959019910721
"2","CRT",0.029925187032419
