"","method","pval"
"1","AMCE",0.246731169787544
"2","CRT",0.0224438902743142
