"","method","pval"
"1","AMCE",0.00249291855036104
"2","CRT",0.0872817955112219
