"","method","pval"
"1","AMCE",0.0006057625654986
"2","CRT",0.00498753117206983
