"","method","pval"
"1","AMCE",0.0413761449605061
"2","CRT",0.00498753117206983
