"","method","pval"
"1","AMCE",0.0326136876355447
"2","CRT",0.0448877805486284
