"","method","pval"
"1","AMCE",0.04450825686283
"2","CRT",0.102244389027431
