"","method","pval"
"1","AMCE",0.00390523329432451
"2","CRT",0.256857855361596
