"","method","pval"
"1","AMCE",0.196672158615917
"2","CRT",0.0448877805486284
