"","method","pval"
"1","AMCE",0.235007351183696
"2","CRT",0.374064837905237
