"","method","pval"
"1","AMCE",0.0207510160375637
"2","CRT",0.127182044887781
