"","method","pval"
"1","AMCE",0.319603687888013
"2","CRT",0.620947630922693
