"","method","pval"
"1","AMCE",0.538667280893869
"2","CRT",0.807980049875312
