"","method","pval"
"1","AMCE",0.00750248026487345
"2","CRT",0.0124688279301746
