"","method","pval"
"1","AMCE",0.965197974268521
"2","CRT",0.159600997506234
