"","method","pval"
"1","AMCE",0.202976612278356
"2","CRT",0.0124688279301746
