"","method","pval"
"1","AMCE",0.0190759799447879
"2","CRT",0.00498753117206983
