"","method","pval"
"1","AMCE",0.16058997157867
"2","CRT",0.0249376558603491
