"","method","pval"
"1","AMCE",0.0851994374129047
"2","CRT",0.00249376558603491
