"","method","pval"
"1","AMCE",0.389418353097214
"2","CRT",0.85286783042394
