"","method","pval"
"1","AMCE",0.201440865070769
"2","CRT",0.0922693266832918
