"","method","pval"
"1","AMCE",0.0175285444563061
"2","CRT",0.0149625935162095
