"","method","pval"
"1","AMCE",0.198324775968105
"2","CRT",0.194513715710723
