"","method","pval"
"1","AMCE",0.605618815957394
"2","CRT",0.027431421446384
