"","method","pval"
"1","AMCE",0.339453394376865
"2","CRT",0.00498753117206983
