"","method","pval"
"1","AMCE",0.00851998441694448
"2","CRT",0.00249376558603491
