"","method","pval"
"1","AMCE",0.0622485348602006
"2","CRT",0.413965087281795
