"","method","pval"
"1","AMCE",0.148171468193766
"2","CRT",0.27930174563591
