"","method","pval"
"1","AMCE",0.136259385107925
"2","CRT",0.00997506234413965
