"","method","pval"
"1","AMCE",0.0412670919041137
"2","CRT",0.0374064837905237
