"","method","pval"
"1","AMCE",0.0131344127336519
"2","CRT",0.122194513715711
