"","method","pval"
"1","AMCE",0.00803735930177892
"2","CRT",0.0324189526184539
