"","method","pval"
"1","AMCE",0.107917361926693
"2","CRT",0.00748129675810474
