"","method","pval"
"1","AMCE",0.0500071653957051
"2","CRT",0.0723192019950125
