"","method","pval"
"1","AMCE",0.0707109068843867
"2","CRT",0.43640897755611
