"","method","pval"
"1","AMCE",0.153849784880687
"2","CRT",0.0399002493765586
