"","method","pval"
"1","AMCE",0.259349431481497
"2","CRT",0.187032418952618
