"","method","pval"
"1","AMCE",0.0482111781178016
"2","CRT",0.0199501246882793
