"","method","pval"
"1","AMCE",0.0326404932408274
"2","CRT",0.0124688279301746
