"","method","pval"
"1","AMCE",0.014778196090038
"2","CRT",0.00997506234413965
