"","method","pval"
"1","AMCE",0.319768215634103
"2","CRT",0.0324189526184539
