"","method","pval"
"1","AMCE",0.0107020528745335
"2","CRT",0.0399002493765586
