"","method","pval"
"1","AMCE",0.0388687262641887
"2","CRT",0.638403990024938
