"","method","pval"
"1","AMCE",0.0105759098125592
"2","CRT",0.0698254364089776
