"","method","pval"
"1","AMCE",0.093463764875801
"2","CRT",0.00748129675810474
