"","method","pval"
"1","AMCE",0.0560291259839102
"2","CRT",0.00748129675810474
