"","method","pval"
"1","AMCE",0.0301692746903297
"2","CRT",0.00748129675810474
