"","method","pval"
"1","AMCE",0.0862115081955186
"2","CRT",0.0374064837905237
