"","method","pval"
"1","AMCE",0.0042268227671624
"2","CRT",0.0473815461346633
