"","method","pval"
"1","AMCE",0.141067980959487
"2","CRT",0.226932668329177
