"","method","pval"
"1","AMCE",0.00597117578250069
"2","CRT",0.00249376558603491
