"","method","pval"
"1","AMCE",0.573458318231624
"2","CRT",0.029925187032419
