"","method","pval"
"1","AMCE",0.0299046922964281
"2","CRT",0.0448877805486284
