"","method","pval"
"1","AMCE",0.00453613928262544
"2","CRT",0.00249376558603491
