"","method","pval"
"1","AMCE",0.0156507948792412
"2","CRT",0.0947630922693267
