"","method","pval"
"1","AMCE",0.000646808729997686
"2","CRT",0.00997506234413965
