"","method","pval"
"1","AMCE",0.184237320318038
"2","CRT",0.057356608478803
