"","method","pval"
"1","AMCE",0.306173448375408
"2","CRT",0.0349127182044888
