"","method","pval"
"1","AMCE",0.04711903845333
"2","CRT",0.0199501246882793
