"","method","pval"
"1","AMCE",0.570059875601993
"2","CRT",0.00498753117206983
