"","method","pval"
"1","AMCE",0.196766203481449
"2","CRT",0.00249376558603491
