"","method","pval"
"1","AMCE",0.0263587396727379
"2","CRT",0.107231920199501
