"","method","pval"
"1","AMCE",0.00619366511736903
"2","CRT",0.164588528678304
