"","method","pval"
"1","AMCE",0.00561976059846101
"2","CRT",0.0174563591022444
