"","method","pval"
"1","AMCE",0.560949734735217
"2","CRT",0.206982543640898
