"","method","pval"
"1","AMCE",0.284212114841192
"2","CRT",0.00748129675810474
