"","method","pval"
"1","AMCE",0.164628697826151
"2","CRT",0.0448877805486284
