"","method","pval"
"1","AMCE",0.131510733419213
"2","CRT",0.084788029925187
