"","method","pval"
"1","AMCE",0.213934193246664
"2","CRT",0.00498753117206983
