"","method","pval"
"1","AMCE",0.0180871831041477
"2","CRT",0.304239401496259
