"","method","pval"
"1","AMCE",0.00809729129303182
"2","CRT",0.638403990024938
