"","method","pval"
"1","AMCE",0.975310682964855
"2","CRT",0.0598503740648379
