"","method","pval"
"1","AMCE",0.418808688670778
"2","CRT",0.0199501246882793
