"","method","pval"
"1","AMCE",0.423451465306254
"2","CRT",0.134663341645885
