"","method","pval"
"1","AMCE",0.0400992426150705
"2","CRT",0.0498753117206983
