"","method","pval"
"1","AMCE",0.0233937371363621
"2","CRT",0.758104738154613
