"","method","pval"
"1","AMCE",0.98085942185622
"2","CRT",0.58354114713217
