"","method","pval"
"1","AMCE",0.532604728442467
"2","CRT",0.0224438902743142
