"","method","pval"
"1","AMCE",0.211182412581189
"2","CRT",0.00249376558603491
