"","method","pval"
"1","AMCE",0.0791529860031522
"2","CRT",0.0897755610972569
