"","method","pval"
"1","AMCE",0.00297858066261446
"2","CRT",0.0199501246882793
