"","method","pval"
"1","AMCE",0.02812670256175
"2","CRT",0.596009975062344
