"","method","pval"
"1","AMCE",0.00124530613623972
"2","CRT",0.00748129675810474
