"","method","pval"
"1","AMCE",0.12440213422297
"2","CRT",0.00498753117206983
