"","method","pval"
"1","AMCE",0.0998590247866797
"2","CRT",0.0423940149625935
