"","method","pval"
"1","AMCE",0.932527083465191
"2","CRT",0.0623441396508728
