"","method","pval"
"1","AMCE",0.0611047089881799
"2","CRT",0.396508728179551
