"","method","pval"
"1","AMCE",0.271552333386246
"2","CRT",0.800498753117207
