"","method","pval"
"1","AMCE",0.22006364718994
"2","CRT",0.00748129675810474
