"","method","pval"
"1","AMCE",0.836553212185793
"2","CRT",0.27930174563591
