"","method","pval"
"1","AMCE",0.074772925559477
"2","CRT",0.206982543640898
