"","method","pval"
"1","AMCE",0.0815027508278382
"2","CRT",0.084788029925187
