"","method","pval"
"1","AMCE",0.00698203752054448
"2","CRT",0.0897755610972569
