"","method","pval"
"1","AMCE",0.0300697114935987
"2","CRT",0.117206982543641
