"","method","pval"
"1","AMCE",0.20015788730388
"2","CRT",0.0399002493765586
