"","method","pval"
"1","AMCE",0.105629904105721
"2","CRT",0.0374064837905237
