"","method","pval"
"1","AMCE",0.00506588614171746
"2","CRT",0.187032418952618
