"","method","pval"
"1","AMCE",0.0247040594673144
"2","CRT",0.057356608478803
