"","method","pval"
"1","AMCE",0.188304248750204
"2","CRT",0.0448877805486284
