"","method","pval"
"1","AMCE",0.00528340710193684
"2","CRT",0.144638403990025
