"","method","pval"
"1","AMCE",0.0153235296987457
"2","CRT",0.356608478802993
