"","method","pval"
"1","AMCE",0.00552604422110335
"2","CRT",0.0124688279301746
