"","method","pval"
"1","AMCE",0.0002211093800573
"2","CRT",0.14713216957606
