"","method","pval"
"1","AMCE",0.0304630158194355
"2","CRT",0.0199501246882793
