"","method","pval"
"1","AMCE",0.00687648109287386
"2","CRT",0.381546134663342
