"","method","pval"
"1","AMCE",0.406016076576542
"2","CRT",0.708229426433915
