"","method","pval"
"1","AMCE",0.16686852220944
"2","CRT",0.0822942643391521
