"","method","pval"
"1","AMCE",0.232840207116244
"2","CRT",0.0648379052369077
