"","method","pval"
"1","AMCE",0.161615555204052
"2","CRT",0.0124688279301746
