"","method","pval"
"1","AMCE",0.017721846477106
"2","CRT",0.154613466334165
