"","method","pval"
"1","AMCE",0.859978705324066
"2","CRT",0.0249376558603491
