"","method","pval"
"1","AMCE",0.105914209489154
"2","CRT",0.533665835411471
