"","method","pval"
"1","AMCE",0.205787840031213
"2","CRT",0.0224438902743142
