"","method","pval"
"1","AMCE",0.278243182692103
"2","CRT",0.0199501246882793
