"","method","pval"
"1","AMCE",0.00194056749221843
"2","CRT",0.00249376558603491
