"","method","pval"
"1","AMCE",0.00843361474048107
"2","CRT",0.114713216957606
