"","method","pval"
"1","AMCE",0.108752765719773
"2","CRT",0.0324189526184539
