"","method","pval"
"1","AMCE",0.619316750109751
"2","CRT",0.0149625935162095
