"","method","pval"
"1","AMCE",0.0029600179728302
"2","CRT",0.251870324189526
