"","method","pval"
"1","AMCE",0.24068885504972
"2","CRT",0.00997506234413965
