"","method","pval"
"1","AMCE",0.0246905367880601
"2","CRT",0.0473815461346633
