"","method","pval"
"1","AMCE",0.0198572594200347
"2","CRT",0.109725685785536
