"","method","pval"
"1","AMCE",0.396955831637227
"2","CRT",0.0224438902743142
