"","method","pval"
"1","AMCE",0.378190100428817
"2","CRT",0.027431421446384
