"","method","pval"
"1","AMCE",0.086251199268251
"2","CRT",0.127182044887781
