"","method","pval"
"1","AMCE",0.00594645523123725
"2","CRT",0.0698254364089776
