"","method","pval"
"1","AMCE",0.636983097260349
"2","CRT",0.029925187032419
