"","method","pval"
"1","AMCE",0.05406060138124
"2","CRT",0.027431421446384
