"","method","pval"
"1","AMCE",0.12339531124452
"2","CRT",0.206982543640898
