"","method","pval"
"1","AMCE",0.285534157920347
"2","CRT",0.0174563591022444
