"","method","pval"
"1","AMCE",0.101966400753221
"2","CRT",0.0124688279301746
