"","method","pval"
"1","AMCE",0.0069411782571023
"2","CRT",0.0473815461346633
