"","method","pval"
"1","AMCE",0.00934821149931374
"2","CRT",0.0399002493765586
