"","method","pval"
"1","AMCE",0.179405765550611
"2","CRT",0.201995012468828
