"","method","pval"
"1","AMCE",0.258836018161223
"2","CRT",0.0872817955112219
