"","method","pval"
"1","AMCE",0.0165634012909027
"2","CRT",0.0623441396508728
