"","method","pval"
"1","AMCE",0.00829193753746865
"2","CRT",0.00249376558603491
