"","method","pval"
"1","AMCE",0.11630608101836
"2","CRT",0.00997506234413965
