"","method","pval"
"1","AMCE",0.0758123379911542
"2","CRT",0.194513715710723
