"","method","pval"
"1","AMCE",0.0130779208487717
"2","CRT",0.114713216957606
