"","method","pval"
"1","AMCE",0.46176026101375
"2","CRT",0.0598503740648379
