"","method","pval"
"1","AMCE",0.0369306920190911
"2","CRT",0.825436408977556
