"","method","pval"
"1","AMCE",0.0140148579909744
"2","CRT",0.084788029925187
