"","method","pval"
"1","AMCE",0.00549861604138412
"2","CRT",0.359102244389027
