"","method","pval"
"1","AMCE",0.00528775528684574
"2","CRT",0.201995012468828
