"","method","pval"
"1","AMCE",0.147940948924
"2","CRT",0.508728179551122
