"","method","pval"
"1","AMCE",0.14559154804105
"2","CRT",0.0698254364089776
