"","method","pval"
"1","AMCE",0.0079514175221239
"2","CRT",0.0473815461346633
