"","method","pval"
"1","AMCE",0.00725725286726358
"2","CRT",0.533665835411471
