"","method","pval"
"1","AMCE",0.00237963086193465
"2","CRT",0.0324189526184539
