"","method","pval"
"1","AMCE",0.194595984151737
"2","CRT",0.00997506234413965
