"","method","pval"
"1","AMCE",0.571425624488361
"2","CRT",0.27431421446384
