"","method","pval"
"1","AMCE",0.0163354636749165
"2","CRT",0.149625935162095
