"","method","pval"
"1","AMCE",0.530467866292238
"2","CRT",0.0473815461346633
