"","method","pval"
"1","AMCE",0.020643958717791
"2","CRT",0.236907730673317
