"","method","pval"
"1","AMCE",0.00114797915762275
"2","CRT",0.531172069825436
