"","method","pval"
"1","AMCE",0.0194428076362251
"2","CRT",0.0174563591022444
