"","method","pval"
"1","AMCE",0.127672588892282
"2","CRT",0.0199501246882793
