"","method","pval"
"1","AMCE",0.578744933343383
"2","CRT",0.481296758104738
