"","method","pval"
"1","AMCE",0.0137376698697213
"2","CRT",0.184538653366584
