"","method","pval"
"1","AMCE",0.268103505993396
"2","CRT",0.738154613466334
