"","method","pval"
"1","AMCE",0.572337884402922
"2","CRT",0.0822942643391521
