"","method","pval"
"1","AMCE",0.0651649645982022
"2","CRT",0.0174563591022444
