"","method","pval"
"1","AMCE",0.204143215660479
"2","CRT",0.00997506234413965
