"","method","pval"
"1","AMCE",0.309449436957968
"2","CRT",0.0698254364089776
