"","method","pval"
"1","AMCE",0.0278637715455161
"2","CRT",0.0324189526184539
