"","method","pval"
"1","AMCE",0.0409148369763007
"2","CRT",0.214463840399002
