"","method","pval"
"1","AMCE",0.0740434720487375
"2","CRT",0.0473815461346633
