"","method","pval"
"1","AMCE",0.0844416742295218
"2","CRT",0.174563591022444
