"","method","pval"
"1","AMCE",0.0398741873268204
"2","CRT",0.0224438902743142
