"","method","pval"
"1","AMCE",0.00591667808264895
"2","CRT",0.117206982543641
