"","method","pval"
"1","AMCE",0.0680747063206775
"2","CRT",0.219451371571072
