"","method","pval"
"1","AMCE",0.0551873646929401
"2","CRT",0.56359102244389
