"","method","pval"
"1","AMCE",0.0359517644884028
"2","CRT",0.326683291770574
