"","method","pval"
"1","AMCE",0.279184549663326
"2","CRT",0.00748129675810474
