"","method","pval"
"1","AMCE",0.518684865372638
"2","CRT",0.00249376558603491
