"","method","pval"
"1","AMCE",0.141134801629059
"2","CRT",0.102244389027431
