"","method","pval"
"1","AMCE",0.646197983614744
"2","CRT",0.0598503740648379
