"","method","pval"
"1","AMCE",0.178928185938415
"2","CRT",0.104738154613466
