"","method","pval"
"1","AMCE",0.0171859154175414
"2","CRT",0.00249376558603491
