"","method","pval"
"1","AMCE",0.0800791770742371
"2","CRT",0.536159600997506
