"","method","pval"
"1","AMCE",0.89719179868954
"2","CRT",0.00748129675810474
