"","method","pval"
"1","AMCE",0.164823652226922
"2","CRT",0.605985037406484
