"","method","pval"
"1","AMCE",0.0984697235053522
"2","CRT",0.00249376558603491
