"","method","pval"
"1","AMCE",0.684252264029776
"2","CRT",0.122194513715711
