"","method","pval"
"1","AMCE",0.0163236904843076
"2","CRT",0.0698254364089776
