"","method","pval"
"1","AMCE",0.333558797142095
"2","CRT",0.177057356608479
