"","method","pval"
"1","AMCE",0.278227480521353
"2","CRT",0.780548628428928
