"","method","pval"
"1","AMCE",0.0476448187213692
"2","CRT",0.1571072319202
