"","method","pval"
"1","AMCE",0.0026433479637154
"2","CRT",0.72069825436409
