"","method","pval"
"1","AMCE",0.0171369759777318
"2","CRT",0.281795511221945
