"","method","pval"
"1","AMCE",1.25916412641625e-05
"2","CRT",0.00498753117206983
