"","method","pval"
"1","AMCE",0.215235442665173
"2","CRT",0.0374064837905237
