"","method","pval"
"1","AMCE",0.320074501425431
"2","CRT",0.00249376558603491
