"","method","pval"
"1","AMCE",0.830143788211385
"2","CRT",0.503740648379052
