"","method","pval"
"1","AMCE",0.488720002228346
"2","CRT",0.0224438902743142
