"","method","pval"
"1","AMCE",0.409182550003795
"2","CRT",0.0498753117206983
