"","method","pval"
"1","AMCE",0.232055922580828
"2","CRT",0.0124688279301746
