"","method","pval"
"1","AMCE",0.0883060421681127
"2","CRT",0.0249376558603491
