"","method","pval"
"1","AMCE",0.00223711569949593
"2","CRT",0.648379052369077
