"","method","pval"
"1","AMCE",0.582606169976193
"2","CRT",0.628428927680798
