"","method","pval"
"1","AMCE",0.0127172042187695
"2","CRT",0.0199501246882793
