"","method","pval"
"1","AMCE",0.469108232582894
"2","CRT",0.633416458852868
