"","method","pval"
"1","AMCE",0.134041584471693
"2","CRT",0.00498753117206983
