"","method","pval"
"1","AMCE",0.570079160657105
"2","CRT",0.00249376558603491
