"","method","pval"
"1","AMCE",0.452509236049194
"2","CRT",0.00498753117206983
