"","method","pval"
"1","AMCE",0.52187725422034
"2","CRT",0.0199501246882793
