"","method","pval"
"1","AMCE",0.260784937366823
"2","CRT",0.00498753117206983
