"","method","pval"
"1","AMCE",0.396556816663029
"2","CRT",0.880299251870324
