"","method","pval"
"1","AMCE",0.568243738390703
"2","CRT",0.00249376558603491
