"","method","pval"
"1","AMCE",0.828664735851265
"2","CRT",0.0199501246882793
