"","method","pval"
"1","AMCE",0.170915946130883
"2","CRT",0.122194513715711
