"","method","pval"
"1","AMCE",0.038866816795347
"2","CRT",0.219451371571072
