"","method","pval"
"1","AMCE",0.00759522689057262
"2","CRT",0.0997506234413965
