"","method","pval"
"1","AMCE",0.0798615594705803
"2","CRT",0.0399002493765586
