"","method","pval"
"1","AMCE",0.225501447647782
"2","CRT",0.356608478802993
