"","method","pval"
"1","AMCE",0.0137806946104519
"2","CRT",0.708229426433915
