"","method","pval"
"1","AMCE",0.0246633924203582
"2","CRT",0.0249376558603491
