"","method","pval"
"1","AMCE",0.539143878893596
"2","CRT",0.254364089775561
