"","method","pval"
"1","AMCE",0.0011152893179221
"2","CRT",0.690773067331671
