"","method","pval"
"1","AMCE",0.0697314217859678
"2","CRT",0.00249376558603491
