"","method","pval"
"1","AMCE",0.12511162769934
"2","CRT",0.0224438902743142
