"","method","pval"
"1","AMCE",0.164695396264651
"2","CRT",0.0448877805486284
