"","method","pval"
"1","AMCE",0.0113831127400983
"2","CRT",0.027431421446384
