"","method","pval"
"1","AMCE",0.0941592088876086
"2","CRT",0.553615960099751
