"","method","pval"
"1","AMCE",0.587396814037581
"2","CRT",0.992518703241895
