"","method","pval"
"1","AMCE",0.0608825396334121
"2","CRT",0.493765586034913
