"","method","pval"
"1","AMCE",0.0199971251786609
"2","CRT",0.0124688279301746
