"","method","pval"
"1","AMCE",0.287126028758389
"2","CRT",0.0922693266832918
