"","method","pval"
"1","AMCE",0.255577037487412
"2","CRT",0.00249376558603491
