"","method","pval"
"1","AMCE",0.0121761187054527
"2","CRT",0.379052369077307
