"","method","pval"
"1","AMCE",0.033471563976295
"2","CRT",0.00997506234413965
