"","method","pval"
"1","AMCE",0.0020486442045092
"2","CRT",0.0224438902743142
