"","method","pval"
"1","AMCE",0.0125073548494317
"2","CRT",0.00997506234413965
