"","method","pval"
"1","AMCE",0.0141666391113727
"2","CRT",0.00748129675810474
