"","method","pval"
"1","AMCE",0.359475172677951
"2","CRT",0.00748129675810474
