"","method","pval"
"1","AMCE",0.0984700228248634
"2","CRT",0.640897755610973
