"","method","pval"
"1","AMCE",0.079137583440091
"2","CRT",0.28927680798005
