"","method","pval"
"1","AMCE",0.205000352217604
"2","CRT",0.0174563591022444
