"","method","pval"
"1","AMCE",0.00148959988787174
"2","CRT",0.311720698254364
