"","method","pval"
"1","AMCE",0.0105301480407286
"2","CRT",0.0698254364089776
