"","method","pval"
"1","AMCE",0.000274143006094268
"2","CRT",0.0249376558603491
