"","method","pval"
"1","AMCE",0.264040758665599
"2","CRT",0.0872817955112219
