"","method","pval"
"1","AMCE",0.000106648911395751
"2","CRT",0.511221945137157
