"","method","pval"
"1","AMCE",0.258810149997957
"2","CRT",0.0124688279301746
