"","method","pval"
"1","AMCE",0.051335093665754
"2","CRT",0.00249376558603491
