"","method","pval"
"1","AMCE",0.1058564874548
"2","CRT",0.0174563591022444
