"","method","pval"
"1","AMCE",0.994196989436561
"2","CRT",0.458852867830424
