"","method","pval"
"1","AMCE",0.188959043947199
"2","CRT",0.0972568578553616
