"","method","pval"
"1","AMCE",0.256047608160947
"2","CRT",0.0448877805486284
