"","method","pval"
"1","AMCE",0.456968928810073
"2","CRT",0.119700748129676
