"","method","pval"
"1","AMCE",0.020253835127059
"2","CRT",0.00748129675810474
