"","method","pval"
"1","AMCE",0.0367768678670568
"2","CRT",0.0374064837905237
