"","method","pval"
"1","AMCE",0.0497079190186314
"2","CRT",0.0822942643391521
