"","method","pval"
"1","AMCE",0.388929798667735
"2","CRT",0.448877805486284
