"","method","pval"
"1","AMCE",0.000251743941344214
"2","CRT",0.0448877805486284
