"","method","pval"
"1","AMCE",0.28545695683531
"2","CRT",0.0149625935162095
