"","method","pval"
"1","AMCE",0.0083341925956164
"2","CRT",0.0423940149625935
