"","method","pval"
"1","AMCE",0.469332269180189
"2","CRT",0.408977556109726
