"","method","pval"
"1","AMCE",0.0209726104365259
"2","CRT",0.169576059850374
