"","method","pval"
"1","AMCE",0.02426965477599
"2","CRT",0.0124688279301746
