"","method","pval"
"1","AMCE",0.605629714514663
"2","CRT",0.341645885286783
