"","method","pval"
"1","AMCE",0.00930002072735274
"2","CRT",0.0723192019950125
