"","method","pval"
"1","AMCE",0.0187724625515639
"2","CRT",0.169576059850374
