"","method","pval"
"1","AMCE",0.0125118363828932
"2","CRT",0.0124688279301746
