"","method","pval"
"1","AMCE",0.0187798009154012
"2","CRT",0.00748129675810474
