"","method","pval"
"1","AMCE",0.0517475403502632
"2","CRT",0.0324189526184539
