"","method","pval"
"1","AMCE",0.00103837437398863
"2","CRT",0.346633416458853
