"","method","pval"
"1","AMCE",0.10097970941473
"2","CRT",0.0124688279301746
