"","method","pval"
"1","AMCE",0.0278072554559144
"2","CRT",0.00748129675810474
