"","method","pval"
"1","AMCE",0.00577935237256383
"2","CRT",0.0399002493765586
