"","method","pval"
"1","AMCE",0.00619544662845425
"2","CRT",0.962593516209476
