"","method","pval"
"1","AMCE",0.0068236966675516
"2","CRT",0.0174563591022444
