"","method","pval"
"1","AMCE",0.0259623008046944
"2","CRT",0.399002493765586
