"","method","pval"
"1","AMCE",0.00325258773007594
"2","CRT",0.0174563591022444
