"","method","pval"
"1","AMCE",0.00910670362341259
"2","CRT",0.187032418952618
