"","method","pval"
"1","AMCE",0.580047759643265
"2","CRT",0.00498753117206983
