"","method","pval"
"1","AMCE",0.298571418025184
"2","CRT",0.0698254364089776
