"","method","pval"
"1","AMCE",0.284111440254129
"2","CRT",0.177057356608479
