"","method","pval"
"1","AMCE",0.0560539783555379
"2","CRT",0.276807980049875
