"","method","pval"
"1","AMCE",0.0175443201701301
"2","CRT",0.27930174563591
