"","method","pval"
"1","AMCE",0.00780790691259594
"2","CRT",0.915211970074813
