"","method","pval"
"1","AMCE",0.00387986961602225
"2","CRT",0.0673316708229426
