"","method","pval"
"1","AMCE",0.581645428770015
"2","CRT",0.00249376558603491
