"","method","pval"
"1","AMCE",0.501976419285782
"2","CRT",0.0748129675810474
