"","method","pval"
"1","AMCE",0.0107221667686774
"2","CRT",0.00498753117206983
