"","method","pval"
"1","AMCE",0.0065339036555579
"2","CRT",0.276807980049875
