"","method","pval"
"1","AMCE",0.0718481781824886
"2","CRT",0.0374064837905237
