"","method","pval"
"1","AMCE",0.00571797067948217
"2","CRT",0.43142144638404
