"","method","pval"
"1","AMCE",0.737175853917333
"2","CRT",0.209476309226933
