"","method","pval"
"1","AMCE",0.00346360044508879
"2","CRT",0.0199501246882793
