"","method","pval"
"1","AMCE",0.313316608098161
"2","CRT",0.468827930174564
