"","method","pval"
"1","AMCE",0.131243113064577
"2","CRT",0.159600997506234
