"","method","pval"
"1","AMCE",0.496163218502833
"2","CRT",0.0723192019950125
