"","method","pval"
"1","AMCE",0.032422293660313
"2","CRT",0.0822942643391521
