"","method","pval"
"1","AMCE",0.313701882806884
"2","CRT",0.084788029925187
