"","method","pval"
"1","AMCE",0.144434792899771
"2","CRT",0.00249376558603491
