"","method","pval"
"1","AMCE",0.756729912587193
"2","CRT",0.633416458852868
