"","method","pval"
"1","AMCE",0.784243347486972
"2","CRT",0.0199501246882793
