"","method","pval"
"1","AMCE",0.0263840316451259
"2","CRT",0.00748129675810474
