"","method","pval"
"1","AMCE",0.07077998426122
"2","CRT",0.114713216957606
