"","method","pval"
"1","AMCE",6.23000883178486e-05
"2","CRT",0.00997506234413965
