"","method","pval"
"1","AMCE",0.0140219272009172
"2","CRT",0.0124688279301746
