"","method","pval"
"1","AMCE",0.435481122981969
"2","CRT",0.0349127182044888
