"","method","pval"
"1","AMCE",0.74915258445807
"2","CRT",0.236907730673317
