"","method","pval"
"1","AMCE",0.00673637677592167
"2","CRT",0.00997506234413965
