"","method","pval"
"1","AMCE",0.00957689397890733
"2","CRT",0.301745635910224
