"","method","pval"
"1","AMCE",0.0757943579795668
"2","CRT",0.00249376558603491
