"","method","pval"
"1","AMCE",0.719009409519042
"2","CRT",0.0199501246882793
