"","method","pval"
"1","AMCE",0.502025092634824
"2","CRT",0.0798004987531172
