"","method","pval"
"1","AMCE",0.00313258038260652
"2","CRT",0.00249376558603491
