"","method","pval"
"1","AMCE",0.0414271112830919
"2","CRT",0.117206982543641
