"","method","pval"
"1","AMCE",0.479511297987363
"2","CRT",0.0673316708229426
