"","method","pval"
"1","AMCE",0.013169768678451
"2","CRT",0.00997506234413965
