"","method","pval"
"1","AMCE",0.0146868986294098
"2","CRT",0.351620947630923
