"","method","pval"
"1","AMCE",0.115285725288578
"2","CRT",0.296758104738155
