"","method","pval"
"1","AMCE",0.00675781707626006
"2","CRT",0.0199501246882793
