"","method","pval"
"1","AMCE",0.779925374222355
"2","CRT",0.0174563591022444
