"","method","pval"
"1","AMCE",0.61897463906328
"2","CRT",0.0149625935162095
