"","method","pval"
"1","AMCE",0.00121538365265473
"2","CRT",0.0124688279301746
