"","method","pval"
"1","AMCE",0.408316751644801
"2","CRT",0.877805486284289
