"","method","pval"
"1","AMCE",0.59138894241355
"2","CRT",0.00249376558603491
