"","method","pval"
"1","AMCE",0.00109114305647445
"2","CRT",0.027431421446384
