"","method","pval"
"1","AMCE",0.10717133686196
"2","CRT",0.394014962593516
