"","method","pval"
"1","AMCE",0.00965165888948516
"2","CRT",0.00249376558603491
