"","method","pval"
"1","AMCE",1.25553696989968e-05
"2","CRT",0.00748129675810474
