"","method","pval"
"1","AMCE",0.602132608501532
"2","CRT",0.134663341645885
