"","method","pval"
"1","AMCE",0.0558875087937159
"2","CRT",0.0124688279301746
