"","method","pval"
"1","AMCE",0.570074275353771
"2","CRT",0.0224438902743142
