"","method","pval"
"1","AMCE",0.0246727877763488
"2","CRT",0.0174563591022444
