"","method","pval"
"1","AMCE",0.79625713533249
"2","CRT",0.00498753117206983
