"","method","pval"
"1","AMCE",0.0180263340023723
"2","CRT",0.0224438902743142
