"","method","pval"
"1","AMCE",0.426376286137467
"2","CRT",0.628428927680798
