"","method","pval"
"1","AMCE",0.202633382015222
"2","CRT",0.518703241895262
