"","method","pval"
"1","AMCE",0.00905952358799455
"2","CRT",0.0174563591022444
