"","method","pval"
"1","AMCE",0.102725746149615
"2","CRT",0.00748129675810474
