"","method","pval"
"1","AMCE",0.145196835590277
"2","CRT",0.0124688279301746
