"","method","pval"
"1","AMCE",0.774520428422427
"2","CRT",0.0199501246882793
