"","method","pval"
"1","AMCE",0.00701151355780208
"2","CRT",0.184538653366584
