"","method","pval"
"1","AMCE",0.301777862493166
"2","CRT",0.0124688279301746
