"","method","pval"
"1","AMCE",0.0113899345741924
"2","CRT",0.00498753117206983
