"","method","pval"
"1","AMCE",0.73716066568894
"2","CRT",0.14713216957606
