"","method","pval"
"1","AMCE",0.00507401059184794
"2","CRT",0.0349127182044888
