"","method","pval"
"1","AMCE",0.91606481427033
"2","CRT",0.00748129675810474
