"","method","pval"
"1","AMCE",0.159800374303672
"2","CRT",0.0324189526184539
