"","method","pval"
"1","AMCE",0.163204277144148
"2","CRT",0.00498753117206983
