"","method","pval"
"1","AMCE",0.0404051254268674
"2","CRT",0.551122194513716
