"","method","pval"
"1","AMCE",0.0072755157272906
"2","CRT",0.0149625935162095
