"","method","pval"
"1","AMCE",0.642837654868301
"2","CRT",0.536159600997506
