"","method","pval"
"1","AMCE",0.31402618327831
"2","CRT",0.144638403990025
