"","method","pval"
"1","AMCE",0.671074984373499
"2","CRT",0.00748129675810474
