"","method","pval"
"1","AMCE",0.0497353285235188
"2","CRT",0.211970074812968
