"","method","pval"
"1","AMCE",0.154903409430552
"2","CRT",0.0897755610972569
