"","method","pval"
"1","AMCE",0.23920606454738
"2","CRT",0.27930174563591
