"","method","pval"
"1","AMCE",0.399966836806137
"2","CRT",0.224438902743142
