"","method","pval"
"1","AMCE",0.307574888158464
"2","CRT",0.463840399002494
