"","method","pval"
"1","AMCE",0.305301400537769
"2","CRT",0.0224438902743142
