"","method","pval"
"1","AMCE",0.0565763758955449
"2","CRT",0.401496259351621
