"","method","pval"
"1","AMCE",0.518676502328668
"2","CRT",0.0623441396508728
