"","method","pval"
"1","AMCE",0.475487999471946
"2","CRT",0.162094763092269
