"","method","pval"
"1","AMCE",0.00854128495385058
"2","CRT",0.029925187032419
