"","method","pval"
"1","AMCE",0.795580288265767
"2","CRT",0.0174563591022444
