"","method","pval"
"1","AMCE",0.00981398397602192
"2","CRT",0.608478802992519
