"","method","pval"
"1","AMCE",0.143070710790116
"2","CRT",0.0324189526184539
