"","method","pval"
"1","AMCE",0.00844243314456194
"2","CRT",0.286783042394015
