"","method","pval"
"1","AMCE",0.0153345097058784
"2","CRT",0.239401496259352
