"","method","pval"
"1","AMCE",0.00162862873373064
"2","CRT",0.14713216957606
