"","method","pval"
"1","AMCE",0.476484935881622
"2","CRT",0.0997506234413965
