"","method","pval"
"1","AMCE",0.11394653430503
"2","CRT",0.0124688279301746
