"","method","pval"
"1","AMCE",0.185999983069476
"2","CRT",0.00997506234413965
