"","method","pval"
"1","AMCE",0.0179689487168673
"2","CRT",0.0773067331670823
