"","method","pval"
"1","AMCE",0.438482550091475
"2","CRT",0.00997506234413965
