"","method","pval"
"1","AMCE",0.679574182733581
"2","CRT",0.0548628428927681
