"","method","pval"
"1","AMCE",0.685278685825887
"2","CRT",0.199501246882793
