"","method","pval"
"1","AMCE",0.535437623100208
"2","CRT",0.349127182044888
