"","method","pval"
"1","AMCE",0.0102517899822368
"2","CRT",0.44139650872818
