"","method","pval"
"1","AMCE",0.0364573847391339
"2","CRT",0.00498753117206983
