"","method","pval"
"1","AMCE",0.164656935663163
"2","CRT",0.0199501246882793
