"","method","pval"
"1","AMCE",0.0725260610819386
"2","CRT",0.396508728179551
