"","method","pval"
"1","AMCE",0.0473587409308033
"2","CRT",0.765586034912718
