"","method","pval"
"1","AMCE",0.758458968754809
"2","CRT",0.00997506234413965
