"","method","pval"
"1","AMCE",0.289852257971739
"2","CRT",0.0224438902743142
