"","method","pval"
"1","AMCE",0.109538362363586
"2","CRT",0.428927680798005
