"","method","pval"
"1","AMCE",0.0184681243632081
"2","CRT",0.351620947630923
