"","method","pval"
"1","AMCE",0.0214864960715241
"2","CRT",0.56359102244389
