"","method","pval"
"1","AMCE",0.0277847143161499
"2","CRT",0.0399002493765586
