"","method","pval"
"1","AMCE",0.0050847290938589
"2","CRT",0.0249376558603491
