"","method","pval"
"1","AMCE",0.0197722660888754
"2","CRT",0.00249376558603491
