"","method","pval"
"1","AMCE",0.161515908454513
"2","CRT",0.197007481296758
