"","method","pval"
"1","AMCE",0.00948428193125429
"2","CRT",0.0124688279301746
