"","method","pval"
"1","AMCE",0.0737791666319578
"2","CRT",0.0748129675810474
