"","method","pval"
"1","AMCE",0.496178734739191
"2","CRT",0.266832917705736
