"","method","pval"
"1","AMCE",0.601851692627171
"2","CRT",0.0199501246882793
