"","method","pval"
"1","AMCE",0.0066975845728108
"2","CRT",0.281795511221945
