"","method","pval"
"1","AMCE",0.0705198064923721
"2","CRT",0.0548628428927681
