"","method","pval"
"1","AMCE",0.430101419372311
"2","CRT",0.0199501246882793
