"","method","pval"
"1","AMCE",0.00228961071457049
"2","CRT",0.0249376558603491
