"","method","pval"
"1","AMCE",0.0480558623364195
"2","CRT",0.00498753117206983
