"","method","pval"
"1","AMCE",0.0130780939211987
"2","CRT",0.134663341645885
