"","method","pval"
"1","AMCE",0.011334534295158
"2","CRT",0.219451371571072
