"","method","pval"
"1","AMCE",0.155236203139566
"2","CRT",0.541147132169576
