"","method","pval"
"1","AMCE",0.513919510801905
"2","CRT",0.00997506234413965
