"","method","pval"
"1","AMCE",0.0149881558287143
"2","CRT",0.0922693266832918
