"","method","pval"
"1","AMCE",0.662810953587551
"2","CRT",0.271820448877805
