"","method","pval"
"1","AMCE",0.173354096715344
"2","CRT",0.0199501246882793
