"","method","pval"
"1","AMCE",0.00273594345442365
"2","CRT",0.102244389027431
