"","method","pval"
"1","AMCE",0.0611619883382651
"2","CRT",0.0748129675810474
