"","method","pval"
"1","AMCE",0.507880201071464
"2","CRT",0.224438902743142
