"","method","pval"
"1","AMCE",0.326566252239344
"2","CRT",0.15211970074813
