"","method","pval"
"1","AMCE",0.536179696903339
"2","CRT",0.122194513715711
