"","method","pval"
"1","AMCE",0.873574316901129
"2","CRT",0.102244389027431
