"","method","pval"
"1","AMCE",0.0097832613787468
"2","CRT",0.169576059850374
