"","method","pval"
"1","AMCE",0.0297021525009681
"2","CRT",0.00748129675810474
