"","method","pval"
"1","AMCE",0.0329363818766127
"2","CRT",0.027431421446384
