"","method","pval"
"1","AMCE",0.896234478765952
"2","CRT",0.00748129675810474
