"","method","pval"
"1","AMCE",0.339482376665596
"2","CRT",0.27930174563591
