"","method","pval"
"1","AMCE",0.000472584131191725
"2","CRT",0.0922693266832918
