"","method","pval"
"1","AMCE",0.00671604284755349
"2","CRT",0.00997506234413965
