"","method","pval"
"1","AMCE",0.483183829462523
"2","CRT",0.379052369077307
