"","method","pval"
"1","AMCE",0.972048682609099
"2","CRT",0.0698254364089776
