"","method","pval"
"1","AMCE",0.685919558418655
"2","CRT",0.0324189526184539
