"","method","pval"
"1","AMCE",0.143931490844605
"2","CRT",0.224438902743142
