"","method","pval"
"1","AMCE",0.115730266998387
"2","CRT",0.00249376558603491
