"","method","pval"
"1","AMCE",0.0771773923852953
"2","CRT",0.00498753117206983
