"","method","pval"
"1","AMCE",0.0105610550300777
"2","CRT",0.0748129675810474
