"","method","pval"
"1","AMCE",0.0521922087459009
"2","CRT",0.0124688279301746
