"","method","pval"
"1","AMCE",0.124334062966644
"2","CRT",0.0523690773067332
