"","method","pval"
"1","AMCE",0.0447184612976204
"2","CRT",0.503740648379052
