"","method","pval"
"1","AMCE",0.297649955267957
"2","CRT",0.319201995012469
