"","method","pval"
"1","AMCE",0.0163588638789348
"2","CRT",0.0773067331670823
