"","method","pval"
"1","AMCE",0.482439246233057
"2","CRT",0.00249376558603491
