"","method","pval"
"1","AMCE",0.179432065628024
"2","CRT",0.773067331670823
