"","method","pval"
"1","AMCE",0.25076448754954
"2","CRT",0.586034912718205
