"","method","pval"
"1","AMCE",0.835469178290601
"2","CRT",0.0448877805486284
