"","method","pval"
"1","AMCE",0.0273330541511368
"2","CRT",0.0199501246882793
