"","method","pval"
"1","AMCE",0.514791552803678
"2","CRT",0.0224438902743142
