"","method","pval"
"1","AMCE",0.539534526652328
"2","CRT",0.209476309226933
