"","method","pval"
"1","AMCE",0.0941001885106159
"2","CRT",0.177057356608479
