"","method","pval"
"1","AMCE",0.00713120503916223
"2","CRT",0.0224438902743142
