"","method","pval"
"1","AMCE",0.00217931109108533
"2","CRT",0.391521197007481
