"","method","pval"
"1","AMCE",0.329200291286639
"2","CRT",0.321695760598504
