"","method","pval"
"1","AMCE",0.0473291678603887
"2","CRT",0.0773067331670823
