"","method","pval"
"1","AMCE",0.817550204367529
"2","CRT",0.029925187032419
