"","method","pval"
"1","AMCE",0.198113869245002
"2","CRT",0.00498753117206983
