"","method","pval"
"1","AMCE",0.00201908294986136
"2","CRT",0.027431421446384
