"","method","pval"
"1","AMCE",0.301721987809258
"2","CRT",0.56857855361596
