"","method","pval"
"1","AMCE",0.09803294487407
"2","CRT",0.027431421446384
