"","method","pval"
"1","AMCE",0.958822975557646
"2","CRT",0.0623441396508728
