"","method","pval"
"1","AMCE",0.000649525935952534
"2","CRT",0.0648379052369077
