"","method","pval"
"1","AMCE",0.866722943897601
"2","CRT",0.00498753117206983
