"","method","pval"
"1","AMCE",0.366237968795653
"2","CRT",0.733167082294264
