"","method","pval"
"1","AMCE",0.679579226490208
"2","CRT",0.00498753117206983
