"","method","pval"
"1","AMCE",0.657146182703408
"2","CRT",0.00249376558603491
