"","method","pval"
"1","AMCE",0.0100649624947456
"2","CRT",0.0897755610972569
