"","method","pval"
"1","AMCE",0.0751061360264909
"2","CRT",0.00498753117206983
