"","method","pval"
"1","AMCE",0.0764873945299098
"2","CRT",0.0448877805486284
