"","method","pval"
"1","AMCE",0.0671598198919439
"2","CRT",0.00498753117206983
