"","method","pval"
"1","AMCE",0.0455007843804534
"2","CRT",0.177057356608479
