"","method","pval"
"1","AMCE",0.00607209298429096
"2","CRT",0.00249376558603491
