"","method","pval"
"1","AMCE",0.0102474371544417
"2","CRT",0.00997506234413965
