"","method","pval"
"1","AMCE",0.070842785826117
"2","CRT",0.0224438902743142
