"","method","pval"
"1","AMCE",0.0320214419400948
"2","CRT",0.00249376558603491
