"","method","pval"
"1","AMCE",0.0519599979044445
"2","CRT",0.0523690773067332
