"","method","pval"
"1","AMCE",0.0381430598218813
"2","CRT",0.119700748129676
