"","method","pval"
"1","AMCE",0.574530581375914
"2","CRT",0.0149625935162095
