"","method","pval"
"1","AMCE",0.0103274838529523
"2","CRT",0.00498753117206983
