"","method","pval"
"1","AMCE",0.512576711016591
"2","CRT",0.603491271820449
