"","method","pval"
"1","AMCE",0.656630106461801
"2","CRT",0.109725685785536
