"","method","pval"
"1","AMCE",0.0344410315761674
"2","CRT",0.00498753117206983
