"","method","pval"
"1","AMCE",0.678028944262708
"2","CRT",0.00997506234413965
