"","method","pval"
"1","AMCE",0.226645569404631
"2","CRT",0.0174563591022444
