"","method","pval"
"1","AMCE",0.0382398869169717
"2","CRT",0.982543640897756
