"","method","pval"
"1","AMCE",0.001291112106713
"2","CRT",0.598503740648379
