"","method","pval"
"1","AMCE",0.001882356608351
"2","CRT",0.0623441396508728
