"","method","pval"
"1","AMCE",0.00683899719359482
"2","CRT",0.13715710723192
