"","method","pval"
"1","AMCE",0.0062970862914624
"2","CRT",0.00748129675810474
