"","method","pval"
"1","AMCE",0.173102366904694
"2","CRT",0.403990024937656
