"","method","pval"
"1","AMCE",0.109429730618918
"2","CRT",0.231920199501247
