"","method","pval"
"1","AMCE",0.580132265422392
"2","CRT",0.27930174563591
