"","method","pval"
"1","AMCE",0.0883821136388283
"2","CRT",0.00249376558603491
