"","method","pval"
"1","AMCE",0.0822419390278752
"2","CRT",0.00249376558603491
