"","method","pval"
"1","AMCE",0.179448405525718
"2","CRT",0.00997506234413965
