"","method","pval"
"1","AMCE",0.0113178006346022
"2","CRT",0.209476309226933
