"","method","pval"
"1","AMCE",0.00827821914526397
"2","CRT",0.0124688279301746
