"","method","pval"
"1","AMCE",0.868527708915196
"2","CRT",0.927680798004987
