"","method","pval"
"1","AMCE",0.0343474015943233
"2","CRT",0.00498753117206983
