"","method","pval"
"1","AMCE",0.00290208630548142
"2","CRT",0.209476309226933
