"","method","pval"
"1","AMCE",0.0101662842074877
"2","CRT",0.690773067331671
