"","method","pval"
"1","AMCE",0.435208788335015
"2","CRT",0.0548628428927681
