"","method","pval"
"1","AMCE",0.000337500966326238
"2","CRT",0.0498753117206983
