"","method","pval"
"1","AMCE",0.0230528243510764
"2","CRT",0.0748129675810474
