"","method","pval"
"1","AMCE",0.0163483152000273
"2","CRT",0.117206982543641
