"","method","pval"
"1","AMCE",0.0712044408132885
"2","CRT",0.00498753117206983
