"","method","pval"
"1","AMCE",0.00699867002779543
"2","CRT",0.591022443890274
