"","method","pval"
"1","AMCE",0.185773474199468
"2","CRT",0.0199501246882793
