"","method","pval"
"1","AMCE",0.0117490616498797
"2","CRT",0.0199501246882793
