"","method","pval"
"1","AMCE",0.163204277144144
"2","CRT",0.43142144638404
