"","method","pval"
"1","AMCE",0.331405055967066
"2","CRT",0.0473815461346633
