"","method","pval"
"1","AMCE",0.00196594184286392
"2","CRT",0.0822942643391521
