"","method","pval"
"1","AMCE",0.333970218108941
"2","CRT",0.00249376558603491
