"","method","pval"
"1","AMCE",0.0237239880353248
"2","CRT",0.027431421446384
