"","method","pval"
"1","AMCE",0.0125092208775079
"2","CRT",0.0947630922693267
