"","method","pval"
"1","AMCE",0.0365706731482046
"2","CRT",0.551122194513716
