"","method","pval"
"1","AMCE",0.0733601750028618
"2","CRT",0.0349127182044888
