"","method","pval"
"1","AMCE",0.00814186997154692
"2","CRT",0.00498753117206983
