"","method","pval"
"1","AMCE",0.00445743841442973
"2","CRT",0.00748129675810474
