"","method","pval"
"1","AMCE",0.238999081000943
"2","CRT",0.00997506234413965
