"","method","pval"
"1","AMCE",0.836357369386077
"2","CRT",0.144638403990025
