"","method","pval"
"1","AMCE",0.0652215928445937
"2","CRT",0.0199501246882793
