"","method","pval"
"1","AMCE",0.0774312051573015
"2","CRT",0.0374064837905237
