"","method","pval"
"1","AMCE",0.0564548480840122
"2","CRT",0.206982543640898
