"","method","pval"
"1","AMCE",0.0034936458621857
"2","CRT",0.0149625935162095
