"","method","pval"
"1","AMCE",0.0257667056397263
"2","CRT",0.00997506234413965
