"","method","pval"
"1","AMCE",0.0545035823767521
"2","CRT",0.0648379052369077
