"","method","pval"
"1","AMCE",0.00656441409509536
"2","CRT",0.0822942643391521
