"","method","pval"
"1","AMCE",0.488192598352165
"2","CRT",0.29925187032419
