"","method","pval"
"1","AMCE",0.00717735150250049
"2","CRT",0.00498753117206983
