"","method","pval"
"1","AMCE",0.648552617251245
"2","CRT",0.00997506234413965
