"","method","pval"
"1","AMCE",0.194671133849048
"2","CRT",0.109725685785536
