"","method","pval"
"1","AMCE",0.0147985931620155
"2","CRT",0.027431421446384
