"","method","pval"
"1","AMCE",0.0268267870011914
"2","CRT",0.231920199501247
