"","method","pval"
"1","AMCE",0.00241430578288459
"2","CRT",0.00997506234413965
