"","method","pval"
"1","AMCE",0.150859131743181
"2","CRT",0.374064837905237
