"","method","pval"
"1","AMCE",0.11857637399934
"2","CRT",0.00997506234413965
