"","method","pval"
"1","AMCE",0.0727910945779536
"2","CRT",0.0448877805486284
