"","method","pval"
"1","AMCE",0.296547945857096
"2","CRT",0.296758104738155
