"","method","pval"
"1","AMCE",0.137916890028335
"2","CRT",0.403990024937656
