"","method","pval"
"1","AMCE",0.255998204629808
"2","CRT",0.628428927680798
