"","method","pval"
"1","AMCE",0.821007011936511
"2","CRT",0.633416458852868
