"","method","pval"
"1","AMCE",0.0117085929075973
"2","CRT",0.650872817955112
