"","method","pval"
"1","AMCE",0.0855690072065512
"2","CRT",0.0897755610972569
