"","method","pval"
"1","AMCE",0.428143833325706
"2","CRT",0.0224438902743142
