"","method","pval"
"1","AMCE",0.146655665919794
"2","CRT",0.29426433915212
