"","method","pval"
"1","AMCE",0.00241572728445093
"2","CRT",0.0149625935162095
