"","method","pval"
"1","AMCE",0.0108575534906881
"2","CRT",0.00997506234413965
