"","method","pval"
"1","AMCE",0.562109146780236
"2","CRT",0.0124688279301746
