"","method","pval"
"1","AMCE",0.0413731625976362
"2","CRT",0.28927680798005
