"","method","pval"
"1","AMCE",0.134357753217708
"2","CRT",0.72568578553616
