"","method","pval"
"1","AMCE",0.0160669279128594
"2","CRT",0.0349127182044888
