"","method","pval"
"1","AMCE",0.0131655344614227
"2","CRT",0.0498753117206983
