"","method","pval"
"1","AMCE",0.0931834238104062
"2","CRT",0.0822942643391521
