"","method","pval"
"1","AMCE",0.960113823069046
"2","CRT",0.00748129675810474
