"","method","pval"
"1","AMCE",0.018576276007214
"2","CRT",0.0374064837905237
