"","method","pval"
"1","AMCE",0.229342907477539
"2","CRT",0.261845386533666
