"","method","pval"
"1","AMCE",0.0491339637144388
"2","CRT",0.00498753117206983
