"","method","pval"
"1","AMCE",0.0177170549554393
"2","CRT",0.0199501246882793
