"","method","pval"
"1","AMCE",0.428157205192299
"2","CRT",0.122194513715711
