"","method","pval"
"1","AMCE",0.0144772905976662
"2","CRT",0.0872817955112219
