"","method","pval"
"1","AMCE",0.00105339798403063
"2","CRT",0.0124688279301746
