"","method","pval"
"1","AMCE",0.0499553930140912
"2","CRT",0.314214463840399
