"","method","pval"
"1","AMCE",0.0238939759812398
"2","CRT",0.00748129675810474
