"","method","pval"
"1","AMCE",0.194351662056106
"2","CRT",0.0399002493765586
