"","method","pval"
"1","AMCE",0.00974028900881462
"2","CRT",0.114713216957606
