"","method","pval"
"1","AMCE",0.00984220776370797
"2","CRT",0.0124688279301746
