"","method","pval"
"1","AMCE",0.0245514660488289
"2","CRT",0.0124688279301746
