"","method","pval"
"1","AMCE",0.0497188317267187
"2","CRT",0.00249376558603491
