"","method","pval"
"1","AMCE",0.836383938381036
"2","CRT",0.00249376558603491
