"","method","pval"
"1","AMCE",0.212814356650917
"2","CRT",0.00249376558603491
