"","method","pval"
"1","AMCE",0.000650659867604247
"2","CRT",0.28428927680798
