"","method","pval"
"1","AMCE",0.00824415210837609
"2","CRT",0.057356608478803
