"","method","pval"
"1","AMCE",0.205791128767851
"2","CRT",0.0822942643391521
