"","method","pval"
"1","AMCE",0.260584801011535
"2","CRT",0.00498753117206983
