"","method","pval"
"1","AMCE",0.0659521866391208
"2","CRT",0.0374064837905237
