"","method","pval"
"1","AMCE",0.181568769617548
"2","CRT",0.703241895261845
