"","method","pval"
"1","AMCE",0.0282799218779419
"2","CRT",0.102244389027431
