"","method","pval"
"1","AMCE",0.603528342610458
"2","CRT",0.0922693266832918
