"","method","pval"
"1","AMCE",0.245346747987283
"2","CRT",0.144638403990025
