"","method","pval"
"1","AMCE",0.0652816209070091
"2","CRT",0.623441396508728
