"","method","pval"
"1","AMCE",0.117149643065336
"2","CRT",0.169576059850374
