"","method","pval"
"1","AMCE",0.518684307849919
"2","CRT",0.29925187032419
