"","method","pval"
"1","AMCE",0.0984232532700035
"2","CRT",0.27930174563591
