"","method","pval"
"1","AMCE",0.0952361819666519
"2","CRT",0.00748129675810474
