"","method","pval"
"1","AMCE",0.00615361159088817
"2","CRT",0.159600997506234
