"","method","pval"
"1","AMCE",0.35421311723515
"2","CRT",0.613466334164589
