"","method","pval"
"1","AMCE",0.085959099170048
"2","CRT",0.0124688279301746
