"","method","pval"
"1","AMCE",0.0219029652368864
"2","CRT",0.0822942643391521
