"","method","pval"
"1","AMCE",0.000443716012361063
"2","CRT",0.00249376558603491
