"","method","pval"
"1","AMCE",0.00103756908698714
"2","CRT",0.00498753117206983
