"","method","pval"
"1","AMCE",0.215405535057215
"2","CRT",0.615960099750623
