"","method","pval"
"1","AMCE",0.398563714710262
"2","CRT",0.885286783042394
