"","method","pval"
"1","AMCE",0.0377078945491706
"2","CRT",0.122194513715711
