"","method","pval"
"1","AMCE",0.00524191096952692
"2","CRT",0.00249376558603491
