"","method","pval"
"1","AMCE",0.00149013359101151
"2","CRT",0.00748129675810474
