"","method","pval"
"1","AMCE",0.0187881367747912
"2","CRT",0.134663341645885
