"","method","pval"
"1","AMCE",0.00318241313092336
"2","CRT",0.663341645885287
