"","method","pval"
"1","AMCE",0.00234770310020195
"2","CRT",0.187032418952618
