"","method","pval"
"1","AMCE",0.8972971723564
"2","CRT",0.057356608478803
