"","method","pval"
"1","AMCE",0.165690539895334
"2","CRT",0.0224438902743142
