"","method","pval"
"1","AMCE",0.349157964981461
"2","CRT",0.403990024937656
