"","method","pval"
"1","AMCE",0.0192794164320743
"2","CRT",0.00748129675810474
