"","method","pval"
"1","AMCE",0.229682805350286
"2","CRT",0.0897755610972569
