"","method","pval"
"1","AMCE",0.698593284718237
"2","CRT",0.0673316708229426
