"","method","pval"
"1","AMCE",0.92538625268
"2","CRT",0.0374064837905237
