"","method","pval"
"1","AMCE",0.00981814881875549
"2","CRT",0.00997506234413965
