"","method","pval"
"1","AMCE",0.0199155774628645
"2","CRT",0.0224438902743142
