"","method","pval"
"1","AMCE",0.0150920736575578
"2","CRT",0.0149625935162095
