"","method","pval"
"1","AMCE",0.051027375143159
"2","CRT",0.027431421446384
