"","method","pval"
"1","AMCE",0.00669758457281442
"2","CRT",0.496259351620948
