"","method","pval"
"1","AMCE",0.0319966765100259
"2","CRT",0.231920199501247
