"","method","pval"
"1","AMCE",0.876903844087809
"2","CRT",0.00249376558603491
