"","method","pval"
"1","AMCE",0.0389635864573248
"2","CRT",0.00249376558603491
