"","method","pval"
"1","AMCE",0.0337536537912277
"2","CRT",0.0423940149625935
