"","method","pval"
"1","AMCE",0.37815705147021
"2","CRT",0.276807980049875
