"","method","pval"
"1","AMCE",0.0905052484535409
"2","CRT",0.029925187032419
