"","method","pval"
"1","AMCE",0.155567214332036
"2","CRT",0.0199501246882793
