"","method","pval"
"1","AMCE",0.245349685489848
"2","CRT",0.349127182044888
