"","method","pval"
"1","AMCE",0.0344912307147141
"2","CRT",0.0399002493765586
