"","method","pval"
"1","AMCE",0.297883932959691
"2","CRT",0.0773067331670823
