"","method","pval"
"1","AMCE",0.0268232610779843
"2","CRT",0.187032418952618
