"","method","pval"
"1","AMCE",0.107399704542948
"2","CRT",0.00249376558603491
