"","method","pval"
"1","AMCE",0.140385168547111
"2","CRT",0.483790523690773
