"","method","pval"
"1","AMCE",0.136634808177469
"2","CRT",0.187032418952618
