"","method","pval"
"1","AMCE",0.00429266597683207
"2","CRT",0.00249376558603491
