"","method","pval"
"1","AMCE",0.0433661276291425
"2","CRT",0.291770573566085
