"","method","pval"
"1","AMCE",0.00943201519227271
"2","CRT",0.733167082294264
