"","method","pval"
"1","AMCE",0.00685695531927995
"2","CRT",0.0224438902743142
