"","method","pval"
"1","AMCE",0.303739467663851
"2","CRT",0.0124688279301746
