"","method","pval"
"1","AMCE",0.245349685489859
"2","CRT",0.0698254364089776
