"","method","pval"
"1","AMCE",0.000103532011901459
"2","CRT",0.0349127182044888
