"","method","pval"
"1","AMCE",0.00992473636417219
"2","CRT",0.0224438902743142
