"","method","pval"
"1","AMCE",0.0133799792533844
"2","CRT",0.0199501246882793
