"","method","pval"
"1","AMCE",0.501955025162013
"2","CRT",0.00498753117206983
