"","method","pval"
"1","AMCE",0.027921214882272
"2","CRT",0.197007481296758
