"","method","pval"
"1","AMCE",0.134741312906911
"2","CRT",0.00249376558603491
