"","method","pval"
"1","AMCE",0.326425243612012
"2","CRT",0.0698254364089776
