"","method","pval"
"1","AMCE",0.869440695733322
"2","CRT",0.0199501246882793
