"","method","pval"
"1","AMCE",0.22224576118303
"2","CRT",0.0149625935162095
