"","method","pval"
"1","AMCE",0.207439541569009
"2","CRT",0.194513715710723
