"","method","pval"
"1","AMCE",0.00696289131403976
"2","CRT",0.0174563591022444
