"","method","pval"
"1","AMCE",0.390324208900929
"2","CRT",0.610972568578554
