"","method","pval"
"1","AMCE",0.0192248435475325
"2","CRT",0.0448877805486284
