"","method","pval"
"1","AMCE",0.0134594965185942
"2","CRT",0.00997506234413965
