"","method","pval"
"1","AMCE",0.242276208102726
"2","CRT",0.13715710723192
