"","method","pval"
"1","AMCE",0.00573923206776454
"2","CRT",0.00997506234413965
