"","method","pval"
"1","AMCE",0.0724123472224064
"2","CRT",0.00997506234413965
