"","method","pval"
"1","AMCE",0.276504994033281
"2","CRT",0.00249376558603491
