"","method","pval"
"1","AMCE",0.506284762162016
"2","CRT",0.14214463840399
