"","method","pval"
"1","AMCE",0.0379661406865521
"2","CRT",0.134663341645885
