"","method","pval"
"1","AMCE",0.141547683705853
"2","CRT",0.00249376558603491
