"","method","pval"
"1","AMCE",0.15405982819771
"2","CRT",0.0548628428927681
