"","method","pval"
"1","AMCE",0.171225177940054
"2","CRT",0.0648379052369077
