"","method","pval"
"1","AMCE",0.593963208445543
"2","CRT",0.980049875311721
