"","method","pval"
"1","AMCE",0.0152045159216989
"2","CRT",0.0598503740648379
