"","method","pval"
"1","AMCE",0.00862801656522734
"2","CRT",0.00498753117206983
