"","method","pval"
"1","AMCE",0.0141680582858762
"2","CRT",0.0623441396508728
