"","method","pval"
"1","AMCE",0.00103830993568564
"2","CRT",0.00249376558603491
