"","method","pval"
"1","AMCE",0.653700879196294
"2","CRT",0.331670822942643
