"","method","pval"
"1","AMCE",0.993208372778093
"2","CRT",0.0124688279301746
