"","method","pval"
"1","AMCE",0.425541162130062
"2","CRT",0.107231920199501
