"","method","pval"
"1","AMCE",0.144454741559538
"2","CRT",0.206982543640898
