"","method","pval"
"1","AMCE",0.66059812556695
"2","CRT",0.0648379052369077
