"","method","pval"
"1","AMCE",0.0791492520423933
"2","CRT",0.0473815461346633
