"","method","pval"
"1","AMCE",0.13281724449659
"2","CRT",0.0149625935162095
