"","method","pval"
"1","AMCE",0.00131266265641804
"2","CRT",0.0349127182044888
