"","method","pval"
"1","AMCE",0.330395601677805
"2","CRT",0.830423940149626
