"","method","pval"
"1","AMCE",0.0164750454184812
"2","CRT",0.406483790523691
