"","method","pval"
"1","AMCE",0.0573531327935071
"2","CRT",0.423940149625935
