"","method","pval"
"1","AMCE",0.0857126651506386
"2","CRT",0.00249376558603491
