"","method","pval"
"1","AMCE",0.141136038960552
"2","CRT",0.0773067331670823
