"","method","pval"
"1","AMCE",0.0142337645588797
"2","CRT",0.0423940149625935
