"","method","pval"
"1","AMCE",0.132306964441462
"2","CRT",0.084788029925187
