"","method","pval"
"1","AMCE",0.00370149425341761
"2","CRT",0.0149625935162095
