"","method","pval"
"1","AMCE",0.256495586242533
"2","CRT",0.0498753117206983
