"","method","pval"
"1","AMCE",0.192011454586276
"2","CRT",0.139650872817955
