"","method","pval"
"1","AMCE",0.0159575867759149
"2","CRT",0.396508728179551
