"","method","pval"
"1","AMCE",0.0065905731950976
"2","CRT",0.00498753117206983
