"","method","pval"
"1","AMCE",0.240200318575316
"2","CRT",0.0423940149625935
