"","method","pval"
"1","AMCE",0.00844003075827853
"2","CRT",0.0124688279301746
