"","method","pval"
"1","AMCE",0.0340948940099406
"2","CRT",0.00249376558603491
