"","method","pval"
"1","AMCE",0.0117840905437168
"2","CRT",0.0174563591022444
