"","method","pval"
"1","AMCE",0.00618696154351121
"2","CRT",0.124688279301746
