"","method","pval"
"1","AMCE",0.0131813141205836
"2","CRT",0.00748129675810474
