"","method","pval"
"1","AMCE",0.712432099441388
"2","CRT",0.0199501246882793
