"","method","pval"
"1","AMCE",0.0564497989677406
"2","CRT",0.0598503740648379
