"","method","pval"
"1","AMCE",0.0706053986085066
"2","CRT",0.0174563591022444
