"","method","pval"
"1","AMCE",0.176879033609793
"2","CRT",0.0773067331670823
