"","method","pval"
"1","AMCE",0.0558004344543062
"2","CRT",0.00748129675810474
