"","method","pval"
"1","AMCE",0.211212706612841
"2","CRT",0.528678304239402
