"","method","pval"
"1","AMCE",0.00288123088971446
"2","CRT",0.107231920199501
