"","method","pval"
"1","AMCE",0.741545573340372
"2","CRT",0.0399002493765586
