"","method","pval"
"1","AMCE",0.0583920679551597
"2","CRT",0.00997506234413965
