"","method","pval"
"1","AMCE",0.0581326656089419
"2","CRT",0.0324189526184539
