"","method","pval"
"1","AMCE",0.0883595400539378
"2","CRT",0.139650872817955
