"","method","pval"
"1","AMCE",0.278217546011747
"2","CRT",0.0174563591022444
