"","method","pval"
"1","AMCE",0.360053836949093
"2","CRT",0.0249376558603491
