"","method","pval"
"1","AMCE",0.0550696268444277
"2","CRT",0.184538653366584
