"","method","pval"
"1","AMCE",0.023451468652137
"2","CRT",0.224438902743142
