"","method","pval"
"1","AMCE",0.433936284043093
"2","CRT",0.169576059850374
