"","method","pval"
"1","AMCE",0.0654227554378738
"2","CRT",0.229426433915212
