"","method","pval"
"1","AMCE",0.435907196165159
"2","CRT",0.112219451371571
