"","method","pval"
"1","AMCE",0.440905072224007
"2","CRT",0.0174563591022444
