"","method","pval"
"1","AMCE",0.190253884315166
"2","CRT",0.00748129675810474
