"","method","pval"
"1","AMCE",0.0205038818653418
"2","CRT",0.0199501246882793
