"","method","pval"
"1","AMCE",0.00513174696174233
"2","CRT",0.0124688279301746
