"","method","pval"
"1","AMCE",0.0817530161463684
"2","CRT",0.0598503740648379
