"","method","pval"
"1","AMCE",0.591251443130324
"2","CRT",0.00498753117206983
