"","method","pval"
"1","AMCE",0.0141510489570217
"2","CRT",0.00249376558603491
