"","method","pval"
"1","AMCE",0.00873438827746024
"2","CRT",0.0324189526184539
