"","method","pval"
"1","AMCE",0.00573711186197361
"2","CRT",0.144638403990025
