"","method","pval"
"1","AMCE",0.211529577520879
"2","CRT",0.0698254364089776
