"","method","pval"
"1","AMCE",0.431233614076981
"2","CRT",0.107231920199501
