"","method","pval"
"1","AMCE",0.0706357821246721
"2","CRT",0.406483790523691
