"","method","pval"
"1","AMCE",0.538514693118816
"2","CRT",0.0523690773067332
