"","method","pval"
"1","AMCE",0.265774910137014
"2","CRT",0.00249376558603491
