"","method","pval"
"1","AMCE",0.0476083935416108
"2","CRT",0.304239401496259
