"","method","pval"
"1","AMCE",0.0300892582578309
"2","CRT",0.71072319201995
