"","method","pval"
"1","AMCE",0.245091345770313
"2","CRT",0.00249376558603491
