"","method","pval"
"1","AMCE",0.587584687763995
"2","CRT",0.259351620947631
