"","method","pval"
"1","AMCE",0.813746632036256
"2","CRT",0.0623441396508728
