"","method","pval"
"1","AMCE",0.469749762515831
"2","CRT",0.0673316708229426
