"","method","pval"
"1","AMCE",0.272738872051638
"2","CRT",0.0473815461346633
