"","method","pval"
"1","AMCE",0.144711680202874
"2","CRT",0.027431421446384
