"","method","pval"
"1","AMCE",0.0263619433325944
"2","CRT",0.00249376558603491
