"","method","pval"
"1","AMCE",0.674557724602476
"2","CRT",0.0598503740648379
