"","method","pval"
"1","AMCE",0.0168412458025873
"2","CRT",0.00249376558603491
