"","method","pval"
"1","AMCE",0.0314699607892668
"2","CRT",0.0922693266832918
