"","method","pval"
"1","AMCE",0.0457617701075999
"2","CRT",0.513715710723192
