"","method","pval"
"1","AMCE",0.0501650887863478
"2","CRT",0.0224438902743142
