"","method","pval"
"1","AMCE",0.206551652768723
"2","CRT",0.0897755610972569
