"","method","pval"
"1","AMCE",0.0185968572883262
"2","CRT",0.902743142144638
