"","method","pval"
"1","AMCE",0.643420437963884
"2","CRT",0.00249376558603491
