"","method","pval"
"1","AMCE",0.0969997052195359
"2","CRT",0.00997506234413965
