"","method","pval"
"1","AMCE",0.00700071760806698
"2","CRT",0.109725685785536
