"","method","pval"
"1","AMCE",0.162340381530064
"2","CRT",0.0324189526184539
