"","method","pval"
"1","AMCE",0.0107999518215567
"2","CRT",0.114713216957606
