"","method","pval"
"1","AMCE",0.000402400013320385
"2","CRT",0.179551122194514
