"","method","pval"
"1","AMCE",0.270341559986757
"2","CRT",0.0149625935162095
