"","method","pval"
"1","AMCE",0.0690310772612773
"2","CRT",0.0174563591022444
