"","method","pval"
"1","AMCE",0.0117679388719002
"2","CRT",0.00249376558603491
