"","method","pval"
"1","AMCE",0.747008147954286
"2","CRT",0.00249376558603491
