"","method","pval"
"1","AMCE",0.156608173941505
"2","CRT",0.695760598503741
