"","method","pval"
"1","AMCE",0.209318798151153
"2","CRT",0.177057356608479
