"","method","pval"
"1","AMCE",0.630216429169818
"2","CRT",0.00498753117206983
