"","method","pval"
"1","AMCE",0.0338915416489772
"2","CRT",0.0224438902743142
