"","method","pval"
"1","AMCE",0.587738303200503
"2","CRT",0.0872817955112219
