"","method","pval"
"1","AMCE",0.102851939555522
"2","CRT",0.00748129675810474
