"","method","pval"
"1","AMCE",0.0109587230086822
"2","CRT",0.00249376558603491
