"","method","pval"
"1","AMCE",0.00637669001140743
"2","CRT",0.162094763092269
