"","method","pval"
"1","AMCE",0.0396092616694449
"2","CRT",0.0149625935162095
