"","method","pval"
"1","AMCE",0.206812207997444
"2","CRT",0.0249376558603491
