"","method","pval"
"1","AMCE",0.0129749821457397
"2","CRT",0.371571072319202
