"","method","pval"
"1","AMCE",0.143888365296191
"2","CRT",0.0224438902743142
