"","method","pval"
"1","AMCE",0.777453092275077
"2","CRT",0.822942643391521
