"","method","pval"
"1","AMCE",0.100031428777743
"2","CRT",0.224438902743142
