"","method","pval"
"1","AMCE",0.218978669441303
"2","CRT",0.0349127182044888
