"","method","pval"
"1","AMCE",0.717903999887379
"2","CRT",0.27431421446384
