"","method","pval"
"1","AMCE",0.0281859416717572
"2","CRT",0.301745635910224
