"","method","pval"
"1","AMCE",0.0229357000463264
"2","CRT",0.254364089775561
