"","method","pval"
"1","AMCE",0.0601729390656737
"2","CRT",0.0124688279301746
