"","method","pval"
"1","AMCE",0.929901533181224
"2","CRT",0.13715710723192
