"","method","pval"
"1","AMCE",0.207482738299832
"2","CRT",0.0199501246882793
