"","method","pval"
"1","AMCE",0.0718554806158695
"2","CRT",0.296758104738155
