"","method","pval"
"1","AMCE",0.000780119241682084
"2","CRT",0.396508728179551
