"","method","pval"
"1","AMCE",0.493614402265933
"2","CRT",0.496259351620948
