"","method","pval"
"1","AMCE",0.896996011950808
"2","CRT",0.428927680798005
