"","method","pval"
"1","AMCE",0.806854798583592
"2","CRT",0.523690773067332
