"","method","pval"
"1","AMCE",0.00635254558050628
"2","CRT",0.00498753117206983
