"","method","pval"
"1","AMCE",0.00347100373244285
"2","CRT",0.00748129675810474
