"","method","pval"
"1","AMCE",0.162736427835538
"2","CRT",0.0598503740648379
