"","method","pval"
"1","AMCE",0.467818011170299
"2","CRT",0.149625935162095
