"","method","pval"
"1","AMCE",0.0388610957081188
"2","CRT",0.0124688279301746
