"","method","pval"
"1","AMCE",0.0697602453439316
"2","CRT",0.00748129675810474
