"","method","pval"
"1","AMCE",0.14170735964498
"2","CRT",0.0498753117206983
