"","method","pval"
"1","AMCE",0.0770566362803655
"2","CRT",0.00498753117206983
