"","method","pval"
"1","AMCE",0.455698262087163
"2","CRT",0.00997506234413965
