"","method","pval"
"1","AMCE",0.0257071455104639
"2","CRT",0.261845386533666
