"","method","pval"
"1","AMCE",0.121624495194615
"2","CRT",0.027431421446384
