"","method","pval"
"1","AMCE",0.604591321879163
"2","CRT",0.00997506234413965
