"","method","pval"
"1","AMCE",0.00413865829620545
"2","CRT",0.00249376558603491
