"","method","pval"
"1","AMCE",0.0366934623404804
"2","CRT",0.00498753117206983
