"","method","pval"
"1","AMCE",0.00192353284196379
"2","CRT",0.264339152119701
