"","method","pval"
"1","AMCE",0.148649113458224
"2","CRT",0.0548628428927681
