"","method","pval"
"1","AMCE",0.00800316742829021
"2","CRT",0.00249376558603491
