"","method","pval"
"1","AMCE",0.532404302018906
"2","CRT",0.0249376558603491
