"","method","pval"
"1","AMCE",0.0748199133769827
"2","CRT",0.251870324189526
