"","method","pval"
"1","AMCE",0.00270144827874473
"2","CRT",0.104738154613466
