"","method","pval"
"1","AMCE",0.090126647175241
"2","CRT",0.271820448877805
