"","method","pval"
"1","AMCE",0.0652921274470571
"2","CRT",0.0748129675810474
