"","method","pval"
"1","AMCE",0.0105034552910097
"2","CRT",0.00997506234413965
