"","method","pval"
"1","AMCE",0.110167791844247
"2","CRT",0.27930174563591
