"","method","pval"
"1","AMCE",0.611386707090766
"2","CRT",0.214463840399002
