"","method","pval"
"1","AMCE",0.0570711340558564
"2","CRT",0.00249376558603491
