"","method","pval"
"1","AMCE",0.00179277388706231
"2","CRT",0.311720698254364
