"","method","pval"
"1","AMCE",0.580502484279511
"2","CRT",0.00249376558603491
