"","method","pval"
"1","AMCE",0.137930936312228
"2","CRT",0.281795511221945
