"","method","pval"
"1","AMCE",0.545036638652166
"2","CRT",0.084788029925187
