"","method","pval"
"1","AMCE",0.224612654971207
"2","CRT",0.107231920199501
