"","method","pval"
"1","AMCE",0.115269561700473
"2","CRT",0.0748129675810474
