"","method","pval"
"1","AMCE",0.0467991098517006
"2","CRT",0.0773067331670823
