"","method","pval"
"1","AMCE",0.0687903026568521
"2","CRT",0.0124688279301746
