"","method","pval"
"1","AMCE",0.0230574442758469
"2","CRT",0.0149625935162095
