"","method","pval"
"1","AMCE",0.167396949208265
"2","CRT",0.029925187032419
