"","method","pval"
"1","AMCE",0.127707646830084
"2","CRT",0.00249376558603491
