"","method","pval"
"1","AMCE",0.0230472006437818
"2","CRT",0.301745635910224
