"","method","pval"
"1","AMCE",0.0791546529510714
"2","CRT",0.226932668329177
