"","method","pval"
"1","AMCE",0.0131574484984703
"2","CRT",0.057356608478803
