"","method","pval"
"1","AMCE",0.31109411013247
"2","CRT",0.0473815461346633
