"","method","pval"
"1","AMCE",0.170924485419881
"2","CRT",0.00748129675810474
