"","method","pval"
"1","AMCE",0.117439656987959
"2","CRT",0.379052369077307
