"","method","pval"
"1","AMCE",0.0116543003232299
"2","CRT",0.0174563591022444
