"","method","pval"
"1","AMCE",0.914315364511653
"2","CRT",0.56857855361596
