"","method","pval"
"1","AMCE",0.316626238680701
"2","CRT",0.0673316708229426
