"","method","pval"
"1","AMCE",0.0126368672562044
"2","CRT",0.15211970074813
