"","method","pval"
"1","AMCE",0.420071389025223
"2","CRT",0.391521197007481
