"","method","pval"
"1","AMCE",0.0350845074882467
"2","CRT",0.753117206982544
