"","method","pval"
"1","AMCE",0.0137273125137725
"2","CRT",0.793017456359102
