"","method","pval"
"1","AMCE",0.088319841308073
"2","CRT",0.00498753117206983
