"","method","pval"
"1","AMCE",0.00467894878459444
"2","CRT",0.00748129675810474
