"","method","pval"
"1","AMCE",0.971366590407943
"2","CRT",0.364089775561097
