"","method","pval"
"1","AMCE",0.14694545220409
"2","CRT",0.0997506234413965
