"","method","pval"
"1","AMCE",0.0892846625679763
"2","CRT",0.174563591022444
