"","method","pval"
"1","AMCE",0.0345565901775156
"2","CRT",0.27431421446384
