"","method","pval"
"1","AMCE",0.115269561700356
"2","CRT",0.00249376558603491
