"","method","pval"
"1","AMCE",0.0266682774488983
"2","CRT",0.0149625935162095
