"","method","pval"
"1","AMCE",0.0534716600200895
"2","CRT",0.381546134663342
