"","method","pval"
"1","AMCE",0.326597325259642
"2","CRT",0.730673316708229
