"","method","pval"
"1","AMCE",0.00417267064204897
"2","CRT",0.00997506234413965
