"","method","pval"
"1","AMCE",0.101151776938084
"2","CRT",0.00249376558603491
