"","method","pval"
"1","AMCE",0.00120742306099433
"2","CRT",0.027431421446384
