"","method","pval"
"1","AMCE",0.000268360553089579
"2","CRT",0.14713216957606
