"","method","pval"
"1","AMCE",0.0581567215743242
"2","CRT",0.109725685785536
