"","method","pval"
"1","AMCE",0.127704259815562
"2","CRT",0.0349127182044888
