"","method","pval"
"1","AMCE",0.017878711436768
"2","CRT",0.00498753117206983
