"","method","pval"
"1","AMCE",0.0116699006769678
"2","CRT",0.339152119700748
