"","method","pval"
"1","AMCE",0.0469907149864668
"2","CRT",0.0598503740648379
