"","method","pval"
"1","AMCE",0.172159558818016
"2","CRT",0.00249376558603491
