"","method","pval"
"1","AMCE",0.0175250986982828
"2","CRT",0.13715710723192
