"","method","pval"
"1","AMCE",0.0861895004953689
"2","CRT",0.13715710723192
