"","method","pval"
"1","AMCE",0.144953182488822
"2","CRT",0.119700748129676
