"","method","pval"
"1","AMCE",0.163251061461412
"2","CRT",0.15211970074813
