"","method","pval"
"1","AMCE",0.00620550185179656
"2","CRT",0.0224438902743142
