"","method","pval"
"1","AMCE",0.00212086754133221
"2","CRT",0.00249376558603491
