"","method","pval"
"1","AMCE",0.0151620043781487
"2","CRT",0.0324189526184539
