"","method","pval"
"1","AMCE",0.000443759072601578
"2","CRT",0.0174563591022444
