"","method","pval"
"1","AMCE",0.0251278612354612
"2","CRT",0.0374064837905237
