"","method","pval"
"1","AMCE",0.241595194706837
"2","CRT",0.0224438902743142
