"","method","pval"
"1","AMCE",0.438770647168985
"2","CRT",0.0174563591022444
