"","method","pval"
"1","AMCE",0.0228964045961584
"2","CRT",0.633416458852868
