"","method","pval"
"1","AMCE",0.0100017973592492
"2","CRT",0.28927680798005
