"","method","pval"
"1","AMCE",0.102839209978526
"2","CRT",0.029925187032419
