"","method","pval"
"1","AMCE",0.137330980929339
"2","CRT",0.102244389027431
