"","method","pval"
"1","AMCE",0.048915721870653
"2","CRT",0.027431421446384
