"","method","pval"
"1","AMCE",0.145525254313766
"2","CRT",0.291770573566085
