"","method","pval"
"1","AMCE",0.0170204388679617
"2","CRT",0.221945137157107
