"","method","pval"
"1","AMCE",0.00177879233544478
"2","CRT",0.162094763092269
