"","method","pval"
"1","AMCE",0.00854133787641431
"2","CRT",0.0124688279301746
