"","method","pval"
"1","AMCE",0.405831162155311
"2","CRT",0.00249376558603491
