"","method","pval"
"1","AMCE",0.414669701602373
"2","CRT",0.0324189526184539
