"","method","pval"
"1","AMCE",0.00980626089477955
"2","CRT",0.154613466334165
