"","method","pval"
"1","AMCE",0.0952226251853561
"2","CRT",0.214463840399002
