"","method","pval"
"1","AMCE",0.0538092253814739
"2","CRT",0.00498753117206983
