"","method","pval"
"1","AMCE",0.0397894082004027
"2","CRT",0.0149625935162095
