"","method","pval"
"1","AMCE",0.289807876249052
"2","CRT",0.70074812967581
