"","method","pval"
"1","AMCE",0.0271295278322433
"2","CRT",0.0399002493765586
