"","method","pval"
"1","AMCE",0.0125536564767764
"2","CRT",0.00498753117206983
