"","method","pval"
"1","AMCE",0.00290997138403258
"2","CRT",0.850374064837905
