"","method","pval"
"1","AMCE",0.0320775899938722
"2","CRT",0.0399002493765586
