"","method","pval"
"1","AMCE",0.0105149976022265
"2","CRT",0.0997506234413965
