"","method","pval"
"1","AMCE",0.126774602662447
"2","CRT",0.00997506234413965
