"","method","pval"
"1","AMCE",0.206159772279183
"2","CRT",0.00249376558603491
