"","method","pval"
"1","AMCE",0.0081733665148256
"2","CRT",0.0124688279301746
