"","method","pval"
"1","AMCE",0.0573246142612207
"2","CRT",0.199501246882793
