"","method","pval"
"1","AMCE",0.421771548896259
"2","CRT",0.0124688279301746
