"","method","pval"
"1","AMCE",0.301647182148382
"2","CRT",0.1571072319202
