"","method","pval"
"1","AMCE",0.03430099235487
"2","CRT",0.192019950124688
