"","method","pval"
"1","AMCE",0.0432068153953952
"2","CRT",0.00249376558603491
