"","method","pval"
"1","AMCE",0.908155137980729
"2","CRT",0.00748129675810474
