"","method","pval"
"1","AMCE",0.0152110106836647
"2","CRT",0.00498753117206983
