"","method","pval"
"1","AMCE",0.224467321706936
"2","CRT",0.14713216957606
