"","method","pval"
"1","AMCE",0.141482133519386
"2","CRT",0.281795511221945
