"","method","pval"
"1","AMCE",0.0562345247776253
"2","CRT",0.508728179551122
