"","method","pval"
"1","AMCE",0.053178829524375
"2","CRT",0.0374064837905237
