"","method","pval"
"1","AMCE",0.628013982604808
"2","CRT",0.169576059850374
