"","method","pval"
"1","AMCE",0.113771636403805
"2","CRT",0.251870324189526
