"","method","pval"
"1","AMCE",0.0368096679302938
"2","CRT",0.129675810473815
