"","method","pval"
"1","AMCE",0.155630622018023
"2","CRT",0.650872817955112
