"","method","pval"
"1","AMCE",0.635378689136406
"2","CRT",0.00748129675810474
