"","method","pval"
"1","AMCE",0.0300936156210465
"2","CRT",0.14214463840399
