"","method","pval"
"1","AMCE",0.0141564166098868
"2","CRT",0.0174563591022444
