"","method","pval"
"1","AMCE",0.033777017924042
"2","CRT",0.349127182044888
