"","method","pval"
"1","AMCE",0.807069981575
"2","CRT",0.0324189526184539
