"","method","pval"
"1","AMCE",0.124218272700965
"2","CRT",0.0199501246882793
