"","method","pval"
"1","AMCE",0.744438080236536
"2","CRT",0.0124688279301746
