"","method","pval"
"1","AMCE",0.0537893154858917
"2","CRT",0.0149625935162095
