"","method","pval"
"1","AMCE",0.0467841559672038
"2","CRT",0.00249376558603491
