"","method","pval"
"1","AMCE",0.205723579237304
"2","CRT",0.144638403990025
