"","method","pval"
"1","AMCE",0.187886741003551
"2","CRT",0.0598503740648379
