"","method","pval"
"1","AMCE",0.215211475261445
"2","CRT",0.1571072319202
