"","method","pval"
"1","AMCE",0.00652274370995175
"2","CRT",0.00997506234413965
