"","method","pval"
"1","AMCE",0.0172113271771382
"2","CRT",0.00997506234413965
