"","method","pval"
"1","AMCE",0.00250169163611826
"2","CRT",0.029925187032419
