"","method","pval"
"1","AMCE",0.0379381840422093
"2","CRT",0.15211970074813
