"","method","pval"
"1","AMCE",0.182965484296752
"2","CRT",0.683291770573566
