"","method","pval"
"1","AMCE",0.0867935651488625
"2","CRT",0.027431421446384
