"","method","pval"
"1","AMCE",0.124950185770709
"2","CRT",0.00249376558603491
