"","method","pval"
"1","AMCE",0.996453325859771
"2","CRT",0.139650872817955
