"","method","pval"
"1","AMCE",0.768918515488595
"2","CRT",0.708229426433915
