"","method","pval"
"1","AMCE",0.233060296251625
"2","CRT",0.0698254364089776
