"","method","pval"
"1","AMCE",0.638947588910565
"2","CRT",0.00249376558603491
