"","method","pval"
"1","AMCE",0.00313444030760367
"2","CRT",0.0399002493765586
