"","method","pval"
"1","AMCE",0.0413711373822915
"2","CRT",0.00498753117206983
