"","method","pval"
"1","AMCE",0.0314743247333716
"2","CRT",0.122194513715711
