"","method","pval"
"1","AMCE",0.0115375477955303
"2","CRT",0.27930174563591
