"","method","pval"
"1","AMCE",0.00723370287199304
"2","CRT",0.226932668329177
