"","method","pval"
"1","AMCE",0.134086177370125
"2","CRT",0.221945137157107
