"","method","pval"
"1","AMCE",0.0125327125299255
"2","CRT",0.448877805486284
