"","method","pval"
"1","AMCE",0.277925111430952
"2","CRT",0.00997506234413965
