"","method","pval"
"1","AMCE",0.262076038233651
"2","CRT",0.0922693266832918
