"","method","pval"
"1","AMCE",0.0105802800079636
"2","CRT",0.00498753117206983
