"","method","pval"
"1","AMCE",0.0211037529575808
"2","CRT",0.832917705735661
