"","method","pval"
"1","AMCE",0.0736297865980892
"2","CRT",0.0798004987531172
