"","method","pval"
"1","AMCE",0.434142857475892
"2","CRT",0.354114713216958
