"","method","pval"
"1","AMCE",0.0724403491904875
"2","CRT",0.0174563591022444
