"","method","pval"
"1","AMCE",0.0125343153995526
"2","CRT",0.0124688279301746
