"","method","pval"
"1","AMCE",0.373973672698664
"2","CRT",0.0124688279301746
