"","method","pval"
"1","AMCE",0.234960736803074
"2","CRT",0.00748129675810474
