"","method","pval"
"1","AMCE",0.156874198479398
"2","CRT",0.00997506234413965
