"","method","pval"
"1","AMCE",0.00353692317424279
"2","CRT",0.104738154613466
