"","method","pval"
"1","AMCE",0.0143955221761166
"2","CRT",0.0199501246882793
