"","method","pval"
"1","AMCE",0.168805650551828
"2","CRT",0.0324189526184539
