"","method","pval"
"1","AMCE",0.0232111303267542
"2","CRT",0.269326683291771
