"","method","pval"
"1","AMCE",0.0553152085792604
"2","CRT",0.00748129675810474
