"","method","pval"
"1","AMCE",0.155631724676012
"2","CRT",0.159600997506234
