"","method","pval"
"1","AMCE",0.136638423279875
"2","CRT",0.00498753117206983
