"","method","pval"
"1","AMCE",0.00176620297497397
"2","CRT",0.00498753117206983
