"","method","pval"
"1","AMCE",0.00516844021217205
"2","CRT",0.201995012468828
