"","method","pval"
"1","AMCE",0.102327596155818
"2","CRT",0.673316708229426
