"","method","pval"
"1","AMCE",0.394247902174143
"2","CRT",0.134663341645885
