"","method","pval"
"1","AMCE",0.159788460057245
"2","CRT",0.0498753117206983
