"","method","pval"
"1","AMCE",0.0731407369726513
"2","CRT",0.209476309226933
