"","method","pval"
"1","AMCE",4.99796087933374e-05
"2","CRT",0.00498753117206983
