"","method","pval"
"1","AMCE",0.673878872259022
"2","CRT",0.406483790523691
