"","method","pval"
"1","AMCE",0.386890790270753
"2","CRT",0.0448877805486284
