"","method","pval"
"1","AMCE",0.0402739870293178
"2","CRT",0.149625935162095
