"","method","pval"
"1","AMCE",0.0790246445826369
"2","CRT",0.0349127182044888
