"","method","pval"
"1","AMCE",0.201944557367778
"2","CRT",0.304239401496259
