"","method","pval"
"1","AMCE",0.00895247795240741
"2","CRT",0.428927680798005
