"","method","pval"
"1","AMCE",0.00214167464103484
"2","CRT",0.084788029925187
