"","method","pval"
"1","AMCE",0.587724360314224
"2","CRT",0.00498753117206983
