"","method","pval"
"1","AMCE",0.17081709110355
"2","CRT",0.0199501246882793
