"","method","pval"
"1","AMCE",0.197070615389781
"2","CRT",0.438902743142145
