"","method","pval"
"1","AMCE",0.131064262080007
"2","CRT",0.0374064837905237
