"","method","pval"
"1","AMCE",0.148189614906064
"2","CRT",0.27930174563591
