"","method","pval"
"1","AMCE",0.0724548987681721
"2","CRT",0.418952618453865
