"","method","pval"
"1","AMCE",0.967830735844904
"2","CRT",0.0124688279301746
