"","method","pval"
"1","AMCE",0.00578948270522969
"2","CRT",0.00249376558603491
