"","method","pval"
"1","AMCE",0.197752257887943
"2","CRT",0.254364089775561
