"","method","pval"
"1","AMCE",0.638159988995297
"2","CRT",0.0124688279301746
