"","method","pval"
"1","AMCE",0.0213893093207135
"2","CRT",0.029925187032419
