"","method","pval"
"1","AMCE",0.00541798781118875
"2","CRT",0.134663341645885
