"","method","pval"
"1","AMCE",0.0495176300284987
"2","CRT",0.321695760598504
