"","method","pval"
"1","AMCE",0.12770781618028
"2","CRT",0.14214463840399
