"","method","pval"
"1","AMCE",0.0357186806495752
"2","CRT",0.0199501246882793
