"","method","pval"
"1","AMCE",0.0369239768465964
"2","CRT",0.13216957605985
