"","method","pval"
"1","AMCE",0.876567951998599
"2","CRT",0.970074812967581
