"","method","pval"
"1","AMCE",0.121392391487507
"2","CRT",0.00498753117206983
