"","method","pval"
"1","AMCE",0.00400652917156605
"2","CRT",0.127182044887781
