"","method","pval"
"1","AMCE",0.00424484328488926
"2","CRT",0.0698254364089776
