"","method","pval"
"1","AMCE",0.0263160785671117
"2","CRT",0.241895261845387
