"","method","pval"
"1","AMCE",0.0939509030344241
"2","CRT",0.226932668329177
