"","method","pval"
"1","AMCE",0.506191770262771
"2","CRT",0.0374064837905237
