"","method","pval"
"1","AMCE",0.0341661826897005
"2","CRT",0.0498753117206983
