"","method","pval"
"1","AMCE",0.000497093087322016
"2","CRT",0.788029925187032
