"","method","pval"
"1","AMCE",0.285947216495139
"2","CRT",0.0448877805486284
