"","method","pval"
"1","AMCE",0.187374621678375
"2","CRT",0.291770573566085
