"","method","pval"
"1","AMCE",0.439199666294182
"2","CRT",0.359102244389027
