"","method","pval"
"1","AMCE",0.243439937284673
"2","CRT",0.0124688279301746
