"","method","pval"
"1","AMCE",0.00852738301925676
"2","CRT",0.0174563591022444
