"","method","pval"
"1","AMCE",0.23656050573544
"2","CRT",0.0872817955112219
