"","method","pval"
"1","AMCE",0.00377514290512907
"2","CRT",0.00249376558603491
