"","method","pval"
"1","AMCE",0.481183885895398
"2","CRT",0.635910224438903
