"","method","pval"
"1","AMCE",0.298319154879385
"2","CRT",0.124688279301746
