"","method","pval"
"1","AMCE",0.0431309556222405
"2","CRT",0.0822942643391521
