"","method","pval"
"1","AMCE",0.0748213291203438
"2","CRT",0.0748129675810474
