"","method","pval"
"1","AMCE",0.00538271654264915
"2","CRT",0.029925187032419
