"","method","pval"
"1","AMCE",0.0117256730082436
"2","CRT",0.0623441396508728
