"","method","pval"
"1","AMCE",0.116709336016872
"2","CRT",0.0224438902743142
