"","method","pval"
"1","AMCE",0.0403582692872865
"2","CRT",0.194513715710723
