"","method","pval"
"1","AMCE",0.469781252522004
"2","CRT",0.5785536159601
