"","method","pval"
"1","AMCE",0.468365017154333
"2","CRT",0.134663341645885
