"","method","pval"
"1","AMCE",0.196695249319135
"2","CRT",0.00249376558603491
