"","method","pval"
"1","AMCE",0.394266398496755
"2","CRT",0.00748129675810474
