"","method","pval"
"1","AMCE",0.00593361388798957
"2","CRT",0.0648379052369077
