"","method","pval"
"1","AMCE",0.0100406272547634
"2","CRT",0.1571072319202
