"","method","pval"
"1","AMCE",0.0155217281637926
"2","CRT",0.266832917705736
