"","method","pval"
"1","AMCE",0.205772982515849
"2","CRT",0.00249376558603491
