"","method","pval"
"1","AMCE",0.194247541266283
"2","CRT",0.00748129675810474
