"","method","pval"
"1","AMCE",0.0544907369787947
"2","CRT",0.0149625935162095
