"","method","pval"
"1","AMCE",0.0859484264262036
"2","CRT",0.00498753117206983
