"","method","pval"
"1","AMCE",0.846796946334972
"2","CRT",0.029925187032419
