"","method","pval"
"1","AMCE",0.631629817980639
"2","CRT",0.057356608478803
