"","method","pval"
"1","AMCE",0.00565493508130335
"2","CRT",0.0324189526184539
