"","method","pval"
"1","AMCE",0.0838776734563259
"2","CRT",0.314214463840399
