"","method","pval"
"1","AMCE",0.00869356958865752
"2","CRT",0.194513715710723
