"","method","pval"
"1","AMCE",0.306496706476169
"2","CRT",0.00997506234413965
