"","method","pval"
"1","AMCE",0.98203205684332
"2","CRT",0.428927680798005
