"","method","pval"
"1","AMCE",0.308416654673956
"2","CRT",0.117206982543641
