"","method","pval"
"1","AMCE",0.113101390875125
"2","CRT",0.107231920199501
