"","method","pval"
"1","AMCE",0.231076661089237
"2","CRT",0.0922693266832918
