"","method","pval"
"1","AMCE",0.00492425071676816
"2","CRT",0.0623441396508728
