"","method","pval"
"1","AMCE",0.261055057883467
"2","CRT",0.239401496259352
