"","method","pval"
"1","AMCE",0.0045781054766337
"2","CRT",0.0199501246882793
