"","method","pval"
"1","AMCE",0.242865304511065
"2","CRT",0.855361596009975
