"","method","pval"
"1","AMCE",0.299039533537102
"2","CRT",0.0822942643391521
