"","method","pval"
"1","AMCE",0.186877941451514
"2","CRT",0.471321695760599
