"","method","pval"
"1","AMCE",0.0136384187043467
"2","CRT",0.134663341645885
