"","method","pval"
"1","AMCE",0.0201200174551979
"2","CRT",0.842892768079801
