"","method","pval"
"1","AMCE",0.00981629618251668
"2","CRT",0.783042394014963
