"","method","pval"
"1","AMCE",0.316401331811054
"2","CRT",0.209476309226933
