"","method","pval"
"1","AMCE",0.00607640962779342
"2","CRT",0.0174563591022444
