"","method","pval"
"1","AMCE",0.699377850267589
"2","CRT",0.0174563591022444
