"","method","pval"
"1","AMCE",0.00824825305437683
"2","CRT",0.855361596009975
