"","method","pval"
"1","AMCE",0.0924305236008512
"2","CRT",0.119700748129676
