"","method","pval"
"1","AMCE",0.0502950856825504
"2","CRT",0.276807980049875
