"","method","pval"
"1","AMCE",0.876909992067879
"2","CRT",0.0623441396508728
