"","method","pval"
"1","AMCE",0.577784052712749
"2","CRT",0.109725685785536
