"","method","pval"
"1","AMCE",0.179133551374807
"2","CRT",0.00249376558603491
