"","method","pval"
"1","AMCE",0.153652481020386
"2","CRT",0.0723192019950125
