"","method","pval"
"1","AMCE",0.234992368794574
"2","CRT",0.00249376558603491
