"","method","pval"
"1","AMCE",0.0687287397238715
"2","CRT",0.134663341645885
