"","method","pval"
"1","AMCE",0.69467204948257
"2","CRT",0.486284289276808
