"","method","pval"
"1","AMCE",0.747428873167331
"2","CRT",0.276807980049875
