"","method","pval"
"1","AMCE",0.155965758357077
"2","CRT",0.703241895261845
