"","method","pval"
"1","AMCE",0.391890744430186
"2","CRT",0.28927680798005
