"","method","pval"
"1","AMCE",0.260909292380679
"2","CRT",0.00498753117206983
