"","method","pval"
"1","AMCE",0.0230706778061691
"2","CRT",0.361596009975062
