"","method","pval"
"1","AMCE",0.0657554877073682
"2","CRT",0.0249376558603491
