"","method","pval"
"1","AMCE",0.293571834168562
"2","CRT",0.543640897755611
