"","method","pval"
"1","AMCE",0.126914676899254
"2","CRT",0.286783042394015
