"","method","pval"
"1","AMCE",0.796288002497186
"2","CRT",0.00997506234413965
