"","method","pval"
"1","AMCE",0.61284680419522
"2","CRT",0.00249376558603491
