"","method","pval"
"1","AMCE",0.896087054785392
"2","CRT",0.179551122194514
