"","method","pval"
"1","AMCE",0.0560482976692187
"2","CRT",0.281795511221945
