"","method","pval"
"1","AMCE",0.861800259086359
"2","CRT",0.0349127182044888
