"","method","pval"
"1","AMCE",0.00470122687282689
"2","CRT",0.0199501246882793
