"","method","pval"
"1","AMCE",0.00358926599397384
"2","CRT",0.0124688279301746
