"","method","pval"
"1","AMCE",0.131682843544691
"2","CRT",0.0249376558603491
