"","method","pval"
"1","AMCE",0.0153723481380063
"2","CRT",0.266832917705736
