"","method","pval"
"1","AMCE",0.101365270303841
"2","CRT",0.112219451371571
