"","method","pval"
"1","AMCE",0.138765558330886
"2","CRT",0.0498753117206983
