"","method","pval"
"1","AMCE",3.19441647141341e-05
"2","CRT",0.0723192019950125
