"","method","pval"
"1","AMCE",0.0127337598615408
"2","CRT",0.0349127182044888
