"","method","pval"
"1","AMCE",0.699532518940752
"2","CRT",0.00249376558603491
