"","method","pval"
"1","AMCE",0.632515684462919
"2","CRT",0.209476309226933
