"","method","pval"
"1","AMCE",0.106806274708595
"2","CRT",0.00748129675810474
