"","method","pval"
"1","AMCE",0.876898267874294
"2","CRT",0.0224438902743142
