"","method","pval"
"1","AMCE",0.217106229597458
"2","CRT",0.00997506234413965
