"","method","pval"
"1","AMCE",0.00382231205872836
"2","CRT",0.932668329177057
