"","method","pval"
"1","AMCE",0.0179752608062182
"2","CRT",0.381546134663342
