"","method","pval"
"1","AMCE",0.0108980181884344
"2","CRT",0.0149625935162095
