"","method","pval"
"1","AMCE",0.642152190857457
"2","CRT",0.00498753117206983
