"","method","pval"
"1","AMCE",0.0604518733067125
"2","CRT",0.658354114713217
