"","method","pval"
"1","AMCE",0.257558973766814
"2","CRT",0.206982543640898
