"","method","pval"
"1","AMCE",0.0560153307106575
"2","CRT",0.00498753117206983
