"","method","pval"
"1","AMCE",0.386274678555454
"2","CRT",0.0249376558603491
