"","method","pval"
"1","AMCE",0.344236334439298
"2","CRT",0.0199501246882793
