"","method","pval"
"1","AMCE",0.502851127786196
"2","CRT",0.00498753117206983
