"","method","pval"
"1","AMCE",0.0139192840892789
"2","CRT",0.900249376558603
