"","method","pval"
"1","AMCE",0.6562499494923
"2","CRT",0.0798004987531172
