"","method","pval"
"1","AMCE",0.11855648490002
"2","CRT",0.0124688279301746
