"","method","pval"
"1","AMCE",0.268007342388612
"2","CRT",0.029925187032419
