"","method","pval"
"1","AMCE",0.117090885523552
"2","CRT",0.00997506234413965
