"","method","pval"
"1","AMCE",0.0131804994772195
"2","CRT",0.00249376558603491
