"","method","pval"
"1","AMCE",0.248043929978348
"2","CRT",0.109725685785536
