"","method","pval"
"1","AMCE",0.913659695474339
"2","CRT",0.56359102244389
