"","method","pval"
"1","AMCE",0.941737484123501
"2","CRT",0.0324189526184539
