"","method","pval"
"1","AMCE",0.205541509405956
"2","CRT",0.0149625935162095
