"","method","pval"
"1","AMCE",0.178262135083282
"2","CRT",0.0698254364089776
