"","method","pval"
"1","AMCE",0.0440123810995948
"2","CRT",0.446384039900249
