"","method","pval"
"1","AMCE",0.0307520508451497
"2","CRT",0.00249376558603491
