"","method","pval"
"1","AMCE",0.00659782304958381
"2","CRT",0.0149625935162095
