"","method","pval"
"1","AMCE",0.0336776937939393
"2","CRT",0.182044887780549
