"","method","pval"
"1","AMCE",0.00150059592013416
"2","CRT",0.194513715710723
