"","method","pval"
"1","AMCE",0.193531433919611
"2","CRT",0.00249376558603491
