"","method","pval"
"1","AMCE",0.649890635910503
"2","CRT",0.0349127182044888
