"","method","pval"
"1","AMCE",0.0213154832007473
"2","CRT",0.0349127182044888
