"","method","pval"
"1","AMCE",0.157038861024011
"2","CRT",0.0149625935162095
