"","method","pval"
"1","AMCE",0.0596692926320256
"2","CRT",0.0124688279301746
