"","method","pval"
"1","AMCE",0.0012098249569286
"2","CRT",0.00249376558603491
