"","method","pval"
"1","AMCE",0.017055545086145
"2","CRT",0.139650872817955
