"","method","pval"
"1","AMCE",0.129957235143926
"2","CRT",0.0773067331670823
