"","method","pval"
"1","AMCE",0.00781938098149347
"2","CRT",0.00249376558603491
