"","method","pval"
"1","AMCE",0.132324652705108
"2","CRT",0.0124688279301746
