"","method","pval"
"1","AMCE",0.0396538351689676
"2","CRT",0.13216957605985
