"","method","pval"
"1","AMCE",0.0322636755136707
"2","CRT",0.0249376558603491
