"","method","pval"
"1","AMCE",0.070672404775623
"2","CRT",0.0199501246882793
