"","method","pval"
"1","AMCE",0.501499277258668
"2","CRT",0.00249376558603491
