"","method","pval"
"1","AMCE",0.000161900823456633
"2","CRT",0.276807980049875
