"","method","pval"
"1","AMCE",0.0252348327737114
"2","CRT",0.00498753117206983
