"","method","pval"
"1","AMCE",0.0114340128110163
"2","CRT",0.0473815461346633
