"","method","pval"
"1","AMCE",0.0291959353810238
"2","CRT",0.127182044887781
