"","method","pval"
"1","AMCE",0.955085084603885
"2","CRT",0.0249376558603491
