"","method","pval"
"1","AMCE",0.00825950174652535
"2","CRT",0.0498753117206983
