"","method","pval"
"1","AMCE",0.0172592887189431
"2","CRT",0.261845386533666
