"","method","pval"
"1","AMCE",0.0620557818004947
"2","CRT",0.0473815461346633
