"","method","pval"
"1","AMCE",0.395312424590112
"2","CRT",0.029925187032419
