"","method","pval"
"1","AMCE",0.0866686021404801
"2","CRT",0.00748129675810474
