"","method","pval"
"1","AMCE",0.739498066587375
"2","CRT",0.0199501246882793
