"","method","pval"
"1","AMCE",0.0229491478308137
"2","CRT",0.0349127182044888
