"","method","pval"
"1","AMCE",0.0309349683757554
"2","CRT",0.00498753117206983
