"","method","pval"
"1","AMCE",0.232771531695026
"2","CRT",0.0623441396508728
