"","method","pval"
"1","AMCE",0.000733490872307053
"2","CRT",0.0224438902743142
