"","method","pval"
"1","AMCE",0.183442416465776
"2","CRT",0.0748129675810474
