"","method","pval"
"1","AMCE",0.162937427392362
"2","CRT",0.00997506234413965
