"","method","pval"
"1","AMCE",0.0157635995000479
"2","CRT",0.0473815461346633
