"","method","pval"
"1","AMCE",0.421315879960542
"2","CRT",0.269326683291771
