"","method","pval"
"1","AMCE",0.0256750508749098
"2","CRT",0.00997506234413965
