"","method","pval"
"1","AMCE",0.394264927258513
"2","CRT",0.576059850374065
