"","method","pval"
"1","AMCE",0.0436025864220262
"2","CRT",0.0399002493765586
