"","method","pval"
"1","AMCE",0.0836471396493265
"2","CRT",0.56857855361596
