"","method","pval"
"1","AMCE",0.472858737138855
"2","CRT",0.00249376558603491
