"","method","pval"
"1","AMCE",0.00176854375598306
"2","CRT",0.00748129675810474
