"","method","pval"
"1","AMCE",0.905067756735328
"2","CRT",0.391521197007481
