"","method","pval"
"1","AMCE",0.0228476707683498
"2","CRT",0.0623441396508728
