"","method","pval"
"1","AMCE",0.285036249186679
"2","CRT",0.00748129675810474
