"","method","pval"
"1","AMCE",0.965301402744292
"2","CRT",0.172069825436409
