"","method","pval"
"1","AMCE",0.0177546587825371
"2","CRT",0.00498753117206983
