"","method","pval"
"1","AMCE",0.401719633763118
"2","CRT",0.0623441396508728
