"","method","pval"
"1","AMCE",0.491437039920737
"2","CRT",0.0947630922693267
