"","method","pval"
"1","AMCE",0.440438683294436
"2","CRT",0.00249376558603491
