"","method","pval"
"1","AMCE",0.224798516922046
"2","CRT",0.351620947630923
