"","method","pval"
"1","AMCE",0.11221832235412
"2","CRT",0.0498753117206983
