"","method","pval"
"1","AMCE",0.133715408610278
"2","CRT",0.695760598503741
