"","method","pval"
"1","AMCE",0.00144972647087021
"2","CRT",0.122194513715711
