"","method","pval"
"1","AMCE",0.0539197159790949
"2","CRT",0.0249376558603491
