"","method","pval"
"1","AMCE",0.000715564945218339
"2","CRT",0.266832917705736
