"","method","pval"
"1","AMCE",0.2854214924391
"2","CRT",0.0673316708229426
