"","method","pval"
"1","AMCE",0.124104595801096
"2","CRT",0.478802992518703
