"","method","pval"
"1","AMCE",0.158540258837835
"2","CRT",0.154613466334165
