"","method","pval"
"1","AMCE",0.0224986049554824
"2","CRT",0.129675810473815
