"","method","pval"
"1","AMCE",0.00502273458774392
"2","CRT",0.314214463840399
