"","method","pval"
"1","AMCE",0.0872463402482311
"2","CRT",0.102244389027431
