"","method","pval"
"1","AMCE",0.012221015737156
"2","CRT",0.379052369077307
