"","method","pval"
"1","AMCE",0.234807179024225
"2","CRT",0.00748129675810474
