"","method","pval"
"1","AMCE",0.11177196200334
"2","CRT",0.00249376558603491
