"","method","pval"
"1","AMCE",0.0395049799319858
"2","CRT",0.264339152119701
