"","method","pval"
"1","AMCE",0.432715740765594
"2","CRT",0.214463840399002
