"","method","pval"
"1","AMCE",0.876279263979137
"2","CRT",0.0498753117206983
