"","method","pval"
"1","AMCE",0.171731096797502
"2","CRT",0.423940149625935
