"","method","pval"
"1","AMCE",0.0053057394766038
"2","CRT",0.0174563591022444
