"","method","pval"
"1","AMCE",0.24950604957797
"2","CRT",0.0448877805486284
