"","method","pval"
"1","AMCE",0.00424676731870425
"2","CRT",0.0124688279301746
