"","method","pval"
"1","AMCE",0.074840720604237
"2","CRT",0.00249376558603491
