"","method","pval"
"1","AMCE",0.0450346900614017
"2","CRT",0.00498753117206983
