"","method","pval"
"1","AMCE",0.0137587837978268
"2","CRT",0.00748129675810474
