"","method","pval"
"1","AMCE",0.102411154670307
"2","CRT",0.0548628428927681
