"","method","pval"
"1","AMCE",0.335205126237736
"2","CRT",0.00748129675810474
