"","method","pval"
"1","AMCE",0.490637769532013
"2","CRT",0.119700748129676
