"","method","pval"
"1","AMCE",0.0903401539896396
"2","CRT",0.0224438902743142
