"","method","pval"
"1","AMCE",0.00918230860794562
"2","CRT",0.00498753117206983
