"","method","pval"
"1","AMCE",0.393910695725719
"2","CRT",0.0822942643391521
