"","method","pval"
"1","AMCE",0.0149176381918369
"2","CRT",0.184538653366584
