"","method","pval"
"1","AMCE",0.0983384135065328
"2","CRT",0.0947630922693267
