"","method","pval"
"1","AMCE",0.0480149253614768
"2","CRT",0.204488778054863
