"","method","pval"
"1","AMCE",0.0156005071704193
"2","CRT",0.0374064837905237
