"","method","pval"
"1","AMCE",0.502098076182918
"2","CRT",0.139650872817955
