"","method","pval"
"1","AMCE",0.068730067782746
"2","CRT",0.107231920199501
