"","method","pval"
"1","AMCE",0.010574562104042
"2","CRT",0.00249376558603491
