"","method","pval"
"1","AMCE",0.568066031426237
"2","CRT",0.0124688279301746
