"","method","pval"
"1","AMCE",0.00767293066959348
"2","CRT",0.0124688279301746
