"","method","pval"
"1","AMCE",0.119382883112047
"2","CRT",0.306733167082294
