"","method","pval"
"1","AMCE",0.721162092465581
"2","CRT",0.588528678304239
