"","method","pval"
"1","AMCE",0.301726823612062
"2","CRT",0.733167082294264
