"","method","pval"
"1","AMCE",0.0284658143098158
"2","CRT",0.685785536159601
