"","method","pval"
"1","AMCE",0.0773766701774656
"2","CRT",0.0224438902743142
