"","method","pval"
"1","AMCE",0.00337866157063419
"2","CRT",0.149625935162095
