"","method","pval"
"1","AMCE",0.245342341676976
"2","CRT",0.0124688279301746
