"","method","pval"
"1","AMCE",0.196924523788015
"2","CRT",0.0124688279301746
