"","method","pval"
"1","AMCE",0.0647069936854091
"2","CRT",0.027431421446384
