"","method","pval"
"1","AMCE",0.0151504914748309
"2","CRT",0.306733167082294
