"","method","pval"
"1","AMCE",8.6688783396249e-05
"2","CRT",0.0124688279301746
