"","method","pval"
"1","AMCE",0.26586970093459
"2","CRT",0.508728179551122
