"","method","pval"
"1","AMCE",0.033776637981495
"2","CRT",0.344139650872818
