"","method","pval"
"1","AMCE",0.0103269757821759
"2","CRT",0.668329177057357
