"","method","pval"
"1","AMCE",0.0644777633454481
"2","CRT",0.219451371571072
