"","method","pval"
"1","AMCE",0.352680652538343
"2","CRT",0.503740648379052
