"","method","pval"
"1","AMCE",0.0459368697973439
"2","CRT",0.0748129675810474
