"","method","pval"
"1","AMCE",0.577408409614673
"2","CRT",0.00748129675810474
