"","method","pval"
"1","AMCE",0.0963283681296305
"2","CRT",0.00498753117206983
