"","method","pval"
"1","AMCE",0.0836643198518799
"2","CRT",0.0548628428927681
