"","method","pval"
"1","AMCE",0.315736688787833
"2","CRT",0.0199501246882793
