"","method","pval"
"1","AMCE",0.0995553838022841
"2","CRT",0.00498753117206983
