"","method","pval"
"1","AMCE",0.015627790857362
"2","CRT",0.14214463840399
