"","method","pval"
"1","AMCE",0.00999915022292374
"2","CRT",0.107231920199501
