"","method","pval"
"1","AMCE",0.000582109244929492
"2","CRT",0.029925187032419
