"","method","pval"
"1","AMCE",0.00174339870313388
"2","CRT",0.129675810473815
