"","method","pval"
"1","AMCE",0.515976521828673
"2","CRT",0.0199501246882793
