"","method","pval"
"1","AMCE",0.367028197556355
"2","CRT",0.0423940149625935
