"","method","pval"
"1","AMCE",0.0509419649997999
"2","CRT",0.0174563591022444
