"","method","pval"
"1","AMCE",0.0163344149054841
"2","CRT",0.00997506234413965
