"","method","pval"
"1","AMCE",0.132541050594717
"2","CRT",0.501246882793017
