"","method","pval"
"1","AMCE",0.0858975058285767
"2","CRT",0.0997506234413965
