"","method","pval"
"1","AMCE",0.637084877812136
"2","CRT",0.029925187032419
