"","method","pval"
"1","AMCE",0.775614237477649
"2","CRT",0.0124688279301746
