"","method","pval"
"1","AMCE",0.0318819924787875
"2","CRT",0.371571072319202
