"","method","pval"
"1","AMCE",0.0791543862393493
"2","CRT",0.0249376558603491
