"","method","pval"
"1","AMCE",0.00488354696088148
"2","CRT",0.0224438902743142
