"","method","pval"
"1","AMCE",0.139350224366816
"2","CRT",0.00498753117206983
