"","method","pval"
"1","AMCE",0.00273880993726393
"2","CRT",0.266832917705736
