"","method","pval"
"1","AMCE",0.975569682451436
"2","CRT",0.0324189526184539
