"","method","pval"
"1","AMCE",0.0877414792317453
"2","CRT",0.0598503740648379
