"","method","pval"
"1","AMCE",0.329475598586242
"2","CRT",0.00249376558603491
