"","method","pval"
"1","AMCE",0.0781128273790619
"2","CRT",0.0149625935162095
