"","method","pval"
"1","AMCE",1.2646206552059e-05
"2","CRT",0.00249376558603491
