"","method","pval"
"1","AMCE",0.00332635980782665
"2","CRT",0.109725685785536
