"","method","pval"
"1","AMCE",0.0155873598504295
"2","CRT",0.0349127182044888
