"","method","pval"
"1","AMCE",0.920223529262147
"2","CRT",0.0598503740648379
