"","method","pval"
"1","AMCE",0.00653562874813934
"2","CRT",0.0174563591022444
