"","method","pval"
"1","AMCE",0.0990489157313804
"2","CRT",0.548628428927681
