"","method","pval"
"1","AMCE",0.23130692099333
"2","CRT",0.0199501246882793
