"","method","pval"
"1","AMCE",0.414935081738081
"2","CRT",0.0872817955112219
