"","method","pval"
"1","AMCE",0.0163214506468169
"2","CRT",0.00498753117206983
