"","method","pval"
"1","AMCE",0.0499251337209221
"2","CRT",0.0723192019950125
