"","method","pval"
"1","AMCE",0.599768879307288
"2","CRT",0.057356608478803
