"","method","pval"
"1","AMCE",0.399802459438879
"2","CRT",0.0149625935162095
