"","method","pval"
"1","AMCE",0.325337022268107
"2","CRT",0.00249376558603491
