"","method","pval"
"1","AMCE",0.0135112266370152
"2","CRT",0.00498753117206983
