"","method","pval"
"1","AMCE",0.647631479293708
"2","CRT",0.0149625935162095
