"","method","pval"
"1","AMCE",0.187902053021404
"2","CRT",0.27930174563591
