"","method","pval"
"1","AMCE",0.00127921535280589
"2","CRT",0.00748129675810474
