"","method","pval"
"1","AMCE",0.0407767194210569
"2","CRT",0.4214463840399
