"","method","pval"
"1","AMCE",0.0630245595665617
"2","CRT",0.149625935162095
