"","method","pval"
"1","AMCE",0.73717754133573
"2","CRT",0.802992518703242
