"","method","pval"
"1","AMCE",0.00343394996307816
"2","CRT",0.0473815461346633
