"","method","pval"
"1","AMCE",0.143667846953787
"2","CRT",0.0399002493765586
