"","method","pval"
"1","AMCE",0.644949913704801
"2","CRT",0.14214463840399
