"","method","pval"
"1","AMCE",0.0122515851759643
"2","CRT",0.0723192019950125
