"","method","pval"
"1","AMCE",0.115568633062482
"2","CRT",0.396508728179551
