"","method","pval"
"1","AMCE",0.129702694822571
"2","CRT",0.029925187032419
