"","method","pval"
"1","AMCE",0.780656617719953
"2","CRT",0.134663341645885
