"","method","pval"
"1","AMCE",0.81627555066569
"2","CRT",0.433915211970075
