"","method","pval"
"1","AMCE",0.0468032150091829
"2","CRT",0.640897755610973
