"","method","pval"
"1","AMCE",0.116006181711188
"2","CRT",0.00498753117206983
