"","method","pval"
"1","AMCE",0.28805034959335
"2","CRT",0.194513715710723
