"","method","pval"
"1","AMCE",0.0290536399309402
"2","CRT",0.0748129675810474
