"","method","pval"
"1","AMCE",0.148249756710772
"2","CRT",0.0798004987531172
