"","method","pval"
"1","AMCE",0.0222676860759277
"2","CRT",0.0324189526184539
