"","method","pval"
"1","AMCE",0.00970218079956523
"2","CRT",0.0149625935162095
