"","method","pval"
"1","AMCE",0.0560513564897185
"2","CRT",0.00498753117206983
