"","method","pval"
"1","AMCE",0.522214768378977
"2","CRT",0.162094763092269
