"","method","pval"
"1","AMCE",0.00235831681193498
"2","CRT",0.389027431421446
