"","method","pval"
"1","AMCE",0.351733741116421
"2","CRT",0.0124688279301746
