"","method","pval"
"1","AMCE",0.100833805926869
"2","CRT",0.00748129675810474
