"","method","pval"
"1","AMCE",0.245348636385261
"2","CRT",0.00748129675810474
