"","method","pval"
"1","AMCE",0.155591162416432
"2","CRT",0.673316708229426
