"","method","pval"
"1","AMCE",0.0158980198620921
"2","CRT",0.56857855361596
