"","method","pval"
"1","AMCE",0.0211647718716916
"2","CRT",0.14214463840399
