"","method","pval"
"1","AMCE",0.141130029034772
"2","CRT",0.00748129675810474
