"","method","pval"
"1","AMCE",0.00984141337075106
"2","CRT",0.788029925187032
