"","method","pval"
"1","AMCE",0.110226294528003
"2","CRT",0.331670822942643
