"","method","pval"
"1","AMCE",0.098907504372482
"2","CRT",0.00249376558603491
