"","method","pval"
"1","AMCE",0.592007946713115
"2","CRT",0.00498753117206983
