"","method","pval"
"1","AMCE",0.0435626884425871
"2","CRT",0.0174563591022444
