"","method","pval"
"1","AMCE",0.24016369529805
"2","CRT",0.0997506234413965
