"","method","pval"
"1","AMCE",0.248075850080047
"2","CRT",0.0224438902743142
