"","method","pval"
"1","AMCE",0.243660845668804
"2","CRT",0.0324189526184539
