"","method","pval"
"1","AMCE",0.0644001959221367
"2","CRT",0.169576059850374
