"","method","pval"
"1","AMCE",0.00724173655902185
"2","CRT",0.00997506234413965
