"","method","pval"
"1","AMCE",0.191106441890364
"2","CRT",0.0224438902743142
