"","method","pval"
"1","AMCE",0.00113555482587215
"2","CRT",0.216957605985037
