"","method","pval"
"1","AMCE",0.0259657260326452
"2","CRT",0.0224438902743142
