"","method","pval"
"1","AMCE",0.236385158982793
"2","CRT",0.0199501246882793
