"","method","pval"
"1","AMCE",0.0392795906711897
"2","CRT",0.00249376558603491
