"","method","pval"
"1","AMCE",0.217489202808769
"2","CRT",0.00997506234413965
