"","method","pval"
"1","AMCE",0.00286990205482624
"2","CRT",0.0224438902743142
