"","method","pval"
"1","AMCE",0.938267409698563
"2","CRT",0.346633416458853
