"","method","pval"
"1","AMCE",0.438625602593619
"2","CRT",0.351620947630923
