"","method","pval"
"1","AMCE",0.13259936462259
"2","CRT",0.00997506234413965
