"","method","pval"
"1","AMCE",0.00563234373191988
"2","CRT",0.244389027431421
