"","method","pval"
"1","AMCE",0.0062957744120517
"2","CRT",0.134663341645885
