"","method","pval"
"1","AMCE",0.171098981550117
"2","CRT",0.00249376558603491
