"","method","pval"
"1","AMCE",0.0141042367592375
"2","CRT",0.00249376558603491
