"","method","pval"
"1","AMCE",0.00816919736283449
"2","CRT",0.71571072319202
