"","method","pval"
"1","AMCE",0.53665922342816
"2","CRT",0.728179551122195
