"","method","pval"
"1","AMCE",0.062197110283115
"2","CRT",0.00498753117206983
