"","method","pval"
"1","AMCE",0.316902963460381
"2","CRT",0.231920199501247
