"","method","pval"
"1","AMCE",0.00596704379351967
"2","CRT",0.00997506234413965
