"","method","pval"
"1","AMCE",0.00528593275948385
"2","CRT",0.00249376558603491
