"","method","pval"
"1","AMCE",0.00670082541527293
"2","CRT",0.104738154613466
