"","method","pval"
"1","AMCE",0.658464293568149
"2","CRT",0.117206982543641
