"","method","pval"
"1","AMCE",0.647239679570676
"2","CRT",0.935162094763092
