"","method","pval"
"1","AMCE",0.654167588836212
"2","CRT",0.0224438902743142
