"","method","pval"
"1","AMCE",0.0297727569044024
"2","CRT",0.271820448877805
