"","method","pval"
"1","AMCE",0.102243808980069
"2","CRT",0.0922693266832918
