"","method","pval"
"1","AMCE",0.0869487126890008
"2","CRT",0.43640897755611
