"","method","pval"
"1","AMCE",0.381000559317915
"2","CRT",0.0199501246882793
