"","method","pval"
"1","AMCE",0.196583762287465
"2","CRT",0.00748129675810474
