"","method","pval"
"1","AMCE",0.0257423502570391
"2","CRT",0.0598503740648379
