"","method","pval"
"1","AMCE",0.0321049658532903
"2","CRT",0.00498753117206983
