"","method","pval"
"1","AMCE",0.917752241488871
"2","CRT",0.0124688279301746
