"","method","pval"
"1","AMCE",0.104845624252443
"2","CRT",0.029925187032419
