"","method","pval"
"1","AMCE",0.0303215931577768
"2","CRT",0.00249376558603491
