"","method","pval"
"1","AMCE",0.390147855148217
"2","CRT",0.0124688279301746
