"","method","pval"
"1","AMCE",0.0909406429084658
"2","CRT",0.00498753117206983
