"","method","pval"
"1","AMCE",0.101686175223112
"2","CRT",0.00498753117206983
