"","method","pval"
"1","AMCE",0.326545283716433
"2","CRT",0.00997506234413965
