"","method","pval"
"1","AMCE",0.684350482635954
"2","CRT",0.513715710723192
