"","method","pval"
"1","AMCE",0.00564838818245934
"2","CRT",0.00997506234413965
