"","method","pval"
"1","AMCE",0.447050597175828
"2","CRT",0.129675810473815
