"","method","pval"
"1","AMCE",0.0217546752380302
"2","CRT",0.00748129675810474
