"","method","pval"
"1","AMCE",0.00251116391979609
"2","CRT",0.0124688279301746
