"","method","pval"
"1","AMCE",0.175112923861076
"2","CRT",0.154613466334165
