"","method","pval"
"1","AMCE",0.00979305877658633
"2","CRT",0.0798004987531172
