"","method","pval"
"1","AMCE",0.0494273536130617
"2","CRT",0.0124688279301746
