"","method","pval"
"1","AMCE",0.380094448849197
"2","CRT",0.129675810473815
