"","method","pval"
"1","AMCE",0.0893120294397616
"2","CRT",0.104738154613466
