"","method","pval"
"1","AMCE",0.0883872085959151
"2","CRT",0.0723192019950125
