"","method","pval"
"1","AMCE",0.230634346687391
"2","CRT",0.541147132169576
