"","method","pval"
"1","AMCE",0.00459300742265154
"2","CRT",0.0773067331670823
