"","method","pval"
"1","AMCE",0.05373219454352
"2","CRT",0.0498753117206983
