"","method","pval"
"1","AMCE",0.0711597573821027
"2","CRT",0.0124688279301746
