"","method","pval"
"1","AMCE",0.00183542925941352
"2","CRT",0.640897755610973
