"","method","pval"
"1","AMCE",0.0230589382772736
"2","CRT",0.28927680798005
