"","method","pval"
"1","AMCE",0.0313249957513131
"2","CRT",0.00249376558603491
