"","method","pval"
"1","AMCE",0.0473108983355995
"2","CRT",0.117206982543641
