"","method","pval"
"1","AMCE",0.00977435664845443
"2","CRT",0.0174563591022444
