"","method","pval"
"1","AMCE",0.364218973621702
"2","CRT",0.261845386533666
