"","method","pval"
"1","AMCE",0.214057535946598
"2","CRT",0.00249376558603491
