"","method","pval"
"1","AMCE",0.814909995933223
"2","CRT",0.154613466334165
