"","method","pval"
"1","AMCE",0.348521825946489
"2","CRT",0.00997506234413965
