"","method","pval"
"1","AMCE",0.0427025675821875
"2","CRT",0.359102244389027
