"","method","pval"
"1","AMCE",0.00265816172007277
"2","CRT",0.204488778054863
