"","method","pval"
"1","AMCE",0.0554393638167446
"2","CRT",0.28927680798005
