"","method","pval"
"1","AMCE",0.76807102612363
"2","CRT",0.029925187032419
