"","method","pval"
"1","AMCE",0.09756255332184
"2","CRT",0.0249376558603491
