"","method","pval"
"1","AMCE",0.164781848517845
"2","CRT",0.0448877805486284
