"","method","pval"
"1","AMCE",0.0186496023273135
"2","CRT",0.029925187032419
