"","method","pval"
"1","AMCE",0.315505178570847
"2","CRT",0.0897755610972569
