"","method","pval"
"1","AMCE",3.19221671878557e-05
"2","CRT",0.00748129675810474
