"","method","pval"
"1","AMCE",0.0447476102126088
"2","CRT",0.0149625935162095
