"","method","pval"
"1","AMCE",0.260090595253893
"2","CRT",0.00249376558603491
