"","method","pval"
"1","AMCE",0.00701072122602307
"2","CRT",0.0174563591022444
