"","method","pval"
"1","AMCE",0.091465695212359
"2","CRT",0.117206982543641
