"","method","pval"
"1","AMCE",0.151940547712625
"2","CRT",0.197007481296758
