"","method","pval"
"1","AMCE",0.000221109380057101
"2","CRT",0.00249376558603491
