"","method","pval"
"1","AMCE",0.113233381782625
"2","CRT",0.29426433915212
