"","method","pval"
"1","AMCE",0.836381464890859
"2","CRT",0.0124688279301746
