"","method","pval"
"1","AMCE",0.0259923789264448
"2","CRT",0.00249376558603491
