"","method","pval"
"1","AMCE",0.131468963537661
"2","CRT",0.304239401496259
