"","method","pval"
"1","AMCE",0.0227372543911795
"2","CRT",0.0324189526184539
