"","method","pval"
"1","AMCE",0.0145470903882548
"2","CRT",0.109725685785536
