"","method","pval"
"1","AMCE",0.0637306525389614
"2","CRT",0.206982543640898
