"","method","pval"
"1","AMCE",0.0454586805315475
"2","CRT",0.0249376558603491
