"","method","pval"
"1","AMCE",0.0273272671496547
"2","CRT",0.0673316708229426
