"","method","pval"
"1","AMCE",0.00840913418072367
"2","CRT",0.144638403990025
