"","method","pval"
"1","AMCE",0.050010728908935
"2","CRT",0.029925187032419
