"","method","pval"
"1","AMCE",0.0030590060096361
"2","CRT",0.359102244389027
