"","method","pval"
"1","AMCE",0.0118676342426765
"2","CRT",0.00249376558603491
