"","method","pval"
"1","AMCE",2.01909414987961e-05
"2","CRT",0.41645885286783
