"","method","pval"
"1","AMCE",0.00981398397602494
"2","CRT",0.0149625935162095
