"","method","pval"
"1","AMCE",0.0299133126119982
"2","CRT",0.199501246882793
