"","method","pval"
"1","AMCE",0.431791895872839
"2","CRT",0.0124688279301746
