"","method","pval"
"1","AMCE",0.587457514373155
"2","CRT",0.00498753117206983
