"","method","pval"
"1","AMCE",0.0543659388500477
"2","CRT",0.304239401496259
