"","method","pval"
"1","AMCE",0.0183984435186793
"2","CRT",0.236907730673317
