"","method","pval"
"1","AMCE",0.014549604647865
"2","CRT",0.0423940149625935
