"","method","pval"
"1","AMCE",0.0836537368479955
"2","CRT",0.0673316708229426
