"","method","pval"
"1","AMCE",0.444818355205168
"2","CRT",0.0124688279301746
