"","method","pval"
"1","AMCE",0.0760643587636046
"2","CRT",0.0997506234413965
