"","method","pval"
"1","AMCE",0.593607257873001
"2","CRT",0.164588528678304
