"","method","pval"
"1","AMCE",0.278246707540577
"2","CRT",0.00997506234413965
