"","method","pval"
"1","AMCE",0.00488182678001487
"2","CRT",0.00997506234413965
