"","method","pval"
"1","AMCE",0.398494875721344
"2","CRT",0.423940149625935
