"","method","pval"
"1","AMCE",0.760961463903458
"2","CRT",0.00249376558603491
