"","method","pval"
"1","AMCE",0.106452557467073
"2","CRT",0.00748129675810474
