"","method","pval"
"1","AMCE",0.0251876638692801
"2","CRT",0.802992518703242
