"","method","pval"
"1","AMCE",0.152083921155434
"2","CRT",0.0648379052369077
