"","method","pval"
"1","AMCE",0.00799663855830694
"2","CRT",0.0149625935162095
