"","method","pval"
"1","AMCE",0.959982824927073
"2","CRT",0.0174563591022444
