"","method","pval"
"1","AMCE",0.0141573614100293
"2","CRT",0.00249376558603491
