"","method","pval"
"1","AMCE",0.00450067570116961
"2","CRT",0.493765586034913
