"","method","pval"
"1","AMCE",0.583821091862619
"2","CRT",0.630922693266833
