"","method","pval"
"1","AMCE",0.0869540290537024
"2","CRT",0.0598503740648379
