"","method","pval"
"1","AMCE",0.915030647226431
"2","CRT",0.331670822942643
