"","method","pval"
"1","AMCE",0.00980712612345963
"2","CRT",0.0149625935162095
