"","method","pval"
"1","AMCE",0.014993310963536
"2","CRT",0.0199501246882793
