"","method","pval"
"1","AMCE",0.00565152312011461
"2","CRT",0.551122194513716
