"","method","pval"
"1","AMCE",0.100721227109813
"2","CRT",0.0374064837905237
