"","method","pval"
"1","AMCE",0.0119153979144016
"2","CRT",0.00498753117206983
