"","method","pval"
"1","AMCE",0.158378890866109
"2","CRT",0.266832917705736
