"","method","pval"
"1","AMCE",0.125039919621542
"2","CRT",0.456359102244389
