"","method","pval"
"1","AMCE",0.249980069374098
"2","CRT",0.00997506234413965
