"","method","pval"
"1","AMCE",0.0708316037278763
"2","CRT",0.00748129675810474
