"","method","pval"
"1","AMCE",0.165877622581559
"2","CRT",0.00498753117206983
