"","method","pval"
"1","AMCE",0.384606820328691
"2","CRT",0.00997506234413965
