"","method","pval"
"1","AMCE",0.00669682976863653
"2","CRT",0.172069825436409
