"","method","pval"
"1","AMCE",0.0998014083117778
"2","CRT",0.0997506234413965
