"","method","pval"
"1","AMCE",0.317333186299366
"2","CRT",0.00498753117206983
