"","method","pval"
"1","AMCE",0.138005580780083
"2","CRT",0.00748129675810474
