"","method","pval"
"1","AMCE",0.315591804752495
"2","CRT",0.0723192019950125
