"","method","pval"
"1","AMCE",0.0146253581162926
"2","CRT",0.987531172069825
