"","method","pval"
"1","AMCE",0.146065555877654
"2","CRT",0.0199501246882793
