"","method","pval"
"1","AMCE",0.0281869923762011
"2","CRT",0.0199501246882793
