"","method","pval"
"1","AMCE",0.0799353694693235
"2","CRT",0.00249376558603491
