"","method","pval"
"1","AMCE",0.16321513159499
"2","CRT",0.199501246882793
