"","method","pval"
"1","AMCE",0.0214138285240103
"2","CRT",0.0548628428927681
