"","method","pval"
"1","AMCE",0.148248314123768
"2","CRT",0.00249376558603491
