"","method","pval"
"1","AMCE",0.0791330493646328
"2","CRT",0.0124688279301746
