"","method","pval"
"1","AMCE",0.183886514276563
"2","CRT",0.27930174563591
