"","method","pval"
"1","AMCE",0.0673507072418403
"2","CRT",0.00997506234413965
