"","method","pval"
"1","AMCE",0.252469379925544
"2","CRT",0.00249376558603491
