"","method","pval"
"1","AMCE",0.0552351909102973
"2","CRT",0.346633416458853
