"","method","pval"
"1","AMCE",0.22181316905333
"2","CRT",0.102244389027431
