"","method","pval"
"1","AMCE",0.485775831929126
"2","CRT",0.286783042394015
