"","method","pval"
"1","AMCE",0.0081655405689248
"2","CRT",0.0349127182044888
