"","method","pval"
"1","AMCE",0.394267029024106
"2","CRT",0.276807980049875
