"","method","pval"
"1","AMCE",0.244214900594138
"2","CRT",0.00997506234413965
