"","method","pval"
"1","AMCE",0.145334066688684
"2","CRT",0.149625935162095
