"","method","pval"
"1","AMCE",0.00768350398493071
"2","CRT",0.127182044887781
