"","method","pval"
"1","AMCE",0.0230728128298802
"2","CRT",0.00748129675810474
