"","method","pval"
"1","AMCE",0.171634231825889
"2","CRT",0.523690773067332
