"","method","pval"
"1","AMCE",0.00451717066429494
"2","CRT",0.0199501246882793
