"","method","pval"
"1","AMCE",0.0155572678496664
"2","CRT",0.336658354114713
