"","method","pval"
"1","AMCE",0.0904556491292276
"2","CRT",0.00748129675810474
