"","method","pval"
"1","AMCE",0.00669358949463419
"2","CRT",0.356608478802993
