"","method","pval"
"1","AMCE",0.00723804902086424
"2","CRT",0.14214463840399
