"","method","pval"
"1","AMCE",0.811667375021249
"2","CRT",0.0199501246882793
