"","method","pval"
"1","AMCE",0.00915944613855596
"2","CRT",0.0149625935162095
