"","method","pval"
"1","AMCE",0.035577719450645
"2","CRT",0.00498753117206983
