"","method","pval"
"1","AMCE",0.0169637357644878
"2","CRT",0.0124688279301746
