"","method","pval"
"1","AMCE",0.0564192068929395
"2","CRT",0.0324189526184539
