"","method","pval"
"1","AMCE",0.00638461294042476
"2","CRT",0.633416458852868
