"","method","pval"
"1","AMCE",3.73805571688054e-06
"2","CRT",0.00498753117206983
