"","method","pval"
"1","AMCE",0.0873564029232267
"2","CRT",0.00249376558603491
