"","method","pval"
"1","AMCE",0.0727614944063688
"2","CRT",0.00498753117206983
