"","method","pval"
"1","AMCE",0.0172362847960917
"2","CRT",0.0448877805486284
