"","method","pval"
"1","AMCE",0.942536755481257
"2","CRT",0.00748129675810474
