"","method","pval"
"1","AMCE",0.0635690897914236
"2","CRT",0.194513715710723
