"","method","pval"
"1","AMCE",0.0991947858825017
"2","CRT",0.127182044887781
