"","method","pval"
"1","AMCE",0.0410894709524419
"2","CRT",0.0224438902743142
