"","method","pval"
"1","AMCE",0.266842472410529
"2","CRT",0.0124688279301746
