"","method","pval"
"1","AMCE",0.107167098595024
"2","CRT",0.00249376558603491
