"","method","pval"
"1","AMCE",0.0500419094219494
"2","CRT",0.0698254364089776
