"","method","pval"
"1","AMCE",0.10929113012254
"2","CRT",0.00498753117206983
