"","method","pval"
"1","AMCE",0.871194604570483
"2","CRT",0.251870324189526
