"","method","pval"
"1","AMCE",0.0238032070457544
"2","CRT",0.00748129675810474
