"","method","pval"
"1","AMCE",0.0486399642608835
"2","CRT",0.0224438902743142
