"","method","pval"
"1","AMCE",0.0741469910844042
"2","CRT",0.70573566084788
