"","method","pval"
"1","AMCE",0.0113109916087324
"2","CRT",0.793017456359102
