"","method","pval"
"1","AMCE",0.350620710776817
"2","CRT",0.0349127182044888
