"","method","pval"
"1","AMCE",0.42350608647022
"2","CRT",0.0748129675810474
