"","method","pval"
"1","AMCE",0.0750457876451875
"2","CRT",0.0523690773067332
