"","method","pval"
"1","AMCE",0.71057448098569
"2","CRT",0.104738154613466
