"","method","pval"
"1","AMCE",0.0260524624871659
"2","CRT",0.0698254364089776
