"","method","pval"
"1","AMCE",0.565269363574199
"2","CRT",0.0473815461346633
