"","method","pval"
"1","AMCE",0.0141610141804022
"2","CRT",0.00249376558603491
