"","method","pval"
"1","AMCE",0.171221752347497
"2","CRT",0.703241895261845
