"","method","pval"
"1","AMCE",0.00376698630056783
"2","CRT",0.0199501246882793
