"","method","pval"
"1","AMCE",0.00844131198777887
"2","CRT",0.00249376558603491
