"","method","pval"
"1","AMCE",0.352699486045459
"2","CRT",0.00997506234413965
