"","method","pval"
"1","AMCE",0.494517655766179
"2","CRT",0.00997506234413965
