"","method","pval"
"1","AMCE",0.134265981772456
"2","CRT",0.408977556109726
