"","method","pval"
"1","AMCE",0.00145376659942363
"2","CRT",0.261845386533666
