"","method","pval"
"1","AMCE",0.00137555547079677
"2","CRT",0.0149625935162095
