"","method","pval"
"1","AMCE",0.218665670960105
"2","CRT",0.0623441396508728
