"","method","pval"
"1","AMCE",0.0977435136371533
"2","CRT",0.0399002493765586
