"","method","pval"
"1","AMCE",0.107038129611235
"2","CRT",0.027431421446384
