"","method","pval"
"1","AMCE",0.0126574295069858
"2","CRT",0.00249376558603491
