"","method","pval"
"1","AMCE",0.0593595245260409
"2","CRT",0.00748129675810474
