"","method","pval"
"1","AMCE",0.148687626208403
"2","CRT",0.00748129675810474
