"","method","pval"
"1","AMCE",0.00360745031775238
"2","CRT",0.0249376558603491
