"","method","pval"
"1","AMCE",0.0196863002422618
"2","CRT",0.00748129675810474
