"","method","pval"
"1","AMCE",0.0218656584324089
"2","CRT",0.309226932668329
