"","method","pval"
"1","AMCE",0.00505706231558169
"2","CRT",0.00997506234413965
