"","method","pval"
"1","AMCE",0.591891355846309
"2","CRT",0.0598503740648379
