"","method","pval"
"1","AMCE",0.0447170895281573
"2","CRT",0.00249376558603491
