"","method","pval"
"1","AMCE",0.673813657857479
"2","CRT",0.00748129675810474
