"","method","pval"
"1","AMCE",0.00398387776673429
"2","CRT",0.0124688279301746
