"","method","pval"
"1","AMCE",0.059393230686812
"2","CRT",0.00249376558603491
