"","method","pval"
"1","AMCE",0.185326532006301
"2","CRT",0.27930174563591
