"","method","pval"
"1","AMCE",0.00751327512946144
"2","CRT",0.00249376558603491
