"","method","pval"
"1","AMCE",0.571261390512357
"2","CRT",0.0224438902743142
