"","method","pval"
"1","AMCE",0.0306864615662682
"2","CRT",0.0698254364089776
