"","method","pval"
"1","AMCE",0.0295940408592096
"2","CRT",0.0498753117206983
