"","method","pval"
"1","AMCE",0.0218822907650093
"2","CRT",0.184538653366584
