"","method","pval"
"1","AMCE",0.030475635932741
"2","CRT",0.144638403990025
