"","method","pval"
"1","AMCE",0.0138490098095224
"2","CRT",0.0648379052369077
