"","method","pval"
"1","AMCE",0.0704059339216394
"2","CRT",0.685785536159601
