"","method","pval"
"1","AMCE",0.58116671938581
"2","CRT",0.00498753117206983
