"","method","pval"
"1","AMCE",0.00866370916104439
"2","CRT",0.167082294264339
