"","method","pval"
"1","AMCE",0.0613291486990699
"2","CRT",0.0124688279301746
