"","method","pval"
"1","AMCE",0.0111889284806028
"2","CRT",0.493765586034913
