"","method","pval"
"1","AMCE",0.0252327032001483
"2","CRT",0.997506234413965
