"","method","pval"
"1","AMCE",0.205857253175999
"2","CRT",0.214463840399002
