"","method","pval"
"1","AMCE",0.14199120562932
"2","CRT",0.0224438902743142
