"","method","pval"
"1","AMCE",0.639476935619788
"2","CRT",0.0773067331670823
