"","method","pval"
"1","AMCE",0.0160485904205354
"2","CRT",0.00748129675810474
