"","method","pval"
"1","AMCE",0.00113766366480128
"2","CRT",0.0822942643391521
