"","method","pval"
"1","AMCE",0.424311576080178
"2","CRT",0.0174563591022444
