"","method","pval"
"1","AMCE",0.0580082790445673
"2","CRT",0.00249376558603491
