"","method","pval"
"1","AMCE",0.453757073186739
"2","CRT",0.00748129675810474
