"","method","pval"
"1","AMCE",0.699338786920392
"2","CRT",0.027431421446384
