"","method","pval"
"1","AMCE",0.00378421972107655
"2","CRT",0.28927680798005
