"","method","pval"
"1","AMCE",0.00785866284933129
"2","CRT",0.127182044887781
