"","method","pval"
"1","AMCE",0.36121206057935
"2","CRT",0.403990024937656
