"","method","pval"
"1","AMCE",0.00251452283354391
"2","CRT",0.0598503740648379
