"","method","pval"
"1","AMCE",0.0595252429743963
"2","CRT",0.0423940149625935
