"","method","pval"
"1","AMCE",0.232925292655191
"2","CRT",0.00249376558603491
