"","method","pval"
"1","AMCE",0.120341122756039
"2","CRT",0.224438902743142
