"","method","pval"
"1","AMCE",0.121047194541808
"2","CRT",0.0947630922693267
