"","method","pval"
"1","AMCE",0.175915501924645
"2","CRT",0.00249376558603491
