"","method","pval"
"1","AMCE",0.0179360490002747
"2","CRT",0.00997506234413965
