"","method","pval"
"1","AMCE",0.423019615407737
"2","CRT",0.00748129675810474
