"","method","pval"
"1","AMCE",0.660770078984692
"2","CRT",0.00249376558603491
