"","method","pval"
"1","AMCE",0.107080527674481
"2","CRT",0.117206982543641
