"","method","pval"
"1","AMCE",0.134235513807043
"2","CRT",0.00997506234413965
