"","method","pval"
"1","AMCE",0.664079487897959
"2","CRT",0.00997506234413965
