"","method","pval"
"1","AMCE",0.00557090172262815
"2","CRT",0.0224438902743142
