"","method","pval"
"1","AMCE",0.683699503878918
"2","CRT",0.0473815461346633
