"","method","pval"
"1","AMCE",0.727408850885932
"2","CRT",0.00748129675810474
