"","method","pval"
"1","AMCE",0.0038279699136643
"2","CRT",0.401496259351621
