"","method","pval"
"1","AMCE",0.0283375918277225
"2","CRT",0.381546134663342
