"","method","pval"
"1","AMCE",0.278230364663794
"2","CRT",0.0174563591022444
