"","method","pval"
"1","AMCE",0.111781836272656
"2","CRT",0.266832917705736
