"","method","pval"
"1","AMCE",0.00917210941421054
"2","CRT",0.14713216957606
