"","method","pval"
"1","AMCE",0.0296890210957938
"2","CRT",0.0423940149625935
