"","method","pval"
"1","AMCE",0.0528128863267028
"2","CRT",0.00748129675810474
