"","method","pval"
"1","AMCE",0.0528128863267148
"2","CRT",0.406483790523691
