"","method","pval"
"1","AMCE",0.863826986016532
"2","CRT",0.00748129675810474
