"","method","pval"
"1","AMCE",0.0432768526612149
"2","CRT",0.321695760598504
