"","method","pval"
"1","AMCE",0.172489136379026
"2","CRT",0.0249376558603491
