"","method","pval"
"1","AMCE",0.0269855704489922
"2","CRT",0.0349127182044888
