"","method","pval"
"1","AMCE",0.0236260834920931
"2","CRT",0.122194513715711
