"","method","pval"
"1","AMCE",0.00876322085854273
"2","CRT",0.00249376558603491
