"","method","pval"
"1","AMCE",0.00382463731363662
"2","CRT",0.4214463840399
