"","method","pval"
"1","AMCE",0.889588107591673
"2","CRT",0.0723192019950125
