"","method","pval"
"1","AMCE",0.211966113238081
"2","CRT",0.162094763092269
