"","method","pval"
"1","AMCE",7.74328592704574e-05
"2","CRT",0.00748129675810474
