"","method","pval"
"1","AMCE",0.0444461307428772
"2","CRT",0.0399002493765586
