"","method","pval"
"1","AMCE",0.00686338847900737
"2","CRT",0.618453865336658
