"","method","pval"
"1","AMCE",0.658794784503568
"2","CRT",0.0174563591022444
