"","method","pval"
"1","AMCE",0.305659333778338
"2","CRT",0.349127182044888
