"","method","pval"
"1","AMCE",2.13349102265066e-05
"2","CRT",0.0897755610972569
