"","method","pval"
"1","AMCE",0.793119656281792
"2","CRT",0.13216957605985
