"","method","pval"
"1","AMCE",0.0954693159959205
"2","CRT",0.0448877805486284
