"","method","pval"
"1","AMCE",0.0748023256841392
"2","CRT",0.785536159600998
