"","method","pval"
"1","AMCE",0.0346386320356127
"2","CRT",0.0124688279301746
