"","method","pval"
"1","AMCE",0.221441969142549
"2","CRT",0.214463840399002
