"","method","pval"
"1","AMCE",0.0734938831619952
"2","CRT",0.00249376558603491
