"","method","pval"
"1","AMCE",0.133042774829073
"2","CRT",0.566084788029925
