"","method","pval"
"1","AMCE",0.0037817647991721
"2","CRT",0.381546134663342
