"","method","pval"
"1","AMCE",0.0225076486377487
"2","CRT",0.0548628428927681
