"","method","pval"
"1","AMCE",0.143431207771934
"2","CRT",0.703241895261845
