"","method","pval"
"1","AMCE",0.0115080474548214
"2","CRT",0.00748129675810474
