"","method","pval"
"1","AMCE",0.0791515315799739
"2","CRT",0.0199501246882793
