"","method","pval"
"1","AMCE",0.00792725784848436
"2","CRT",0.206982543640898
