"","method","pval"
"1","AMCE",0.245336046830077
"2","CRT",0.00748129675810474
