"","method","pval"
"1","AMCE",0.285386430140042
"2","CRT",0.114713216957606
