"","method","pval"
"1","AMCE",0.0168441562216621
"2","CRT",0.0648379052369077
