"","method","pval"
"1","AMCE",0.0672921551296274
"2","CRT",0.177057356608479
