"","method","pval"
"1","AMCE",0.00476965300800391
"2","CRT",0.401496259351621
