"","method","pval"
"1","AMCE",0.0102555720654782
"2","CRT",0.00997506234413965
