"","method","pval"
"1","AMCE",0.0789302018586966
"2","CRT",0.346633416458853
