"","method","pval"
"1","AMCE",0.244117812976472
"2","CRT",0.00997506234413965
