"","method","pval"
"1","AMCE",0.135327908607536
"2","CRT",0.0249376558603491
