"","method","pval"
"1","AMCE",0.00191064568588013
"2","CRT",0.0349127182044888
