"","method","pval"
"1","AMCE",0.00807215517805542
"2","CRT",0.0598503740648379
