"","method","pval"
"1","AMCE",0.00585455722887942
"2","CRT",0.401496259351621
