"","method","pval"
"1","AMCE",0.283342506560315
"2","CRT",0.0473815461346633
