"","method","pval"
"1","AMCE",0.00307631828741562
"2","CRT",0.027431421446384
