"","method","pval"
"1","AMCE",0.231048340125867
"2","CRT",0.0473815461346633
