"","method","pval"
"1","AMCE",0.233740394723095
"2","CRT",0.433915211970075
