"","method","pval"
"1","AMCE",0.0642251065225214
"2","CRT",0.0673316708229426
