"","method","pval"
"1","AMCE",0.0673931598068469
"2","CRT",0.0349127182044888
