"","method","pval"
"1","AMCE",0.857543279491061
"2","CRT",0.00249376558603491
