"","method","pval"
"1","AMCE",0.0215629918231835
"2","CRT",0.0174563591022444
