"","method","pval"
"1","AMCE",0.173857127134855
"2","CRT",0.0448877805486284
