"","method","pval"
"1","AMCE",0.427344484772119
"2","CRT",0.0149625935162095
