"","method","pval"
"1","AMCE",0.00423104266751503
"2","CRT",0.0548628428927681
