"","method","pval"
"1","AMCE",0.00415162913879682
"2","CRT",0.0922693266832918
