"","method","pval"
"1","AMCE",0.00781732159697433
"2","CRT",0.00498753117206983
