"","method","pval"
"1","AMCE",0.0194148689389162
"2","CRT",0.0174563591022444
