"","method","pval"
"1","AMCE",0.131890919493184
"2","CRT",0.234413965087282
