"","method","pval"
"1","AMCE",0.108834880751024
"2","CRT",0.00997506234413965
