"","method","pval"
"1","AMCE",0.124620137572116
"2","CRT",0.00748129675810474
