"","method","pval"
"1","AMCE",0.0150359867714935
"2","CRT",0.0249376558603491
