"","method","pval"
"1","AMCE",0.153585628437721
"2","CRT",0.0423940149625935
