"","method","pval"
"1","AMCE",0.545668186201382
"2","CRT",0.13715710723192
