"","method","pval"
"1","AMCE",0.185019376481013
"2","CRT",0.226932668329177
