"","method","pval"
"1","AMCE",0.0263481245891148
"2","CRT",0.00748129675810474
