"","method","pval"
"1","AMCE",0.0139693245965356
"2","CRT",0.00748129675810474
