"","method","pval"
"1","AMCE",0.00375383951471544
"2","CRT",0.114713216957606
