"","method","pval"
"1","AMCE",0.251403102502367
"2","CRT",0.396508728179551
