"","method","pval"
"1","AMCE",0.0900928647574048
"2","CRT",0.057356608478803
