"","method","pval"
"1","AMCE",0.0263683683777386
"2","CRT",0.134663341645885
