"","method","pval"
"1","AMCE",0.000649525935952557
"2","CRT",0.00249376558603491
