"","method","pval"
"1","AMCE",0.0187905098663288
"2","CRT",0.027431421446384
