"","method","pval"
"1","AMCE",0.0428496992131212
"2","CRT",0.935162094763092
