"","method","pval"
"1","AMCE",0.0345779863676024
"2","CRT",0.00249376558603491
