"","method","pval"
"1","AMCE",0.0987758111088095
"2","CRT",0.376558603491272
