"","method","pval"
"1","AMCE",0.0717047755359717
"2","CRT",0.0174563591022444
