"","method","pval"
"1","AMCE",0.0458819151500422
"2","CRT",0.807980049875312
