"","method","pval"
"1","AMCE",0.0038406516092746
"2","CRT",0.379052369077307
