"","method","pval"
"1","AMCE",0.79198861029746
"2","CRT",0.718204488778055
