"","method","pval"
"1","AMCE",0.108752822411797
"2","CRT",0.384039900249377
