"","method","pval"
"1","AMCE",0.384687307602687
"2","CRT",0.167082294264339
