"","method","pval"
"1","AMCE",0.0157299142748633
"2","CRT",0.107231920199501
