"","method","pval"
"1","AMCE",0.000514403035597924
"2","CRT",0.00997506234413965
