"","method","pval"
"1","AMCE",0.216876192549273
"2","CRT",0.0324189526184539
