"","method","pval"
"1","AMCE",0.215752110108314
"2","CRT",0.194513715710723
