"","method","pval"
"1","AMCE",0.0193440846095043
"2","CRT",0.0623441396508728
