"","method","pval"
"1","AMCE",0.207865268524153
"2","CRT",0.179551122194514
