"","method","pval"
"1","AMCE",0.733590537968651
"2","CRT",0.00249376558603491
