"","method","pval"
"1","AMCE",0.00249925326303599
"2","CRT",0.00498753117206983
