"","method","pval"
"1","AMCE",0.28188167856988
"2","CRT",0.00997506234413965
