"","method","pval"
"1","AMCE",0.0145591922189358
"2","CRT",0.00748129675810474
