"","method","pval"
"1","AMCE",0.00916428093576152
"2","CRT",0.384039900249377
