"","method","pval"
"1","AMCE",0.653974820617141
"2","CRT",0.0698254364089776
