"","method","pval"
"1","AMCE",0.0156199432504379
"2","CRT",0.027431421446384
