"","method","pval"
"1","AMCE",0.517237467883908
"2","CRT",0.0249376558603491
