"","method","pval"
"1","AMCE",0.226686245316655
"2","CRT",0.0349127182044888
