"","method","pval"
"1","AMCE",0.200034128913071
"2","CRT",0.296758104738155
