"","method","pval"
"1","AMCE",0.0341710040718023
"2","CRT",0.00249376558603491
