"","method","pval"
"1","AMCE",0.235444014378174
"2","CRT",0.41645885286783
