"","method","pval"
"1","AMCE",0.116728497488671
"2","CRT",0.29426433915212
