"","method","pval"
"1","AMCE",0.00939354881453091
"2","CRT",0.00997506234413965
