"","method","pval"
"1","AMCE",0.326573133812309
"2","CRT",0.306733167082294
