"","method","pval"
"1","AMCE",0.698534027283335
"2","CRT",0.00748129675810474
