"","method","pval"
"1","AMCE",0.0717563967751124
"2","CRT",0.00249376558603491
