"","method","pval"
"1","AMCE",0.00403153338039263
"2","CRT",0.00997506234413965
