"","method","pval"
"1","AMCE",0.0275272915567542
"2","CRT",0.00249376558603491
