"","method","pval"
"1","AMCE",0.140739270826255
"2","CRT",0.438902743142145
