"","method","pval"
"1","AMCE",0.0343947575212294
"2","CRT",0.0124688279301746
