"","method","pval"
"1","AMCE",0.345623641235199
"2","CRT",0.029925187032419
