"","method","pval"
"1","AMCE",0.255359417983677
"2","CRT",0.00498753117206983
