"","method","pval"
"1","AMCE",0.274397810339313
"2","CRT",0.00249376558603491
