"","method","pval"
"1","AMCE",0.045062230716995
"2","CRT",0.0623441396508728
