"","method","pval"
"1","AMCE",0.917753480083705
"2","CRT",0.832917705735661
