"","method","pval"
"1","AMCE",0.0567302774317821
"2","CRT",0.00748129675810474
