"","method","pval"
"1","AMCE",0.278046694860902
"2","CRT",0.0947630922693267
