"","method","pval"
"1","AMCE",0.0168645968007315
"2","CRT",0.0423940149625935
