"","method","pval"
"1","AMCE",0.0932269775494719
"2","CRT",0.0349127182044888
