"","method","pval"
"1","AMCE",0.394013408577682
"2","CRT",0.172069825436409
