"","method","pval"
"1","AMCE",0.00334568323931935
"2","CRT",0.0623441396508728
