"","method","pval"
"1","AMCE",0.715534102699572
"2","CRT",0.960099750623441
