"","method","pval"
"1","AMCE",0.447480806280218
"2","CRT",0.765586034912718
