"","method","pval"
"1","AMCE",0.138362271614495
"2","CRT",0.0149625935162095
