"","method","pval"
"1","AMCE",0.0289853442455233
"2","CRT",0.149625935162095
