"","method","pval"
"1","AMCE",0.124805580615781
"2","CRT",0.0548628428927681
