"","method","pval"
"1","AMCE",0.653204558354415
"2","CRT",0.0698254364089776
