"","method","pval"
"1","AMCE",0.822512384070576
"2","CRT",0.13715710723192
