"","method","pval"
"1","AMCE",0.0422454668235851
"2","CRT",0.00249376558603491
