"","method","pval"
"1","AMCE",0.00515227713726563
"2","CRT",0.925187032418953
