"","method","pval"
"1","AMCE",0.0133034283918245
"2","CRT",0.00249376558603491
