"","method","pval"
"1","AMCE",0.226419060914063
"2","CRT",0.56857855361596
