"","method","pval"
"1","AMCE",0.00550020926954863
"2","CRT",0.0174563591022444
