"","method","pval"
"1","AMCE",0.00722899851239037
"2","CRT",0.0947630922693267
