"","method","pval"
"1","AMCE",0.00721722435074179
"2","CRT",0.00249376558603491
