"","method","pval"
"1","AMCE",0.0619763069661075
"2","CRT",0.0174563591022444
