"","method","pval"
"1","AMCE",0.000538391296312557
"2","CRT",0.0249376558603491
