"","method","pval"
"1","AMCE",0.10963248732033
"2","CRT",0.0473815461346633
