"","method","pval"
"1","AMCE",0.0201151870596969
"2","CRT",0.226932668329177
