"","method","pval"
"1","AMCE",0.114608807082207
"2","CRT",0.0548628428927681
