"","method","pval"
"1","AMCE",0.81309601071409
"2","CRT",0.149625935162095
