"","method","pval"
"1","AMCE",0.0873365140065432
"2","CRT",0.0423940149625935
