"","method","pval"
"1","AMCE",0.204206036979006
"2","CRT",0.00498753117206983
