"","method","pval"
"1","AMCE",0.165758728798689
"2","CRT",0.00498753117206983
