"","method","pval"
"1","AMCE",0.38008809580932
"2","CRT",0.0124688279301746
