"","method","pval"
"1","AMCE",0.0126438222561127
"2","CRT",0.0448877805486284
