"","method","pval"
"1","AMCE",0.79629220855678
"2","CRT",0.785536159600998
