"","method","pval"
"1","AMCE",0.0178575851371197
"2","CRT",0.117206982543641
