"","method","pval"
"1","AMCE",0.0175250581660325
"2","CRT",0.00498753117206983
