"","method","pval"
"1","AMCE",0.17663236386415
"2","CRT",0.339152119700748
