"","method","pval"
"1","AMCE",0.355721715329588
"2","CRT",0.00748129675810474
