"","method","pval"
"1","AMCE",0.0136540708451386
"2","CRT",0.897755610972569
