"","method","pval"
"1","AMCE",0.0363854139781077
"2","CRT",0.216957605985037
