"","method","pval"
"1","AMCE",0.0185779241686195
"2","CRT",0.0199501246882793
