"","method","pval"
"1","AMCE",0.0136662444543062
"2","CRT",0.159600997506234
