"","method","pval"
"1","AMCE",0.142169264326583
"2","CRT",0.139650872817955
