"","method","pval"
"1","AMCE",0.57017215779266
"2","CRT",0.314214463840399
