"","method","pval"
"1","AMCE",0.0399743607837495
"2","CRT",0.00498753117206983
