"","method","pval"
"1","AMCE",0.944339824542521
"2","CRT",0.0423940149625935
