"","method","pval"
"1","AMCE",0.595137456912661
"2","CRT",0.0349127182044888
