"","method","pval"
"1","AMCE",0.0840129519261659
"2","CRT",0.0822942643391521
