"","method","pval"
"1","AMCE",0.0204991356856127
"2","CRT",0.743142144638404
