"","method","pval"
"1","AMCE",0.707151051794821
"2","CRT",0.00997506234413965
