"","method","pval"
"1","AMCE",0.000936403358327506
"2","CRT",0.14214463840399
