"","method","pval"
"1","AMCE",0.995573498112597
"2","CRT",0.586034912718205
