"","method","pval"
"1","AMCE",0.262766023513764
"2","CRT",0.00249376558603491
