"","method","pval"
"1","AMCE",0.672766689984587
"2","CRT",0.0374064837905237
