"","method","pval"
"1","AMCE",0.00233058291307345
"2","CRT",0.635910224438903
