"","method","pval"
"1","AMCE",0.00452453532833003
"2","CRT",0.0149625935162095
