"","method","pval"
"1","AMCE",0.518672599426884
"2","CRT",0.331670822942643
