"","method","pval"
"1","AMCE",0.00474624159318772
"2","CRT",0.057356608478803
