"","method","pval"
"1","AMCE",0.475207138719911
"2","CRT",0.511221945137157
