"","method","pval"
"1","AMCE",0.0263805171766323
"2","CRT",0.00249376558603491
