"","method","pval"
"1","AMCE",0.136627215387942
"2","CRT",0.0199501246882793
