"","method","pval"
"1","AMCE",0.512931651143065
"2","CRT",0.00249376558603491
