"","method","pval"
"1","AMCE",0.112068504139134
"2","CRT",0.0249376558603491
