"","method","pval"
"1","AMCE",0.17522223097565
"2","CRT",0.149625935162095
