"","method","pval"
"1","AMCE",0.0791223809743717
"2","CRT",0.423940149625935
