"","method","pval"
"1","AMCE",0.28240276802544
"2","CRT",0.192019950124688
