"","method","pval"
"1","AMCE",0.461724587598805
"2","CRT",0.0174563591022444
