"","method","pval"
"1","AMCE",0.0841170159325792
"2","CRT",0.0224438902743142
