"","method","pval"
"1","AMCE",0.00227156259778284
"2","CRT",0.00748129675810474
