"","method","pval"
"1","AMCE",0.00155162924327035
"2","CRT",0.0324189526184539
