"","method","pval"
"1","AMCE",0.178043882965589
"2","CRT",0.00249376558603491
