"","method","pval"
"1","AMCE",0.584229467591414
"2","CRT",0.259351620947631
