"","method","pval"
"1","AMCE",0.0819703575956597
"2","CRT",0.411471321695761
