"","method","pval"
"1","AMCE",0.0956078054828605
"2","CRT",0.0124688279301746
