"","method","pval"
"1","AMCE",0.924992445268164
"2","CRT",0.00997506234413965
