"","method","pval"
"1","AMCE",0.0359937811588925
"2","CRT",0.027431421446384
