"","method","pval"
"1","AMCE",0.0593978360890696
"2","CRT",0.00498753117206983
