"","method","pval"
"1","AMCE",0.191621138260419
"2","CRT",0.15211970074813
