"","method","pval"
"1","AMCE",0.0199914326900818
"2","CRT",0.825436408977556
