"","method","pval"
"1","AMCE",0.937458042622353
"2","CRT",0.00498753117206983
