"","method","pval"
"1","AMCE",0.0533399645178233
"2","CRT",0.0773067331670823
