"","method","pval"
"1","AMCE",0.00980443261013169
"2","CRT",0.55860349127182
