"","method","pval"
"1","AMCE",0.00572650466849296
"2","CRT",0.27930174563591
