"","method","pval"
"1","AMCE",0.2794902174273
"2","CRT",0.0174563591022444
