"","method","pval"
"1","AMCE",0.00750779866228757
"2","CRT",0.00997506234413965
