"","method","pval"
"1","AMCE",0.783930794275729
"2","CRT",0.00997506234413965
