"","method","pval"
"1","AMCE",0.350048848445774
"2","CRT",0.14713216957606
