"","method","pval"
"1","AMCE",0.00368624489201627
"2","CRT",0.0124688279301746
