"","method","pval"
"1","AMCE",0.00436725178149147
"2","CRT",0.00249376558603491
