"","method","pval"
"1","AMCE",0.439318124055944
"2","CRT",0.14214463840399
