"","method","pval"
"1","AMCE",0.155567214332195
"2","CRT",0.0174563591022444
