"","method","pval"
"1","AMCE",0.301726823611963
"2","CRT",0.209476309226933
