"","method","pval"
"1","AMCE",0.023483934173899
"2","CRT",0.122194513715711
