"","method","pval"
"1","AMCE",0.115568009656217
"2","CRT",0.00249376558603491
