"","method","pval"
"1","AMCE",0.0442410077455932
"2","CRT",0.0124688279301746
