"","method","pval"
"1","AMCE",0.215277865574585
"2","CRT",0.206982543640898
