"","method","pval"
"1","AMCE",0.0125348354337776
"2","CRT",0.0897755610972569
