"","method","pval"
"1","AMCE",0.846653464517213
"2","CRT",0.778054862842893
