"","method","pval"
"1","AMCE",0.133719323930572
"2","CRT",0.324189526184539
