"","method","pval"
"1","AMCE",0.620820857666499
"2","CRT",0.057356608478803
