"","method","pval"
"1","AMCE",0.0128549562771958
"2","CRT",0.553615960099751
