"","method","pval"
"1","AMCE",0.00877086414547176
"2","CRT",0.0124688279301746
