"","method","pval"
"1","AMCE",0.689549842086615
"2","CRT",0.905236907730673
