"","method","pval"
"1","AMCE",0.13201301682357
"2","CRT",0.119700748129676
