"","method","pval"
"1","AMCE",0.128326017585731
"2","CRT",0.0748129675810474
