"","method","pval"
"1","AMCE",0.0027695765950342
"2","CRT",0.00249376558603491
