"","method","pval"
"1","AMCE",0.000239479048243669
"2","CRT",0.00498753117206983
