"","method","pval"
"1","AMCE",0.738048658042139
"2","CRT",0.0473815461346633
