"","method","pval"
"1","AMCE",0.127072325716548
"2","CRT",0.28927680798005
