"","method","pval"
"1","AMCE",0.120243406954499
"2","CRT",0.0249376558603491
