"","method","pval"
"1","AMCE",0.102966327684442
"2","CRT",0.0423940149625935
