"","method","pval"
"1","AMCE",0.594062997086181
"2","CRT",0.0399002493765586
