"","method","pval"
"1","AMCE",0.127706122676115
"2","CRT",0.14713216957606
