"","method","pval"
"1","AMCE",0.545306596411178
"2","CRT",0.00249376558603491
