"","method","pval"
"1","AMCE",2.99258762399257e-05
"2","CRT",0.00748129675810474
