"","method","pval"
"1","AMCE",0.351571950577211
"2","CRT",0.00748129675810474
