"","method","pval"
"1","AMCE",0.268234661208761
"2","CRT",0.1571072319202
