"","method","pval"
"1","AMCE",0.0569174682722774
"2","CRT",0.281795511221945
