"","method","pval"
"1","AMCE",0.0321467019318558
"2","CRT",0.0249376558603491
