"","method","pval"
"1","AMCE",0.0528071971520413
"2","CRT",0.00748129675810474
