"","method","pval"
"1","AMCE",0.0135435332729274
"2","CRT",0.00748129675810474
