"","method","pval"
"1","AMCE",0.570065361391461
"2","CRT",0.655860349127182
