"","method","pval"
"1","AMCE",0.000298817348084201
"2","CRT",0.650872817955112
