"","method","pval"
"1","AMCE",0.464326123086411
"2","CRT",0.0249376558603491
