"","method","pval"
"1","AMCE",0.0146281718776245
"2","CRT",0.758104738154613
