"","method","pval"
"1","AMCE",0.940927497834218
"2","CRT",0.548628428927681
