"","method","pval"
"1","AMCE",0.453538331000399
"2","CRT",0.00498753117206983
