"","method","pval"
"1","AMCE",0.184605526160291
"2","CRT",0.0374064837905237
