"","method","pval"
"1","AMCE",0.0299016094623865
"2","CRT",0.261845386533666
