"","method","pval"
"1","AMCE",0.248428227802049
"2","CRT",0.00997506234413965
