"","method","pval"
"1","AMCE",0.400724195728815
"2","CRT",0.0872817955112219
