"","method","pval"
"1","AMCE",0.0933716018810297
"2","CRT",0.0224438902743142
