"","method","pval"
"1","AMCE",0.0594016837398034
"2","CRT",0.99501246882793
