"","method","pval"
"1","AMCE",0.0229159186994521
"2","CRT",0.0947630922693267
