"","method","pval"
"1","AMCE",0.860236961127693
"2","CRT",0.0224438902743142
