"","method","pval"
"1","AMCE",0.19672799160248
"2","CRT",0.0149625935162095
