"","method","pval"
"1","AMCE",0.423187551781898
"2","CRT",0.374064837905237
