"","method","pval"
"1","AMCE",0.0319113210501692
"2","CRT",0.346633416458853
