"","method","pval"
"1","AMCE",0.030974788209857
"2","CRT",0.184538653366584
