"","method","pval"
"1","AMCE",0.0110704056365897
"2","CRT",0.0798004987531172
