"","method","pval"
"1","AMCE",0.000900007199834614
"2","CRT",0.301745635910224
