"","method","pval"
"1","AMCE",0.0830317335236987
"2","CRT",0.00498753117206983
