"","method","pval"
"1","AMCE",0.15208633347782
"2","CRT",0.00498753117206983
