"","method","pval"
"1","AMCE",0.027646530876267
"2","CRT",0.192019950124688
