"","method","pval"
"1","AMCE",0.185434775389797
"2","CRT",0.0149625935162095
