"","method","pval"
"1","AMCE",0.104545956635917
"2","CRT",0.29925187032419
