"","method","pval"
"1","AMCE",0.00201815229954131
"2","CRT",0.0374064837905237
