"","method","pval"
"1","AMCE",0.0226120422679051
"2","CRT",0.389027431421446
