"","method","pval"
"1","AMCE",0.0132701556021998
"2","CRT",0.508728179551122
