"","method","pval"
"1","AMCE",0.904596230053835
"2","CRT",0.00249376558603491
