"","method","pval"
"1","AMCE",0.0544437801982569
"2","CRT",0.0249376558603491
