"","method","pval"
"1","AMCE",0.0351312436191802
"2","CRT",0.356608478802993
