"","method","pval"
"1","AMCE",0.0439748224961001
"2","CRT",0.0698254364089776
