"","method","pval"
"1","AMCE",0.0666853133551624
"2","CRT",0.0124688279301746
