"","method","pval"
"1","AMCE",0.000896844001750036
"2","CRT",0.376558603491272
