"","method","pval"
"1","AMCE",0.368576204942022
"2","CRT",0.85785536159601
