"","method","pval"
"1","AMCE",0.661135036893968
"2","CRT",0.344139650872818
