"","method","pval"
"1","AMCE",0.756132058549594
"2","CRT",0.528678304239402
