"","method","pval"
"1","AMCE",0.0254977133944138
"2","CRT",0.266832917705736
