"","method","pval"
"1","AMCE",0.292991201053457
"2","CRT",0.00498753117206983
