"","method","pval"
"1","AMCE",0.197331789141095
"2","CRT",0.00748129675810474
