"","method","pval"
"1","AMCE",0.986123518900135
"2","CRT",0.122194513715711
