"","method","pval"
"1","AMCE",0.817340446267782
"2","CRT",0.192019950124688
