"","method","pval"
"1","AMCE",0.0257720992523528
"2","CRT",0.571072319201995
