"","method","pval"
"1","AMCE",0.0134514180393799
"2","CRT",0.00249376558603491
