"","method","pval"
"1","AMCE",0.468813472204817
"2","CRT",0.309226932668329
