"","method","pval"
"1","AMCE",0.0739995553441297
"2","CRT",0.0199501246882793
