"","method","pval"
"1","AMCE",0.0274729571669699
"2","CRT",0.164588528678304
