"","method","pval"
"1","AMCE",0.15858682413226
"2","CRT",0.0897755610972569
