"","method","pval"
"1","AMCE",0.0942592971273636
"2","CRT",0.122194513715711
