"","method","pval"
"1","AMCE",0.00190289171381676
"2","CRT",0.932668329177057
