"","method","pval"
"1","AMCE",7.35286497508454e-05
"2","CRT",0.117206982543641
