"","method","pval"
"1","AMCE",0.135602141158442
"2","CRT",0.102244389027431
