"","method","pval"
"1","AMCE",0.0188694471392249
"2","CRT",0.304239401496259
