"","method","pval"
"1","AMCE",0.139542504407829
"2","CRT",0.42643391521197
