"","method","pval"
"1","AMCE",0.013150042410307
"2","CRT",0.0349127182044888
