"","method","pval"
"1","AMCE",0.0121555125264283
"2","CRT",0.00748129675810474
