"","method","pval"
"1","AMCE",0.231765341409238
"2","CRT",0.0523690773067332
