"","method","pval"
"1","AMCE",0.454543677335319
"2","CRT",0.206982543640898
