"","method","pval"
"1","AMCE",0.215275418255186
"2","CRT",0.0648379052369077
