"","method","pval"
"1","AMCE",0.0162554597626343
"2","CRT",0.029925187032419
