"","method","pval"
"1","AMCE",0.0705914906963038
"2","CRT",0.192019950124688
