"","method","pval"
"1","AMCE",0.00496691740542406
"2","CRT",0.00249376558603491
