"","method","pval"
"1","AMCE",0.341643469469017
"2","CRT",0.00748129675810474
