"","method","pval"
"1","AMCE",0.666876660476545
"2","CRT",0.00498753117206983
