"","method","pval"
"1","AMCE",0.28298571349686
"2","CRT",0.122194513715711
