"","method","pval"
"1","AMCE",0.397534888768973
"2","CRT",0.0523690773067332
