"","method","pval"
"1","AMCE",0.184814988561013
"2","CRT",0.00997506234413965
