"","method","pval"
"1","AMCE",0.00572738890349288
"2","CRT",0.00249376558603491
