"","method","pval"
"1","AMCE",0.00162847244849312
"2","CRT",0.286783042394015
