"","method","pval"
"1","AMCE",0.00192046600402726
"2","CRT",0.15211970074813
