"","method","pval"
"1","AMCE",0.264602460644353
"2","CRT",0.872817955112219
