"","method","pval"
"1","AMCE",0.0496977913084205
"2","CRT",0.0598503740648379
