"","method","pval"
"1","AMCE",0.966053645087544
"2","CRT",0.00748129675810474
