"","method","pval"
"1","AMCE",0.141565701117024
"2","CRT",0.850374064837905
