"","method","pval"
"1","AMCE",0.195539820533109
"2","CRT",0.00748129675810474
