"","method","pval"
"1","AMCE",0.0336176001362866
"2","CRT",0.895261845386534
