"","method","pval"
"1","AMCE",0.691454472132358
"2","CRT",0.5785536159601
