"","method","pval"
"1","AMCE",0.0596884396313326
"2","CRT",0.029925187032419
