"","method","pval"
"1","AMCE",0.717756048815785
"2","CRT",0.0623441396508728
