"","method","pval"
"1","AMCE",0.326566252239256
"2","CRT",0.99501246882793
