"","method","pval"
"1","AMCE",0.00156257874452727
"2","CRT",0.0374064837905237
