"","method","pval"
"1","AMCE",0.0246508672353335
"2","CRT",0.795511221945137
