"","method","pval"
"1","AMCE",0.383934137527153
"2","CRT",0.00997506234413965
