"","method","pval"
"1","AMCE",0.0728805683422566
"2","CRT",0.0498753117206983
