"","method","pval"
"1","AMCE",0.116538520644978
"2","CRT",0.00997506234413965
