"","method","pval"
"1","AMCE",0.183600318409094
"2","CRT",0.406483790523691
