"","method","pval"
"1","AMCE",0.160332436134985
"2","CRT",0.119700748129676
