"","method","pval"
"1","AMCE",0.0112052350146721
"2","CRT",0.0897755610972569
