"","method","pval"
"1","AMCE",0.00120974596642013
"2","CRT",0.246882793017456
