"","method","pval"
"1","AMCE",0.16254480666291
"2","CRT",0.00748129675810474
