"","method","pval"
"1","AMCE",0.0130050996373874
"2","CRT",0.0598503740648379
