"","method","pval"
"1","AMCE",0.144436363108857
"2","CRT",0.0174563591022444
