"","method","pval"
"1","AMCE",0.532003023641927
"2","CRT",0.0174563591022444
