"","method","pval"
"1","AMCE",0.00923737026032152
"2","CRT",0.00997506234413965
