"","method","pval"
"1","AMCE",0.288912700784276
"2","CRT",0.00498753117206983
