"","method","pval"
"1","AMCE",0.0510182403806471
"2","CRT",0.0374064837905237
