"","method","pval"
"1","AMCE",0.0169012653671763
"2","CRT",0.0199501246882793
