"","method","pval"
"1","AMCE",0.119539503898492
"2","CRT",0.0798004987531172
