"","method","pval"
"1","AMCE",0.0104696479863662
"2","CRT",0.00498753117206983
