"","method","pval"
"1","AMCE",0.00045188954675722
"2","CRT",0.0773067331670823
