"","method","pval"
"1","AMCE",0.0586033378302659
"2","CRT",0.00249376558603491
