"","method","pval"
"1","AMCE",0.0437456432853758
"2","CRT",0.339152119700748
