"","method","pval"
"1","AMCE",0.00113748106665757
"2","CRT",0.411471321695761
