"","method","pval"
"1","AMCE",0.16183527748862
"2","CRT",0.0124688279301746
