"","method","pval"
"1","AMCE",0.0932437660922034
"2","CRT",0.523690773067332
