"","method","pval"
"1","AMCE",0.00230850840163823
"2","CRT",0.703241895261845
