"","method","pval"
"1","AMCE",0.0246691445298724
"2","CRT",0.00249376558603491
