"","method","pval"
"1","AMCE",0.121286291036363
"2","CRT",0.0174563591022444
