"","method","pval"
"1","AMCE",0.583423252070808
"2","CRT",0.0199501246882793
