"","method","pval"
"1","AMCE",0.00593238959567715
"2","CRT",0.139650872817955
