"","method","pval"
"1","AMCE",0.623792296068579
"2","CRT",0.209476309226933
