"","method","pval"
"1","AMCE",0.053301371756016
"2","CRT",0.124688279301746
