"","method","pval"
"1","AMCE",0.47204721108484
"2","CRT",0.00748129675810474
