"","method","pval"
"1","AMCE",0.816276432877718
"2","CRT",0.0149625935162095
