"","method","pval"
"1","AMCE",0.420270050733654
"2","CRT",0.309226932668329
