"","method","pval"
"1","AMCE",0.792024133126812
"2","CRT",0.00249376558603491
