"","method","pval"
"1","AMCE",0.049736952878308
"2","CRT",0.0947630922693267
