"","method","pval"
"1","AMCE",0.135710999817672
"2","CRT",0.00498753117206983
