"","method","pval"
"1","AMCE",0.0766407057186161
"2","CRT",0.0324189526184539
