"","method","pval"
"1","AMCE",0.0174560590285157
"2","CRT",0.00249376558603491
