"","method","pval"
"1","AMCE",0.112314136881439
"2","CRT",0.0249376558603491
