"","method","pval"
"1","AMCE",0.289634125394947
"2","CRT",0.0872817955112219
