"","method","pval"
"1","AMCE",0.00275554206753526
"2","CRT",0.0523690773067332
