"","method","pval"
"1","AMCE",0.0762145572137278
"2","CRT",0.027431421446384
