"","method","pval"
"1","AMCE",0.0363253938394945
"2","CRT",0.0623441396508728
