"","method","pval"
"1","AMCE",0.0039386474017494
"2","CRT",0.28428927680798
