"","method","pval"
"1","AMCE",0.164602066820221
"2","CRT",0.194513715710723
