"","method","pval"
"1","AMCE",0.00758825234450025
"2","CRT",0.413965087281795
