"","method","pval"
"1","AMCE",0.0558134722179735
"2","CRT",0.645885286783042
