"","method","pval"
"1","AMCE",0.057572845116126
"2","CRT",0.00498753117206983
