"","method","pval"
"1","AMCE",0.313883534265079
"2","CRT",0.00249376558603491
