"","method","pval"
"1","AMCE",0.0447480639280448
"2","CRT",0.00748129675810474
