"","method","pval"
"1","AMCE",0.0166635863102477
"2","CRT",0.0349127182044888
