"","method","pval"
"1","AMCE",0.00446189498969093
"2","CRT",0.057356608478803
