"","method","pval"
"1","AMCE",0.0338747686394436
"2","CRT",0.134663341645885
