"","method","pval"
"1","AMCE",0.00547028143964511
"2","CRT",0.00748129675810474
