"","method","pval"
"1","AMCE",0.0667750947731891
"2","CRT",0.00748129675810474
