"","method","pval"
"1","AMCE",0.769749071793042
"2","CRT",0.00748129675810474
