"","method","pval"
"1","AMCE",0.0299838715951253
"2","CRT",0.154613466334165
