"","method","pval"
"1","AMCE",0.0642380256800912
"2","CRT",0.478802992518703
