"","method","pval"
"1","AMCE",0.0663062324085962
"2","CRT",0.027431421446384
