"","method","pval"
"1","AMCE",0.0117254541728673
"2","CRT",0.216957605985037
