"","method","pval"
"1","AMCE",0.0667769123211661
"2","CRT",0.309226932668329
