"","method","pval"
"1","AMCE",0.00737789471349646
"2","CRT",0.00498753117206983
