"","method","pval"
"1","AMCE",0.0451342123669544
"2","CRT",0.837905236907731
