"","method","pval"
"1","AMCE",0.00878995623196065
"2","CRT",0.488778054862843
