"","method","pval"
"1","AMCE",0.235698620738767
"2","CRT",0.0972568578553616
