"","method","pval"
"1","AMCE",0.00905847657367705
"2","CRT",0.00748129675810474
