"","method","pval"
"1","AMCE",0.0651938248088203
"2","CRT",0.0872817955112219
