"","method","pval"
"1","AMCE",0.0364923609728858
"2","CRT",0.850374064837905
