"","method","pval"
"1","AMCE",0.0312190036787822
"2","CRT",0.0224438902743142
