"","method","pval"
"1","AMCE",0.164559690307663
"2","CRT",0.930174563591022
