"","method","pval"
"1","AMCE",0.760747668663933
"2","CRT",0.0124688279301746
