"","method","pval"
"1","AMCE",0.0965277388907237
"2","CRT",0.0124688279301746
