"","method","pval"
"1","AMCE",0.0643610825833252
"2","CRT",0.134663341645885
