"","method","pval"
"1","AMCE",0.0666727798545705
"2","CRT",0.0224438902743142
