"","method","pval"
"1","AMCE",0.021555626406707
"2","CRT",0.276807980049875
