"","method","pval"
"1","AMCE",0.0113889298847838
"2","CRT",0.837905236907731
