"","method","pval"
"1","AMCE",0.00125948855635491
"2","CRT",0.0448877805486284
