"","method","pval"
"1","AMCE",0.0212132971396321
"2","CRT",0.0324189526184539
