"","method","pval"
"1","AMCE",0.0212965699902448
"2","CRT",0.309226932668329
