"","method","pval"
"1","AMCE",0.926172919936651
"2","CRT",0.246882793017456
