"","method","pval"
"1","AMCE",0.2574207594472
"2","CRT",0.0324189526184539
