"","method","pval"
"1","AMCE",0.121052342396556
"2","CRT",0.0648379052369077
