"","method","pval"
"1","AMCE",0.104796688712424
"2","CRT",0.254364089775561
