"","method","pval"
"1","AMCE",0.0152317368311548
"2","CRT",0.00498753117206983
