"","method","pval"
"1","AMCE",0.227973549015984
"2","CRT",0.324189526184539
