"","method","pval"
"1","AMCE",0.0248368192632577
"2","CRT",0.0423940149625935
