"","method","pval"
"1","AMCE",0.338954980396138
"2","CRT",0.00249376558603491
