"","method","pval"
"1","AMCE",0.00818680536715689
"2","CRT",0.566084788029925
