"","method","pval"
"1","AMCE",0.700472545974481
"2","CRT",0.119700748129676
