"","method","pval"
"1","AMCE",0.295017869389893
"2","CRT",0.00249376558603491
