"","method","pval"
"1","AMCE",0.850897587979554
"2","CRT",0.0399002493765586
