"","method","pval"
"1","AMCE",0.0111515151745442
"2","CRT",0.0224438902743142
