"","method","pval"
"1","AMCE",0.49512723156903
"2","CRT",0.0473815461346633
