"","method","pval"
"1","AMCE",0.482263522367099
"2","CRT",0.521197007481297
