"","method","pval"
"1","AMCE",0.0518433671789133
"2","CRT",0.00249376558603491
