"","method","pval"
"1","AMCE",0.530446161198318
"2","CRT",0.192019950124688
