"","method","pval"
"1","AMCE",0.00434332767029964
"2","CRT",0.194513715710723
