"","method","pval"
"1","AMCE",0.379017655674539
"2","CRT",0.0224438902743142
