"","method","pval"
"1","AMCE",0.157687355968979
"2","CRT",0.00249376558603491
