"","method","pval"
"1","AMCE",0.264137346651537
"2","CRT",0.0773067331670823
