"","method","pval"
"1","AMCE",0.478722498940323
"2","CRT",0.0798004987531172
