"","method","pval"
"1","AMCE",0.178810737922148
"2","CRT",0.0598503740648379
