"","method","pval"
"1","AMCE",0.0199084291161377
"2","CRT",0.00249376558603491
