"","method","pval"
"1","AMCE",0.0135984829433368
"2","CRT",0.00498753117206983
