"","method","pval"
"1","AMCE",0.0285054643859172
"2","CRT",0.0997506234413965
