"","method","pval"
"1","AMCE",0.737172478982807
"2","CRT",0.304239401496259
