"","method","pval"
"1","AMCE",0.0180265266279971
"2","CRT",0.0897755610972569
