"","method","pval"
"1","AMCE",0.0364668774001634
"2","CRT",0.346633416458853
