"","method","pval"
"1","AMCE",0.0353381136557663
"2","CRT",0.0349127182044888
