"","method","pval"
"1","AMCE",0.0581308542850358
"2","CRT",0.0224438902743142
