"","method","pval"
"1","AMCE",0.113183053328138
"2","CRT",0.0199501246882793
