"","method","pval"
"1","AMCE",0.661412948921092
"2","CRT",0.00249376558603491
