"","method","pval"
"1","AMCE",0.112356606088808
"2","CRT",0.0249376558603491
