"","method","pval"
"1","AMCE",0.677133564534577
"2","CRT",0.117206982543641
