"","method","pval"
"1","AMCE",0.252806400901896
"2","CRT",0.0224438902743142
