"","method","pval"
"1","AMCE",0.773724394784545
"2","CRT",0.0374064837905237
