"","method","pval"
"1","AMCE",0.255942724254289
"2","CRT",0.134663341645885
