"","method","pval"
"1","AMCE",0.463548272570776
"2","CRT",0.351620947630923
