"","method","pval"
"1","AMCE",0.881482100650797
"2","CRT",0.179551122194514
