"","method","pval"
"1","AMCE",0.000360286787338503
"2","CRT",0.00997506234413965
