"","method","pval"
"1","AMCE",0.823241130123019
"2","CRT",0.0897755610972569
