"","method","pval"
"1","AMCE",0.292647202602098
"2","CRT",0.0473815461346633
