"","method","pval"
"1","AMCE",0.00525501206989494
"2","CRT",0.269326683291771
