"","method","pval"
"1","AMCE",0.0413769583410372
"2","CRT",0.0523690773067332
