"","method","pval"
"1","AMCE",0.294681172428763
"2","CRT",0.29925187032419
