"","method","pval"
"1","AMCE",0.541780298357985
"2","CRT",0.0174563591022444
