"","method","pval"
"1","AMCE",0.0187833382222023
"2","CRT",0.27431421446384
