"","method","pval"
"1","AMCE",0.615251676283908
"2","CRT",0.00249376558603491
