"","method","pval"
"1","AMCE",0.00351518142942964
"2","CRT",0.144638403990025
