"","method","pval"
"1","AMCE",0.0174971681720547
"2","CRT",0.0648379052369077
