"","method","pval"
"1","AMCE",0.114975804396367
"2","CRT",0.0773067331670823
