"","method","pval"
"1","AMCE",0.0561839485543156
"2","CRT",0.456359102244389
