"","method","pval"
"1","AMCE",0.388326699981309
"2","CRT",0.00498753117206983
