"","method","pval"
"1","AMCE",0.0522218957301284
"2","CRT",0.00498753117206983
