"","method","pval"
"1","AMCE",0.113530134728206
"2","CRT",0.00748129675810474
