"","method","pval"
"1","AMCE",0.235005374384283
"2","CRT",0.620947630922693
