"","method","pval"
"1","AMCE",0.451755694422861
"2","CRT",0.00249376558603491
