"","method","pval"
"1","AMCE",0.00230900818162043
"2","CRT",0.00748129675810474
