"","method","pval"
"1","AMCE",0.141139220655277
"2","CRT",0.216957605985037
