"","method","pval"
"1","AMCE",0.0883852979879116
"2","CRT",0.0698254364089776
