"","method","pval"
"1","AMCE",0.152529046226548
"2","CRT",0.00498753117206983
