"","method","pval"
"1","AMCE",0.014165736994616
"2","CRT",0.00249376558603491
