"","method","pval"
"1","AMCE",0.0478571270572522
"2","CRT",0.0623441396508728
