"","method","pval"
"1","AMCE",0.0111882391053027
"2","CRT",0.0124688279301746
