"","method","pval"
"1","AMCE",0.211857867593864
"2","CRT",0.194513715710723
