"","method","pval"
"1","AMCE",0.274231829239175
"2","CRT",0.00498753117206983
