"","method","pval"
"1","AMCE",0.00948335005034261
"2","CRT",0.00498753117206983
