"","method","pval"
"1","AMCE",0.0280670456637545
"2","CRT",0.0897755610972569
