"","method","pval"
"1","AMCE",0.0217640575863523
"2","CRT",0.057356608478803
