"","method","pval"
"1","AMCE",0.722947287800193
"2","CRT",0.581047381546135
