"","method","pval"
"1","AMCE",0.922398602778858
"2","CRT",0.194513715710723
