"","method","pval"
"1","AMCE",0.213171988664176
"2","CRT",0.1571072319202
