"","method","pval"
"1","AMCE",0.0106289473175011
"2","CRT",0.0723192019950125
