"","method","pval"
"1","AMCE",0.118342250342212
"2","CRT",0.00249376558603491
