"","method","pval"
"1","AMCE",0.0528087774680516
"2","CRT",0.149625935162095
