"","method","pval"
"1","AMCE",0.159876665948166
"2","CRT",0.102244389027431
