"","method","pval"
"1","AMCE",0.00836105127369456
"2","CRT",0.00249376558603491
