"","method","pval"
"1","AMCE",0.0263636499335209
"2","CRT",0.977556109725686
