"","method","pval"
"1","AMCE",0.00528912241114779
"2","CRT",0.0773067331670823
