"","method","pval"
"1","AMCE",0.0723649546191363
"2","CRT",0.119700748129676
