"","method","pval"
"1","AMCE",0.275543182095318
"2","CRT",0.43142144638404
