"","method","pval"
"1","AMCE",0.0182896002437143
"2","CRT",0.00498753117206983
