"","method","pval"
"1","AMCE",0.282505501294162
"2","CRT",0.114713216957606
