"","method","pval"
"1","AMCE",0.696298267325536
"2","CRT",0.00997506234413965
