"","method","pval"
"1","AMCE",0.0308145042845787
"2","CRT",0.0822942643391521
