"","method","pval"
"1","AMCE",0.011806050448823
"2","CRT",0.0149625935162095
