"","method","pval"
"1","AMCE",0.010700067760206
"2","CRT",0.0174563591022444
