"","method","pval"
"1","AMCE",0.00517673920068211
"2","CRT",0.793017456359102
