"","method","pval"
"1","AMCE",0.0326539687668297
"2","CRT",0.0199501246882793
