"","method","pval"
"1","AMCE",0.560010780138915
"2","CRT",0.0598503740648379
