"","method","pval"
"1","AMCE",0.0538241074230035
"2","CRT",0.00498753117206983
