"","method","pval"
"1","AMCE",0.289849685327843
"2","CRT",0.28927680798005
