"","method","pval"
"1","AMCE",0.00449748852943084
"2","CRT",0.0174563591022444
