"","method","pval"
"1","AMCE",0.41801704383488
"2","CRT",0.00249376558603491
