"","method","pval"
"1","AMCE",0.0903085460597679
"2","CRT",0.0523690773067332
