"","method","pval"
"1","AMCE",0.00631313840484539
"2","CRT",0.256857855361596
