"","method","pval"
"1","AMCE",0.0170967638996461
"2","CRT",0.214463840399002
