"","method","pval"
"1","AMCE",0.00974509789644517
"2","CRT",0.0698254364089776
