"","method","pval"
"1","AMCE",0.0295526028197663
"2","CRT",0.00997506234413965
