"","method","pval"
"1","AMCE",0.0581559856857382
"2","CRT",0.648379052369077
