"","method","pval"
"1","AMCE",0.0836042578334594
"2","CRT",0.0698254364089776
