"","method","pval"
"1","AMCE",0.193341531816913
"2","CRT",0.162094763092269
