"","method","pval"
"1","AMCE",0.0164750236229963
"2","CRT",0.0423940149625935
