"","method","pval"
"1","AMCE",0.0189467968643946
"2","CRT",0.0149625935162095
