"","method","pval"
"1","AMCE",0.198325811193762
"2","CRT",0.00997506234413965
