"","method","pval"
"1","AMCE",0.0836652819430227
"2","CRT",0.00748129675810474
