"","method","pval"
"1","AMCE",0.380950187631412
"2","CRT",0.00249376558603491
