"","method","pval"
"1","AMCE",0.103325745496701
"2","CRT",0.331670822942643
