"","method","pval"
"1","AMCE",0.211680010125012
"2","CRT",0.0473815461346633
