"","method","pval"
"1","AMCE",0.167443458276797
"2","CRT",0.638403990024938
