"","method","pval"
"1","AMCE",0.331634393534359
"2","CRT",0.241895261845387
