"","method","pval"
"1","AMCE",0.0162251016040661
"2","CRT",0.0149625935162095
