"","method","pval"
"1","AMCE",0.163456248433148
"2","CRT",0.00997506234413965
