"","method","pval"
"1","AMCE",0.0014897706315282
"2","CRT",0.206982543640898
