"","method","pval"
"1","AMCE",0.0152806462128498
"2","CRT",0.00997506234413965
