"","method","pval"
"1","AMCE",0.574741167606446
"2","CRT",0.00498753117206983
