"","method","pval"
"1","AMCE",0.00670038675621228
"2","CRT",0.43142144638404
