"","method","pval"
"1","AMCE",0.0655366916821658
"2","CRT",0.0349127182044888
