"","method","pval"
"1","AMCE",0.856594063552478
"2","CRT",0.501246882793017
