"","method","pval"
"1","AMCE",0.0117268166574903
"2","CRT",0.0324189526184539
