"","method","pval"
"1","AMCE",0.1618592166501
"2","CRT",0.00498753117206983
