"","method","pval"
"1","AMCE",0.0163266930229249
"2","CRT",0.940149625935162
