"","method","pval"
"1","AMCE",0.301776143458401
"2","CRT",0.359102244389027
