"","method","pval"
"1","AMCE",0.0901943778747189
"2","CRT",0.209476309226933
