"","method","pval"
"1","AMCE",0.157490417497973
"2","CRT",0.211970074812968
