"","method","pval"
"1","AMCE",0.0276370820448791
"2","CRT",0.00249376558603491
