"","method","pval"
"1","AMCE",0.0481566574838027
"2","CRT",0.00249376558603491
