"","method","pval"
"1","AMCE",0.0766562582181925
"2","CRT",0.0399002493765586
