"","method","pval"
"1","AMCE",0.0348411466478946
"2","CRT",0.501246882793017
