"","method","pval"
"1","AMCE",0.0512045300857141
"2","CRT",0.0374064837905237
