"","method","pval"
"1","AMCE",0.0354076612641877
"2","CRT",0.546134663341646
