"","method","pval"
"1","AMCE",0.139184621290844
"2","CRT",0.0149625935162095
