"","method","pval"
"1","AMCE",0.0528921083691477
"2","CRT",0.413965087281795
