"","method","pval"
"1","AMCE",0.0132444140162042
"2","CRT",0.057356608478803
