"","method","pval"
"1","AMCE",0.116579179517998
"2","CRT",0.00249376558603491
