"","method","pval"
"1","AMCE",0.250873899852315
"2","CRT",0.00249376558603491
