"","method","pval"
"1","AMCE",0.0481686335768769
"2","CRT",0.00249376558603491
