"","method","pval"
"1","AMCE",0.00324042736633439
"2","CRT",0.855361596009975
