"","method","pval"
"1","AMCE",0.00567299887662749
"2","CRT",0.0773067331670823
