"","method","pval"
"1","AMCE",0.561208644781981
"2","CRT",0.483790523690773
