"","method","pval"
"1","AMCE",0.0860348981434697
"2","CRT",0.0324189526184539
