"","method","pval"
"1","AMCE",0.117156244296931
"2","CRT",0.326683291770574
