"","method","pval"
"1","AMCE",0.00125408921094111
"2","CRT",0.538653366583541
