"","method","pval"
"1","AMCE",0.0254266682483164
"2","CRT",0.027431421446384
