"","method","pval"
"1","AMCE",0.233043123164185
"2","CRT",0.184538653366584
