"","method","pval"
"1","AMCE",0.0113900807143241
"2","CRT",0.0798004987531172
