"","method","pval"
"1","AMCE",0.115536558954969
"2","CRT",0.00249376558603491
