"","method","pval"
"1","AMCE",0.660049152485653
"2","CRT",0.00498753117206983
