"","method","pval"
"1","AMCE",0.0139706535782417
"2","CRT",0.129675810473815
