"","method","pval"
"1","AMCE",0.0342128240490285
"2","CRT",0.194513715710723
