"","method","pval"
"1","AMCE",0.148249125579504
"2","CRT",0.0773067331670823
