"","method","pval"
"1","AMCE",0.312166123133754
"2","CRT",0.0149625935162095
