"","method","pval"
"1","AMCE",0.0344452720412012
"2","CRT",0.0498753117206983
