"","method","pval"
"1","AMCE",0.0706340609986917
"2","CRT",0.0349127182044888
