"","method","pval"
"1","AMCE",0.226149432366632
"2","CRT",0.381546134663342
