"","method","pval"
"1","AMCE",0.00960169987978044
"2","CRT",0.693266832917706
