"","method","pval"
"1","AMCE",0.00704292180285491
"2","CRT",0.00249376558603491
