"","method","pval"
"1","AMCE",0.307176983526242
"2","CRT",0.0349127182044888
