"","method","pval"
"1","AMCE",0.0511128548400869
"2","CRT",0.00997506234413965
