"","method","pval"
"1","AMCE",0.00351920954564019
"2","CRT",0.13715710723192
