"","method","pval"
"1","AMCE",0.0682855802247726
"2","CRT",0.281795511221945
