"","method","pval"
"1","AMCE",0.161286033118506
"2","CRT",0.0673316708229426
