"","method","pval"
"1","AMCE",0.0932606216184393
"2","CRT",0.00249376558603491
