"","method","pval"
"1","AMCE",0.848893735852052
"2","CRT",0.615960099750623
