"","method","pval"
"1","AMCE",0.560860876228327
"2","CRT",0.00748129675810474
