"","method","pval"
"1","AMCE",0.472075667325826
"2","CRT",0.00249376558603491
