"","method","pval"
"1","AMCE",0.00908924867680721
"2","CRT",0.356608478802993
