"","method","pval"
"1","AMCE",0.859074009113298
"2","CRT",0.00997506234413965
