"","method","pval"
"1","AMCE",0.301771953261467
"2","CRT",0.428927680798005
