"","method","pval"
"1","AMCE",0.576381128078036
"2","CRT",0.0872817955112219
