"","method","pval"
"1","AMCE",0.265041756335094
"2","CRT",0.304239401496259
