"","method","pval"
"1","AMCE",0.953973074284448
"2","CRT",0.0199501246882793
