"","method","pval"
"1","AMCE",0.552676427160115
"2","CRT",0.276807980049875
