"","method","pval"
"1","AMCE",0.0267954823549632
"2","CRT",0.00748129675810474
