"","method","pval"
"1","AMCE",0.0889792807659451
"2","CRT",0.0623441396508728
