"","method","pval"
"1","AMCE",0.066176950769267
"2","CRT",0.887780548628429
