"","method","pval"
"1","AMCE",0.0100885450549199
"2","CRT",0.029925187032419
