"","method","pval"
"1","AMCE",0.0720735707655581
"2","CRT",0.800498753117207
