"","method","pval"
"1","AMCE",0.0184929519426184
"2","CRT",0.0448877805486284
