"","method","pval"
"1","AMCE",0.0739234154036054
"2","CRT",0.027431421446384
