"","method","pval"
"1","AMCE",0.999330255390563
"2","CRT",0.0374064837905237
