"","method","pval"
"1","AMCE",0.0163014632378105
"2","CRT",0.00249376558603491
