"","method","pval"
"1","AMCE",0.00591984103035568
"2","CRT",0.770573566084788
