"","method","pval"
"1","AMCE",0.121372615192864
"2","CRT",0.291770573566085
