"","method","pval"
"1","AMCE",0.6155782853038
"2","CRT",0.00498753117206983
