"","method","pval"
"1","AMCE",0.0284386293375099
"2","CRT",0.538653366583541
