"","method","pval"
"1","AMCE",0.245490093262808
"2","CRT",0.13715710723192
