"","method","pval"
"1","AMCE",0.0793973984379064
"2","CRT",0.15211970074813
