"","method","pval"
"1","AMCE",0.00616775274421899
"2","CRT",0.162094763092269
