"","method","pval"
"1","AMCE",0.0355934572144955
"2","CRT",0.0997506234413965
