"","method","pval"
"1","AMCE",0.571717620919305
"2","CRT",0.334164588528678
