"","method","pval"
"1","AMCE",0.12623555829097
"2","CRT",0.0324189526184539
