"","method","pval"
"1","AMCE",0.0447269642876016
"2","CRT",0.0199501246882793
