"","method","pval"
"1","AMCE",0.0126808233950642
"2","CRT",0.314214463840399
