"","method","pval"
"1","AMCE",0.0104707308196078
"2","CRT",0.0623441396508728
