"","method","pval"
"1","AMCE",0.000443204734652543
"2","CRT",0.00748129675810474
