"","method","pval"
"1","AMCE",0.0228854100815191
"2","CRT",0.344139650872818
