"","method","pval"
"1","AMCE",0.610592064787518
"2","CRT",0.0174563591022444
