"","method","pval"
"1","AMCE",0.00456882791913437
"2","CRT",0.334164588528678
