"","method","pval"
"1","AMCE",0.295499020908474
"2","CRT",0.521197007481297
