"","method","pval"
"1","AMCE",0.0223347448679031
"2","CRT",0.139650872817955
