"","method","pval"
"1","AMCE",0.0225785533315392
"2","CRT",0.14214463840399
