"","method","pval"
"1","AMCE",0.0230908214056838
"2","CRT",0.00997506234413965
