"","method","pval"
"1","AMCE",0.580050642309377
"2","CRT",0.0374064837905237
