"","method","pval"
"1","AMCE",0.249300419775911
"2","CRT",0.109725685785536
