"","method","pval"
"1","AMCE",0.0394330813594282
"2","CRT",0.00997506234413965
