"","method","pval"
"1","AMCE",0.0933195914461693
"2","CRT",0.523690773067332
