"","method","pval"
"1","AMCE",0.0724499887302956
"2","CRT",0.00249376558603491
