"","method","pval"
"1","AMCE",0.201190044933822
"2","CRT",0.0972568578553616
