"","method","pval"
"1","AMCE",0.205205904804889
"2","CRT",0.0399002493765586
