"","method","pval"
"1","AMCE",0.605017856535553
"2","CRT",0.0149625935162095
