"","method","pval"
"1","AMCE",0.0349597948388093
"2","CRT",0.0423940149625935
