"","method","pval"
"1","AMCE",0.0528018241366738
"2","CRT",0.650872817955112
