"","method","pval"
"1","AMCE",0.0440229589495908
"2","CRT",0.259351620947631
