"","method","pval"
"1","AMCE",0.665282865494147
"2","CRT",0.0324189526184539
