"","method","pval"
"1","AMCE",0.0326207915617197
"2","CRT",0.169576059850374
