"","method","pval"
"1","AMCE",0.456593604212322
"2","CRT",0.00748129675810474
