"","method","pval"
"1","AMCE",0.169639651963637
"2","CRT",0.00249376558603491
