"","method","pval"
"1","AMCE",0.049497569693358
"2","CRT",0.331670822942643
