"","method","pval"
"1","AMCE",0.386592574198232
"2","CRT",0.00997506234413965
