"","method","pval"
"1","AMCE",0.0127541509388968
"2","CRT",0.214463840399002
