"","method","pval"
"1","AMCE",0.00653745332869869
"2","CRT",0.0897755610972569
