"","method","pval"
"1","AMCE",0.0667112705967336
"2","CRT",0.970074812967581
