"","method","pval"
"1","AMCE",0.0342437652294463
"2","CRT",0.408977556109726
