"","method","pval"
"1","AMCE",0.174070391035965
"2","CRT",0.266832917705736
