"","method","pval"
"1","AMCE",0.0932999350532805
"2","CRT",0.00249376558603491
