"","method","pval"
"1","AMCE",0.00362752095895545
"2","CRT",0.0124688279301746
