"","method","pval"
"1","AMCE",0.013532988894524
"2","CRT",0.0822942643391521
