"","method","pval"
"1","AMCE",0.581579387309207
"2","CRT",0.0374064837905237
