"","method","pval"
"1","AMCE",0.223760403829255
"2","CRT",0.00997506234413965
