"","method","pval"
"1","AMCE",0.010494454579043
"2","CRT",0.00498753117206983
