"","method","pval"
"1","AMCE",0.121363676757267
"2","CRT",0.00249376558603491
