"","method","pval"
"1","AMCE",0.53554139075026
"2","CRT",0.613466334164589
