"","method","pval"
"1","AMCE",0.00900857490138378
"2","CRT",0.0124688279301746
