"","method","pval"
"1","AMCE",0.000592512816744439
"2","CRT",0.99002493765586
