"","method","pval"
"1","AMCE",0.93825957614583
"2","CRT",0.00249376558603491
