"","method","pval"
"1","AMCE",0.0420255668052636
"2","CRT",0.00249376558603491
