"","method","pval"
"1","AMCE",0.146168343555004
"2","CRT",0.211970074812968
