"","method","pval"
"1","AMCE",0.211295190213028
"2","CRT",0.00498753117206983
