"","method","pval"
"1","AMCE",0.0271953356222378
"2","CRT",0.162094763092269
