"","method","pval"
"1","AMCE",0.979395809225581
"2","CRT",0.14214463840399
