"","method","pval"
"1","AMCE",0.229353571617951
"2","CRT",0.00748129675810474
