"","method","pval"
"1","AMCE",0.0113043680504008
"2","CRT",0.86783042394015
