"","method","pval"
"1","AMCE",0.00478776340397123
"2","CRT",0.00498753117206983
