"","method","pval"
"1","AMCE",0.168767586828087
"2","CRT",0.029925187032419
