"","method","pval"
"1","AMCE",0.0175254999791094
"2","CRT",0.650872817955112
