"","method","pval"
"1","AMCE",0.279106950432476
"2","CRT",0.586034912718205
