"","method","pval"
"1","AMCE",0.0196045845561823
"2","CRT",0.172069825436409
