"","method","pval"
"1","AMCE",0.391407461200446
"2","CRT",0.0174563591022444
