"","method","pval"
"1","AMCE",0.0378438128153561
"2","CRT",0.0149625935162095
