"","method","pval"
"1","AMCE",0.0887178119909148
"2","CRT",0.00498753117206983
