"","method","pval"
"1","AMCE",0.0352163325572536
"2","CRT",0.730673316708229
