"","method","pval"
"1","AMCE",0.133751566091812
"2","CRT",0.27930174563591
