"","method","pval"
"1","AMCE",0.0300783840150618
"2","CRT",0.00249376558603491
