"","method","pval"
"1","AMCE",0.171689392534959
"2","CRT",0.0623441396508728
