"","method","pval"
"1","AMCE",0.0310627330467278
"2","CRT",0.029925187032419
