"","method","pval"
"1","AMCE",0.0118046568148312
"2","CRT",0.0523690773067332
