"","method","pval"
"1","AMCE",0.796290791807888
"2","CRT",0.00249376558603491
