"","method","pval"
"1","AMCE",0.0451117867006536
"2","CRT",0.00249376558603491
