"","method","pval"
"1","AMCE",0.000211092800031334
"2","CRT",0.00498753117206983
