"","method","pval"
"1","AMCE",0.979402971592211
"2","CRT",0.204488778054863
