"","method","pval"
"1","AMCE",0.117935262090984
"2","CRT",0.0224438902743142
