"","method","pval"
"1","AMCE",0.14823533063047
"2","CRT",0.0723192019950125
