"","method","pval"
"1","AMCE",1.35006392103395e-06
"2","CRT",0.0872817955112219
