"","method","pval"
"1","AMCE",0.648163431105135
"2","CRT",0.00748129675810474
