"","method","pval"
"1","AMCE",0.295102406927711
"2","CRT",0.00249376558603491
