"","method","pval"
"1","AMCE",0.231108175508695
"2","CRT",0.423940149625935
