"","method","pval"
"1","AMCE",0.115366778701239
"2","CRT",0.324189526184539
