"","method","pval"
"1","AMCE",0.193049646722989
"2","CRT",0.56857855361596
