"","method","pval"
"1","AMCE",0.210382655479246
"2","CRT",0.00249376558603491
