"","method","pval"
"1","AMCE",0.016235876696489
"2","CRT",0.027431421446384
