"","method","pval"
"1","AMCE",0.82204266289553
"2","CRT",0.154613466334165
