"","method","pval"
"1","AMCE",0.0230985825890749
"2","CRT",0.00748129675810474
