"","method","pval"
"1","AMCE",0.124460990350148
"2","CRT",0.199501246882793
