"","method","pval"
"1","AMCE",0.789408221717189
"2","CRT",0.00498753117206983
