"","method","pval"
"1","AMCE",0.227316929550465
"2","CRT",0.00249376558603491
