"","method","pval"
"1","AMCE",0.0113086675917154
"2","CRT",0.0249376558603491
