"","method","pval"
"1","AMCE",0.0140564365850779
"2","CRT",0.00748129675810474
