"","method","pval"
"1","AMCE",0.0191386238191809
"2","CRT",0.0224438902743142
