"","method","pval"
"1","AMCE",0.226594703166173
"2","CRT",0.0698254364089776
