"","method","pval"
"1","AMCE",0.0757163585388259
"2","CRT",0.00748129675810474
