"","method","pval"
"1","AMCE",0.225172652682136
"2","CRT",0.359102244389027
