"","method","pval"
"1","AMCE",0.534811933121135
"2","CRT",0.0149625935162095
