"","method","pval"
"1","AMCE",0.0985918793078821
"2","CRT",0.0224438902743142
