"","method","pval"
"1","AMCE",0.0189166994142584
"2","CRT",0.0324189526184539
