"","method","pval"
"1","AMCE",0.4708705428708
"2","CRT",0.655860349127182
