"","method","pval"
"1","AMCE",0.0279196858206357
"2","CRT",0.112219451371571
