"","method","pval"
"1","AMCE",0.509170708088354
"2","CRT",0.226932668329177
