"","method","pval"
"1","AMCE",0.424496223819964
"2","CRT",0.0124688279301746
