"","method","pval"
"1","AMCE",0.022010358218163
"2","CRT",0.0174563591022444
