"","method","pval"
"1","AMCE",0.904943425202238
"2","CRT",0.112219451371571
