"","method","pval"
"1","AMCE",0.465301480914383
"2","CRT",0.0249376558603491
