"","method","pval"
"1","AMCE",0.476774125963893
"2","CRT",0.251870324189526
