"","method","pval"
"1","AMCE",0.0154936925250301
"2","CRT",0.319201995012469
