"","method","pval"
"1","AMCE",0.00116772994788037
"2","CRT",0.00249376558603491
