"","method","pval"
"1","AMCE",0.0142860944579001
"2","CRT",0.276807980049875
