"","method","pval"
"1","AMCE",0.033228886931642
"2","CRT",0.00249376558603491
