"","method","pval"
"1","AMCE",0.480432037187134
"2","CRT",0.0199501246882793
