"","method","pval"
"1","AMCE",0.277728133583949
"2","CRT",0.0523690773067332
