"","method","pval"
"1","AMCE",0.0583607861041156
"2","CRT",0.0199501246882793
