"","method","pval"
"1","AMCE",0.667161917854339
"2","CRT",0.0199501246882793
