"","method","pval"
"1","AMCE",0.669760578292803
"2","CRT",0.00249376558603491
