"","method","pval"
"1","AMCE",0.153379330147386
"2","CRT",0.0648379052369077
