"","method","pval"
"1","AMCE",0.848063624853543
"2","CRT",0.189526184538653
