"","method","pval"
"1","AMCE",0.579132183135704
"2","CRT",0.134663341645885
