"","method","pval"
"1","AMCE",0.299802035808884
"2","CRT",0.00249376558603491
