"","method","pval"
"1","AMCE",0.033607990130331
"2","CRT",0.084788029925187
