"","method","pval"
"1","AMCE",0.698573790964008
"2","CRT",0.645885286783042
