"","method","pval"
"1","AMCE",0.409571918090593
"2","CRT",0.114713216957606
