"","method","pval"
"1","AMCE",0.766133878923313
"2","CRT",0.43640897755611
