"","method","pval"
"1","AMCE",0.172164288562909
"2","CRT",0.174563591022444
