"","method","pval"
"1","AMCE",0.301576728453448
"2","CRT",0.189526184538653
