"","method","pval"
"1","AMCE",0.239459206626997
"2","CRT",0.00498753117206983
