"","method","pval"
"1","AMCE",0.00670075230437923
"2","CRT",0.00249376558603491
