"","method","pval"
"1","AMCE",0.678425342258623
"2","CRT",0.14713216957606
