"","method","pval"
"1","AMCE",0.329018609764293
"2","CRT",0.27431421446384
