"","method","pval"
"1","AMCE",0.0768728474365739
"2","CRT",0.144638403990025
