"","method","pval"
"1","AMCE",0.0293742455937337
"2","CRT",0.468827930174564
