"","method","pval"
"1","AMCE",0.0113820443213307
"2","CRT",0.413965087281795
