"","method","pval"
"1","AMCE",0.479370215296627
"2","CRT",0.00249376558603491
