"","method","pval"
"1","AMCE",0.0932686299807919
"2","CRT",0.102244389027431
