"","method","pval"
"1","AMCE",0.0751405528455874
"2","CRT",0.690773067331671
