"","method","pval"
"1","AMCE",0.00974474807002005
"2","CRT",0.618453865336658
