"","method","pval"
"1","AMCE",0.224987792287092
"2","CRT",0.344139650872818
