"","method","pval"
"1","AMCE",0.00951005761492063
"2","CRT",0.226932668329177
