"","method","pval"
"1","AMCE",0.00728549396023276
"2","CRT",0.0748129675810474
