"","method","pval"
"1","AMCE",0.023072812829907
"2","CRT",0.0648379052369077
