"","method","pval"
"1","AMCE",0.00499727520619239
"2","CRT",0.842892768079801
