"","method","pval"
"1","AMCE",0.0222481873016199
"2","CRT",0.0349127182044888
