"","method","pval"
"1","AMCE",0.163036808563584
"2","CRT",0.521197007481297
