"","method","pval"
"1","AMCE",0.00320184908268233
"2","CRT",0.029925187032419
