"","method","pval"
"1","AMCE",0.104474075621569
"2","CRT",0.00249376558603491
