"","method","pval"
"1","AMCE",0.648260874139771
"2","CRT",0.0374064837905237
