"","method","pval"
"1","AMCE",0.131537484917589
"2","CRT",0.00249376558603491
