"","method","pval"
"1","AMCE",0.89728654816148
"2","CRT",0.139650872817955
