"","method","pval"
"1","AMCE",0.0358531848501787
"2","CRT",0.00498753117206983
