"","method","pval"
"1","AMCE",0.0387772285908849
"2","CRT",0.00748129675810474
