"","method","pval"
"1","AMCE",0.168885022480862
"2","CRT",0.084788029925187
