"","method","pval"
"1","AMCE",0.0660117829837861
"2","CRT",0.591022443890274
