"","method","pval"
"1","AMCE",0.0281605185072011
"2","CRT",0.0598503740648379
