"","method","pval"
"1","AMCE",0.0527305262544315
"2","CRT",0.0349127182044888
