"","method","pval"
"1","AMCE",0.0244359632643827
"2","CRT",0.00249376558603491
