"","method","pval"
"1","AMCE",0.0119400265279675
"2","CRT",0.139650872817955
