"","method","pval"
"1","AMCE",0.854707133231453
"2","CRT",0.0249376558603491
