"","method","pval"
"1","AMCE",0.171202911036234
"2","CRT",0.0723192019950125
