"","method","pval"
"1","AMCE",0.00171700891956107
"2","CRT",0.00249376558603491
