"","method","pval"
"1","AMCE",0.00284043267316267
"2","CRT",0.139650872817955
