"","method","pval"
"1","AMCE",0.577080131503587
"2","CRT",0.0124688279301746
