"","method","pval"
"1","AMCE",0.249889969617827
"2","CRT",0.915211970074813
