"","method","pval"
"1","AMCE",0.598212151314173
"2","CRT",0.00997506234413965
