"","method","pval"
"1","AMCE",0.0190502529087595
"2","CRT",0.209476309226933
