"","method","pval"
"1","AMCE",0.837380205180924
"2","CRT",0.122194513715711
