"","method","pval"
"1","AMCE",0.00820235510038044
"2","CRT",0.0124688279301746
