"","method","pval"
"1","AMCE",0.0152986047714924
"2","CRT",0.00249376558603491
