"","method","pval"
"1","AMCE",0.39422709184447
"2","CRT",0.219451371571072
