"","method","pval"
"1","AMCE",0.00430732264437269
"2","CRT",0.882793017456359
