"","method","pval"
"1","AMCE",0.551724460660086
"2","CRT",0.169576059850374
