"","method","pval"
"1","AMCE",0.148646667606304
"2","CRT",0.0423940149625935
