"","method","pval"
"1","AMCE",0.0296403350515869
"2","CRT",0.0822942643391521
