"","method","pval"
"1","AMCE",0.104295822645035
"2","CRT",0.0423940149625935
