"","method","pval"
"1","AMCE",0.134235513807107
"2","CRT",0.0249376558603491
