"","method","pval"
"1","AMCE",0.0072684894096743
"2","CRT",0.0374064837905237
