"","method","pval"
"1","AMCE",0.290888064473697
"2","CRT",0.0124688279301746
