"","method","pval"
"1","AMCE",0.0570704327785977
"2","CRT",0.42643391521197
