"","method","pval"
"1","AMCE",0.01380561743222
"2","CRT",0.00997506234413965
