"","method","pval"
"1","AMCE",0.176649306776468
"2","CRT",0.0399002493765586
