"","method","pval"
"1","AMCE",0.0108948916149112
"2","CRT",0.00748129675810474
