"","method","pval"
"1","AMCE",0.245348636385246
"2","CRT",0.107231920199501
