"","method","pval"
"1","AMCE",5.49869986572692e-05
"2","CRT",0.219451371571072
