"","method","pval"
"1","AMCE",0.297195128295503
"2","CRT",0.0349127182044888
