"","method","pval"
"1","AMCE",0.297287963733962
"2","CRT",0.418952618453865
