"","method","pval"
"1","AMCE",0.307876103518221
"2","CRT",0.850374064837905
