"","method","pval"
"1","AMCE",0.133778105984526
"2","CRT",0.0124688279301746
