"","method","pval"
"1","AMCE",0.171222894215091
"2","CRT",0.780548628428928
