"","method","pval"
"1","AMCE",0.304775950955165
"2","CRT",0.00748129675810474
