"","method","pval"
"1","AMCE",0.581902612084474
"2","CRT",0.296758104738155
