"","method","pval"
"1","AMCE",0.215280414845338
"2","CRT",0.162094763092269
