"","method","pval"
"1","AMCE",0.530843959721827
"2","CRT",0.027431421446384
