"","method","pval"
"1","AMCE",0.00135093081999704
"2","CRT",0.201995012468828
