"","method","pval"
"1","AMCE",0.061468856758074
"2","CRT",0.0174563591022444
