"","method","pval"
"1","AMCE",0.506639406049536
"2","CRT",0.0124688279301746
