"","method","pval"
"1","AMCE",0.00441810170351842
"2","CRT",0.00498753117206983
