"","method","pval"
"1","AMCE",0.0163040129429202
"2","CRT",0.0124688279301746
