"","method","pval"
"1","AMCE",0.829373035406459
"2","CRT",0.977556109725686
