"","method","pval"
"1","AMCE",0.62377980324242
"2","CRT",0.00249376558603491
