"","method","pval"
"1","AMCE",0.00193807600230654
"2","CRT",0.406483790523691
