"","method","pval"
"1","AMCE",0.339187158593057
"2","CRT",0.0374064837905237
