"","method","pval"
"1","AMCE",0.0480720998402721
"2","CRT",0.00249376558603491
