"","method","pval"
"1","AMCE",0.0197422596130608
"2","CRT",0.0149625935162095
