"","method","pval"
"1","AMCE",0.108095732222627
"2","CRT",0.00249376558603491
