"","method","pval"
"1","AMCE",0.0710271336056459
"2","CRT",0.0997506234413965
