"","method","pval"
"1","AMCE",0.07526072255589
"2","CRT",0.169576059850374
