"","method","pval"
"1","AMCE",0.013246452305224
"2","CRT",0.00498753117206983
