"","method","pval"
"1","AMCE",0.00729046812343274
"2","CRT",0.00997506234413965
