"","method","pval"
"1","AMCE",0.00162894133311522
"2","CRT",0.932668329177057
