"","method","pval"
"1","AMCE",0.000104253747087326
"2","CRT",0.00249376558603491
