"","method","pval"
"1","AMCE",0.0123628918537595
"2","CRT",0.0174563591022444
