"","method","pval"
"1","AMCE",0.642169276852918
"2","CRT",0.00249376558603491
