"","method","pval"
"1","AMCE",0.070309553129371
"2","CRT",0.0822942643391521
