"","method","pval"
"1","AMCE",0.0326677718397763
"2","CRT",0.00997506234413965
