"","method","pval"
"1","AMCE",0.111865517145706
"2","CRT",0.00748129675810474
