"","method","pval"
"1","AMCE",0.0241193765890813
"2","CRT",0.134663341645885
