"","method","pval"
"1","AMCE",0.772199951292941
"2","CRT",0.356608478802993
