"","method","pval"
"1","AMCE",0.0154518278561499
"2","CRT",0.00498753117206983
