"","method","pval"
"1","AMCE",0.0377854301792978
"2","CRT",0.0149625935162095
