"","method","pval"
"1","AMCE",0.00602156468248957
"2","CRT",0.423940149625935
