"","method","pval"
"1","AMCE",0.0121469731841806
"2","CRT",0.0124688279301746
