"","method","pval"
"1","AMCE",0.0124473376665604
"2","CRT",0.00249376558603491
