"","method","pval"
"1","AMCE",0.24530582963659
"2","CRT",0.124688279301746
