"","method","pval"
"1","AMCE",0.177798591021426
"2","CRT",0.0249376558603491
