"","method","pval"
"1","AMCE",0.196767397532589
"2","CRT",0.907730673316708
