"","method","pval"
"1","AMCE",0.0748023256842044
"2","CRT",0.00498753117206983
