"","method","pval"
"1","AMCE",0.0842039474053938
"2","CRT",0.226932668329177
