"","method","pval"
"1","AMCE",0.00742589459520414
"2","CRT",0.763092269326683
