"","method","pval"
"1","AMCE",0.000305054259388429
"2","CRT",0.00997506234413965
