"","method","pval"
"1","AMCE",0.487792630175308
"2","CRT",0.00498753117206983
