"","method","pval"
"1","AMCE",0.394255469050336
"2","CRT",0.0673316708229426
