"","method","pval"
"1","AMCE",0.0920980263701768
"2","CRT",0.0124688279301746
