"","method","pval"
"1","AMCE",0.0748339981976735
"2","CRT",0.708229426433915
