"","method","pval"
"1","AMCE",0.466302532885051
"2","CRT",0.174563591022444
