"","method","pval"
"1","AMCE",0.764368939654057
"2","CRT",0.0224438902743142
