"","method","pval"
"1","AMCE",0.189843732612076
"2","CRT",0.00498753117206983
