"","method","pval"
"1","AMCE",0.605618815957315
"2","CRT",0.698254364089776
