"","method","pval"
"1","AMCE",8.62499984517063e-05
"2","CRT",0.0199501246882793
