"","method","pval"
"1","AMCE",0.0211121357493315
"2","CRT",0.321695760598504
