"","method","pval"
"1","AMCE",0.115243052607764
"2","CRT",0.0872817955112219
