"","method","pval"
"1","AMCE",0.0394603443211118
"2","CRT",0.0498753117206983
