"","method","pval"
"1","AMCE",0.535530962682155
"2","CRT",0.680798004987531
