"","method","pval"
"1","AMCE",0.00210774512098764
"2","CRT",0.423940149625935
