"","method","pval"
"1","AMCE",0.332317049619526
"2","CRT",0.28428927680798
