"","method","pval"
"1","AMCE",0.19682826251876
"2","CRT",0.00498753117206983
