"","method","pval"
"1","AMCE",0.0340109743077559
"2","CRT",0.276807980049875
