"","method","pval"
"1","AMCE",0.0271433239692708
"2","CRT",0.0947630922693267
