"","method","pval"
"1","AMCE",0.171152820288779
"2","CRT",0.0249376558603491
