"","method","pval"
"1","AMCE",0.395347655687499
"2","CRT",0.0149625935162095
