"","method","pval"
"1","AMCE",0.714049707239209
"2","CRT",0.0473815461346633
