"","method","pval"
"1","AMCE",0.215275418255173
"2","CRT",0.00249376558603491
