"","method","pval"
"1","AMCE",0.395659901085761
"2","CRT",0.0174563591022444
