"","method","pval"
"1","AMCE",0.289587556309279
"2","CRT",0.291770573566085
