"","method","pval"
"1","AMCE",0.548956380577856
"2","CRT",0.825436408977556
