"","method","pval"
"1","AMCE",0.247595678728948
"2","CRT",0.172069825436409
