"","method","pval"
"1","AMCE",0.000106775863499652
"2","CRT",0.339152119700748
