"","method","pval"
"1","AMCE",0.00998797098364367
"2","CRT",0.0224438902743142
