"","method","pval"
"1","AMCE",0.102009754488411
"2","CRT",0.00498753117206983
