"","method","pval"
"1","AMCE",0.102432258291142
"2","CRT",0.00249376558603491
