"","method","pval"
"1","AMCE",0.26693861818605
"2","CRT",0.149625935162095
