"","method","pval"
"1","AMCE",0.642542011052311
"2","CRT",0.0224438902743142
