"","method","pval"
"1","AMCE",0.0594651746256934
"2","CRT",0.635910224438903
