"","method","pval"
"1","AMCE",0.173507997453362
"2","CRT",0.0374064837905237
