"","method","pval"
"1","AMCE",0.070293214331482
"2","CRT",0.0374064837905237
