"","method","pval"
"1","AMCE",0.0355247476527834
"2","CRT",0.119700748129676
