"","method","pval"
"1","AMCE",0.00746769552501739
"2","CRT",0.0124688279301746
