"","method","pval"
"1","AMCE",0.1521092773674
"2","CRT",0.00748129675810474
