"","method","pval"
"1","AMCE",0.0340811051465657
"2","CRT",0.00748129675810474
