"","method","pval"
"1","AMCE",0.404765958255871
"2","CRT",0.0648379052369077
