"","method","pval"
"1","AMCE",0.606441248964737
"2","CRT",0.541147132169576
