"","method","pval"
"1","AMCE",0.0229278883357779
"2","CRT",0.0648379052369077
