"","method","pval"
"1","AMCE",0.00237449340563273
"2","CRT",0.401496259351621
