"","method","pval"
"1","AMCE",0.0535010850197727
"2","CRT",0.057356608478803
