"","method","pval"
"1","AMCE",0.59234815112519
"2","CRT",0.0199501246882793
