"","method","pval"
"1","AMCE",0.010994749293627
"2","CRT",0.00498753117206983
