"","method","pval"
"1","AMCE",0.858161721389143
"2","CRT",0.42643391521197
