"","method","pval"
"1","AMCE",0.924526021899819
"2","CRT",0.56857855361596
