"","method","pval"
"1","AMCE",0.422575934928119
"2","CRT",0.536159600997506
