"","method","pval"
"1","AMCE",0.989219343536831
"2","CRT",0.306733167082294
