"","method","pval"
"1","AMCE",0.366170850653579
"2","CRT",0.0149625935162095
