"","method","pval"
"1","AMCE",0.172588806123412
"2","CRT",0.71072319201995
