"","method","pval"
"1","AMCE",0.0492794734030844
"2","CRT",0.084788029925187
