"","method","pval"
"1","AMCE",0.0353580687689288
"2","CRT",0.997506234413965
