"","method","pval"
"1","AMCE",0.00162630498460543
"2","CRT",0.271820448877805
