"","method","pval"
"1","AMCE",0.0594192249087727
"2","CRT",0.224438902743142
