"","method","pval"
"1","AMCE",0.284484997582343
"2","CRT",0.201995012468828
