"","method","pval"
"1","AMCE",0.0560466044042882
"2","CRT",0.134663341645885
