"","method","pval"
"1","AMCE",0.0116366043843432
"2","CRT",0.0149625935162095
