"","method","pval"
"1","AMCE",0.469373359754473
"2","CRT",0.00748129675810474
