"","method","pval"
"1","AMCE",0.0721250276418232
"2","CRT",0.321695760598504
