"","method","pval"
"1","AMCE",0.0667862424696657
"2","CRT",0.206982543640898
