"","method","pval"
"1","AMCE",0.479828989043447
"2","CRT",0.588528678304239
