"","method","pval"
"1","AMCE",0.0956808458729217
"2","CRT",0.0349127182044888
