"","method","pval"
"1","AMCE",0.0589417683878398
"2","CRT",0.00997506234413965
