"","method","pval"
"1","AMCE",0.00669833988258244
"2","CRT",0.708229426433915
