"","method","pval"
"1","AMCE",0.0218657576069116
"2","CRT",0.0648379052369077
