"","method","pval"
"1","AMCE",0.000859678376412797
"2","CRT",0.00249376558603491
