"","method","pval"
"1","AMCE",0.42422331327576
"2","CRT",0.211970074812968
