"","method","pval"
"1","AMCE",0.00265702727031675
"2","CRT",0.269326683291771
