"","method","pval"
"1","AMCE",0.104032203704157
"2","CRT",0.0922693266832918
