"","method","pval"
"1","AMCE",0.0194970381810855
"2","CRT",0.0798004987531172
