"","method","pval"
"1","AMCE",0.482981228205354
"2","CRT",0.0997506234413965
