"","method","pval"
"1","AMCE",0.582068738065262
"2","CRT",0.00748129675810474
