"","method","pval"
"1","AMCE",0.255968088084817
"2","CRT",0.209476309226933
