"","method","pval"
"1","AMCE",0.0893229036875887
"2","CRT",0.0249376558603491
