"","method","pval"
"1","AMCE",0.0427520901056978
"2","CRT",0.0149625935162095
