"","method","pval"
"1","AMCE",0.681891303576342
"2","CRT",0.0324189526184539
