"","method","pval"
"1","AMCE",0.248344470460168
"2","CRT",0.0199501246882793
