"","method","pval"
"1","AMCE",0.0297979435125505
"2","CRT",0.104738154613466
