"","method","pval"
"1","AMCE",0.0112204693412454
"2","CRT",0.00997506234413965
