"","method","pval"
"1","AMCE",0.0352925353988578
"2","CRT",0.201995012468828
