"","method","pval"
"1","AMCE",0.0188054322030483
"2","CRT",0.00997506234413965
