"","method","pval"
"1","AMCE",0.00720217390770614
"2","CRT",0.129675810473815
