"","method","pval"
"1","AMCE",0.394264927258479
"2","CRT",0.271820448877805
