"","method","pval"
"1","AMCE",0.004084313121997
"2","CRT",0.0698254364089776
