"","method","pval"
"1","AMCE",0.212498356053754
"2","CRT",0.72069825436409
