"","method","pval"
"1","AMCE",0.455591367488571
"2","CRT",0.0174563591022444
