"","method","pval"
"1","AMCE",0.187748706198054
"2","CRT",0.00498753117206983
