"","method","pval"
"1","AMCE",0.00441898375506026
"2","CRT",0.0124688279301746
