"","method","pval"
"1","AMCE",0.0791513857338597
"2","CRT",0.0723192019950125
