"","method","pval"
"1","AMCE",0.00603225140395048
"2","CRT",0.00498753117206983
