"","method","pval"
"1","AMCE",0.0123579319831119
"2","CRT",0.00997506234413965
