"","method","pval"
"1","AMCE",0.939353807895955
"2","CRT",0.00498753117206983
