"","method","pval"
"1","AMCE",0.0658767461680995
"2","CRT",0.00249376558603491
