"","method","pval"
"1","AMCE",0.578450147507999
"2","CRT",0.4214463840399
