"","method","pval"
"1","AMCE",0.0674181781125427
"2","CRT",0.451371571072319
