"","method","pval"
"1","AMCE",0.380094766496256
"2","CRT",0.139650872817955
