"","method","pval"
"1","AMCE",0.0196535711423545
"2","CRT",0.0623441396508728
