"","method","pval"
"1","AMCE",0.0324152475712369
"2","CRT",0.486284289276808
