"","method","pval"
"1","AMCE",0.183404619553123
"2","CRT",0.0324189526184539
