"","method","pval"
"1","AMCE",0.0078214406458965
"2","CRT",0.266832917705736
