"","method","pval"
"1","AMCE",0.339478297896321
"2","CRT",0.0124688279301746
