"","method","pval"
"1","AMCE",0.841141142945089
"2","CRT",0.00997506234413965
