"","method","pval"
"1","AMCE",0.0087477614598141
"2","CRT",0.29426433915212
