"","method","pval"
"1","AMCE",0.899279819169091
"2","CRT",0.0199501246882793
