"","method","pval"
"1","AMCE",0.999827678047444
"2","CRT",0.00498753117206983
