"","method","pval"
"1","AMCE",0.00794298502268449
"2","CRT",0.0773067331670823
