"","method","pval"
"1","AMCE",0.812497963958353
"2","CRT",0.85785536159601
