"","method","pval"
"1","AMCE",0.163466447826817
"2","CRT",0.688279301745636
