"","method","pval"
"1","AMCE",0.0898240091231638
"2","CRT",0.770573566084788
