"","method","pval"
"1","AMCE",0.0281145590846023
"2","CRT",0.0822942643391521
