"","method","pval"
"1","AMCE",0.113030031639518
"2","CRT",0.119700748129676
