"","method","pval"
"1","AMCE",0.218435835133191
"2","CRT",0.00249376558603491
