"","method","pval"
"1","AMCE",0.134244169662731
"2","CRT",0.0773067331670823
