"","method","pval"
"1","AMCE",0.329953435078895
"2","CRT",0.0448877805486284
