"","method","pval"
"1","AMCE",0.144714050907513
"2","CRT",0.0498753117206983
