"","method","pval"
"1","AMCE",0.235257417029729
"2","CRT",0.0174563591022444
