"","method","pval"
"1","AMCE",0.0831547656136714
"2","CRT",0.0399002493765586
