"","method","pval"
"1","AMCE",0.0197616039142017
"2","CRT",0.124688279301746
