"","method","pval"
"1","AMCE",0.044017270347495
"2","CRT",0.00498753117206983
