"","method","pval"
"1","AMCE",0.0431438751512599
"2","CRT",0.0224438902743142
