"","method","pval"
"1","AMCE",0.731540790032898
"2","CRT",0.00249376558603491
