"","method","pval"
"1","AMCE",0.00202683732089401
"2","CRT",0.0374064837905237
