"","method","pval"
"1","AMCE",0.32172128728748
"2","CRT",0.0174563591022444
