"","method","pval"
"1","AMCE",0.00661649747373549
"2","CRT",0.0773067331670823
