"","method","pval"
"1","AMCE",0.0773800209613301
"2","CRT",0.0673316708229426
