"","method","pval"
"1","AMCE",0.0448993997580788
"2","CRT",0.224438902743142
