"","method","pval"
"1","AMCE",0.450964342946159
"2","CRT",0.00748129675810474
