"","method","pval"
"1","AMCE",0.0211234658668596
"2","CRT",0.127182044887781
