"","method","pval"
"1","AMCE",0.0253557115042128
"2","CRT",0.0523690773067332
