"","method","pval"
"1","AMCE",0.284385382945714
"2","CRT",0.0199501246882793
