"","method","pval"
"1","AMCE",0.116446833103406
"2","CRT",0.0249376558603491
