"","method","pval"
"1","AMCE",0.00876739116484236
"2","CRT",0.406483790523691
