"","method","pval"
"1","AMCE",0.127967562007205
"2","CRT",0.975062344139651
