"","method","pval"
"1","AMCE",0.017532826821409
"2","CRT",0.346633416458853
