"","method","pval"
"1","AMCE",0.359292690654791
"2","CRT",0.00997506234413965
