"","method","pval"
"1","AMCE",0.0278418955551404
"2","CRT",0.00748129675810474
