"","method","pval"
"1","AMCE",0.00637491947196178
"2","CRT",0.364089775561097
