"","method","pval"
"1","AMCE",0.00529824797502463
"2","CRT",0.0324189526184539
