"","method","pval"
"1","AMCE",0.00230895091176281
"2","CRT",0.0199501246882793
