"","method","pval"
"1","AMCE",0.117097120301612
"2","CRT",0.00748129675810474
