"","method","pval"
"1","AMCE",0.015328574720586
"2","CRT",0.0423940149625935
