"","method","pval"
"1","AMCE",0.0114055028332407
"2","CRT",0.192019950124688
