"","method","pval"
"1","AMCE",0.0424195633189632
"2","CRT",0.00748129675810474
