"","method","pval"
"1","AMCE",0.0246796912879069
"2","CRT",0.473815461346633
