"","method","pval"
"1","AMCE",0.0413353903998637
"2","CRT",0.13715710723192
