"","method","pval"
"1","AMCE",0.0598532206327124
"2","CRT",0.0473815461346633
