"","method","pval"
"1","AMCE",0.406062060362369
"2","CRT",0.00997506234413965
