"","method","pval"
"1","AMCE",0.0791778629471183
"2","CRT",0.0498753117206983
