"","method","pval"
"1","AMCE",0.037177146137404
"2","CRT",0.00498753117206983
