"","method","pval"
"1","AMCE",0.0213656013517103
"2","CRT",0.379052369077307
