"","method","pval"
"1","AMCE",0.00556683018634383
"2","CRT",0.00498753117206983
