"","method","pval"
"1","AMCE",0.320587650437526
"2","CRT",0.271820448877805
