"","method","pval"
"1","AMCE",0.0407323428942229
"2","CRT",0.0199501246882793
