"","method","pval"
"1","AMCE",0.0152461836672885
"2","CRT",0.0249376558603491
