"","method","pval"
"1","AMCE",0.0106630827251034
"2","CRT",0.0822942643391521
