"","method","pval"
"1","AMCE",0.167627368662051
"2","CRT",0.0324189526184539
