"","method","pval"
"1","AMCE",0.00781863957081695
"2","CRT",0.28927680798005
