"","method","pval"
"1","AMCE",0.00814790449854146
"2","CRT",0.107231920199501
