"","method","pval"
"1","AMCE",0.0174252120044702
"2","CRT",0.1571072319202
