"","method","pval"
"1","AMCE",0.170162248113769
"2","CRT",0.1571072319202
