"","method","pval"
"1","AMCE",0.00661221934342099
"2","CRT",0.466334164588529
