"","method","pval"
"1","AMCE",0.0835609636526554
"2","CRT",0.411471321695761
