"","method","pval"
"1","AMCE",0.989911973626308
"2","CRT",0.211970074812968
