"","method","pval"
"1","AMCE",0.0394520724017631
"2","CRT",0.00997506234413965
