"","method","pval"
"1","AMCE",0.00273864241789482
"2","CRT",0.00249376558603491
