"","method","pval"
"1","AMCE",0.0104690373551456
"2","CRT",0.057356608478803
