"","method","pval"
"1","AMCE",0.141090962669771
"2","CRT",0.107231920199501
