"","method","pval"
"1","AMCE",0.0507219955671519
"2","CRT",0.0399002493765586
