"","method","pval"
"1","AMCE",0.0724314567191649
"2","CRT",0.13715710723192
