"","method","pval"
"1","AMCE",0.042781141983924
"2","CRT",0.027431421446384
