"","method","pval"
"1","AMCE",0.00662479975326879
"2","CRT",0.0174563591022444
