"","method","pval"
"1","AMCE",0.0129796916620407
"2","CRT",0.0448877805486284
