"","method","pval"
"1","AMCE",0.000694448361194046
"2","CRT",0.0972568578553616
