"","method","pval"
"1","AMCE",0.017857643999253
"2","CRT",0.00498753117206983
