"","method","pval"
"1","AMCE",0.0101206470506855
"2","CRT",0.0897755610972569
