"","method","pval"
"1","AMCE",0.0984338046345194
"2","CRT",0.204488778054863
