"","method","pval"
"1","AMCE",0.369236860323494
"2","CRT",0.214463840399002
