"","method","pval"
"1","AMCE",0.0133858117971733
"2","CRT",0.00748129675810474
