"","method","pval"
"1","AMCE",0.000897227563429061
"2","CRT",0.00498753117206983
