"","method","pval"
"1","AMCE",0.232187523697792
"2","CRT",0.187032418952618
