"","method","pval"
"1","AMCE",0.652563014055705
"2","CRT",0.0324189526184539
