"","method","pval"
"1","AMCE",0.387445574507132
"2","CRT",0.00748129675810474
