"","method","pval"
"1","AMCE",0.00833612809840936
"2","CRT",0.423940149625935
