"","method","pval"
"1","AMCE",0.022582717243634
"2","CRT",0.0149625935162095
