"","method","pval"
"1","AMCE",0.0871721018484386
"2","CRT",0.14713216957606
