"","method","pval"
"1","AMCE",0.660770078984657
"2","CRT",0.0798004987531172
