"","method","pval"
"1","AMCE",0.0210002421551909
"2","CRT",0.0349127182044888
