"","method","pval"
"1","AMCE",0.57714759015084
"2","CRT",0.0448877805486284
