"","method","pval"
"1","AMCE",0.0618220068480292
"2","CRT",0.0374064837905237
