"","method","pval"
"1","AMCE",0.000604809060401377
"2","CRT",0.443890274314214
