"","method","pval"
"1","AMCE",0.576186156970053
"2","CRT",0.408977556109726
