"","method","pval"
"1","AMCE",0.443909561990424
"2","CRT",0.084788029925187
