"","method","pval"
"1","AMCE",0.141102629883436
"2","CRT",0.00249376558603491
