"","method","pval"
"1","AMCE",0.0748689092243784
"2","CRT",0.0199501246882793
