"","method","pval"
"1","AMCE",0.0580879797358231
"2","CRT",0.0773067331670823
