"","method","pval"
"1","AMCE",0.0765262730689574
"2","CRT",0.00249376558603491
