"","method","pval"
"1","AMCE",0.896059491930468
"2","CRT",0.114713216957606
