"","method","pval"
"1","AMCE",0.00794751508697967
"2","CRT",0.0374064837905237
