"","method","pval"
"1","AMCE",0.0539074226226272
"2","CRT",0.29925187032419
