"","method","pval"
"1","AMCE",0.215727129795264
"2","CRT",0.0374064837905237
