"","method","pval"
"1","AMCE",0.165602823392341
"2","CRT",0.0374064837905237
