"","method","pval"
"1","AMCE",0.00583657938695824
"2","CRT",0.139650872817955
