"","method","pval"
"1","AMCE",0.165809267544122
"2","CRT",0.304239401496259
