"","method","pval"
"1","AMCE",0.0149152185693009
"2","CRT",0.00748129675810474
