"","method","pval"
"1","AMCE",0.474120524498804
"2","CRT",0.0174563591022444
