"","method","pval"
"1","AMCE",0.984750781536963
"2","CRT",0.00498753117206983
