"","method","pval"
"1","AMCE",0.366236903588702
"2","CRT",0.576059850374065
