"","method","pval"
"1","AMCE",0.700480530748533
"2","CRT",0.00997506234413965
