"","method","pval"
"1","AMCE",0.00547605485049929
"2","CRT",0.14214463840399
