"","method","pval"
"1","AMCE",0.0189644181694263
"2","CRT",0.13715710723192
