"","method","pval"
"1","AMCE",0.00121188894355355
"2","CRT",0.29426433915212
