"","method","pval"
"1","AMCE",0.732954336696905
"2","CRT",0.00249376558603491
