"","method","pval"
"1","AMCE",0.0560586212875687
"2","CRT",0.28927680798005
