"","method","pval"
"1","AMCE",0.249377453775152
"2","CRT",0.0947630922693267
