"","method","pval"
"1","AMCE",0.0375563046639922
"2","CRT",0.0174563591022444
