"","method","pval"
"1","AMCE",0.460534129902662
"2","CRT",0.00997506234413965
