"","method","pval"
"1","AMCE",0.00320683604587133
"2","CRT",0.127182044887781
