"","method","pval"
"1","AMCE",0.679542166145394
"2","CRT",0.00249376558603491
