"","method","pval"
"1","AMCE",0.0803299143871751
"2","CRT",0.0523690773067332
