"","method","pval"
"1","AMCE",0.141139220655271
"2","CRT",0.0897755610972569
