"","method","pval"
"1","AMCE",0.0273222758510175
"2","CRT",0.518703241895262
