"","method","pval"
"1","AMCE",0.395141299202915
"2","CRT",0.359102244389027
