"","method","pval"
"1","AMCE",0.469753612688045
"2","CRT",0.987531172069825
