"","method","pval"
"1","AMCE",0.92749947683808
"2","CRT",0.428927680798005
