"","method","pval"
"1","AMCE",0.162647628469706
"2","CRT",0.256857855361596
