"","method","pval"
"1","AMCE",0.0261175779672408
"2","CRT",0.503740648379052
