"","method","pval"
"1","AMCE",0.0571169129395746
"2","CRT",0.0673316708229426
