"","method","pval"
"1","AMCE",0.00355283337025912
"2","CRT",0.0374064837905237
