"","method","pval"
"1","AMCE",0.0347330484657204
"2","CRT",0.00748129675810474
