"","method","pval"
"1","AMCE",0.301773564883875
"2","CRT",0.14713216957606
