"","method","pval"
"1","AMCE",0.00685568624574476
"2","CRT",0.0698254364089776
