"","method","pval"
"1","AMCE",0.374847896098533
"2","CRT",0.0149625935162095
