"","method","pval"
"1","AMCE",0.115266813853454
"2","CRT",0.456359102244389
