"","method","pval"
"1","AMCE",0.00258355029240538
"2","CRT",0.0648379052369077
