"","method","pval"
"1","AMCE",0.598737741175897
"2","CRT",0.00498753117206983
