"","method","pval"
"1","AMCE",0.00692948537280465
"2","CRT",0.00498753117206983
