"","method","pval"
"1","AMCE",0.137591523945414
"2","CRT",0.00249376558603491
