"","method","pval"
"1","AMCE",0.00787686953956747
"2","CRT",0.576059850374065
