"","method","pval"
"1","AMCE",0.155623454672278
"2","CRT",0.0374064837905237
