"","method","pval"
"1","AMCE",0.535461575608852
"2","CRT",0.084788029925187
