"","method","pval"
"1","AMCE",0.00855195517908241
"2","CRT",0.483790523690773
