"","method","pval"
"1","AMCE",0.10112484749911
"2","CRT",0.446384039900249
