"","method","pval"
"1","AMCE",0.502085914463683
"2","CRT",0.00249376558603491
