"","method","pval"
"1","AMCE",0.0240275809651316
"2","CRT",0.0149625935162095
