"","method","pval"
"1","AMCE",0.0110126023584456
"2","CRT",0.221945137157107
