"","method","pval"
"1","AMCE",0.0560844456274533
"2","CRT",0.0473815461346633
