"","method","pval"
"1","AMCE",0.0228186142608742
"2","CRT",0.209476309226933
