"","method","pval"
"1","AMCE",0.0303454606397992
"2","CRT",0.246882793017456
