"","method","pval"
"1","AMCE",0.0199227267540112
"2","CRT",0.0423940149625935
