"","method","pval"
"1","AMCE",6.91080247690801e-05
"2","CRT",0.00249376558603491
