"","method","pval"
"1","AMCE",0.603236027407556
"2","CRT",0.154613466334165
