"","method","pval"
"1","AMCE",0.533568583126048
"2","CRT",0.0124688279301746
