"","method","pval"
"1","AMCE",0.265642345887664
"2","CRT",0.0249376558603491
