"","method","pval"
"1","AMCE",0.0364352399807239
"2","CRT",0.194513715710723
