"","method","pval"
"1","AMCE",0.634837572057966
"2","CRT",0.00249376558603491
