"","method","pval"
"1","AMCE",0.469330848783743
"2","CRT",0.478802992518703
