"","method","pval"
"1","AMCE",0.012256010825711
"2","CRT",0.00498753117206983
