"","method","pval"
"1","AMCE",0.254743326250664
"2","CRT",0.00748129675810474
