"","method","pval"
"1","AMCE",0.936914057603174
"2","CRT",0.0399002493765586
