"","method","pval"
"1","AMCE",0.795724591667957
"2","CRT",0.0997506234413965
