"","method","pval"
"1","AMCE",0.0709384775073914
"2","CRT",0.0822942643391521
