"","method","pval"
"1","AMCE",0.0273495509884549
"2","CRT",0.00249376558603491
