"","method","pval"
"1","AMCE",0.0235132586659856
"2","CRT",0.329177057356608
