"","method","pval"
"1","AMCE",0.291963606153287
"2","CRT",0.0149625935162095
