"","method","pval"
"1","AMCE",0.0308970767723133
"2","CRT",0.1571072319202
