"","method","pval"
"1","AMCE",0.0131769966264654
"2","CRT",0.0723192019950125
