"","method","pval"
"1","AMCE",0.0645339956408893
"2","CRT",0.271820448877805
