"","method","pval"
"1","AMCE",0.0263544481164599
"2","CRT",0.00498753117206983
