"","method","pval"
"1","AMCE",0.605608958398202
"2","CRT",0.0124688279301746
