"","method","pval"
"1","AMCE",0.0506270642801535
"2","CRT",0.952618453865337
