"","method","pval"
"1","AMCE",0.0791375834400977
"2","CRT",0.14214463840399
