"","method","pval"
"1","AMCE",0.65111901632932
"2","CRT",0.264339152119701
