"","method","pval"
"1","AMCE",0.724037635565732
"2","CRT",0.00498753117206983
