"","method","pval"
"1","AMCE",0.044045427535216
"2","CRT",0.00249376558603491
