"","method","pval"
"1","AMCE",0.136283987835638
"2","CRT",0.00748129675810474
