"","method","pval"
"1","AMCE",0.157302888735917
"2","CRT",0.127182044887781
