"","method","pval"
"1","AMCE",0.169743712808231
"2","CRT",0.0648379052369077
