"","method","pval"
"1","AMCE",0.041452277057036
"2","CRT",0.00498753117206983
