"","method","pval"
"1","AMCE",0.0599478437087843
"2","CRT",0.0249376558603491
