"","method","pval"
"1","AMCE",0.0342297109646907
"2","CRT",0.0174563591022444
