"","method","pval"
"1","AMCE",0.252341217717708
"2","CRT",0.114713216957606
