"","method","pval"
"1","AMCE",0.018688992297782
"2","CRT",0.261845386533666
