"","method","pval"
"1","AMCE",0.00528593275949316
"2","CRT",0.00498753117206983
