"","method","pval"
"1","AMCE",0.00413008584731302
"2","CRT",0.00498753117206983
