"","method","pval"
"1","AMCE",0.00582206845821354
"2","CRT",0.1571072319202
