"","method","pval"
"1","AMCE",0.0173872964519357
"2","CRT",0.501246882793017
