"","method","pval"
"1","AMCE",0.808923937369427
"2","CRT",0.690773067331671
