"","method","pval"
"1","AMCE",0.00048565289337915
"2","CRT",0.865336658354115
