"","method","pval"
"1","AMCE",0.215280312875057
"2","CRT",0.00498753117206983
