"","method","pval"
"1","AMCE",0.00177380413102293
"2","CRT",0.259351620947631
