"","method","pval"
"1","AMCE",0.284583656784757
"2","CRT",0.029925187032419
