"","method","pval"
"1","AMCE",0.144929647630471
"2","CRT",0.0997506234413965
