"","method","pval"
"1","AMCE",0.00162659111508787
"2","CRT",0.389027431421446
