"","method","pval"
"1","AMCE",0.979400453708694
"2","CRT",0.0673316708229426
