"","method","pval"
"1","AMCE",0.0138499949887098
"2","CRT",0.259351620947631
