"","method","pval"
"1","AMCE",0.020841938506507
"2","CRT",0.144638403990025
