"","method","pval"
"1","AMCE",0.000946825497382014
"2","CRT",0.00249376558603491
