"","method","pval"
"1","AMCE",0.163285116990137
"2","CRT",0.29426433915212
