"","method","pval"
"1","AMCE",0.00181771226312801
"2","CRT",0.359102244389027
