"","method","pval"
"1","AMCE",0.00873560158461865
"2","CRT",0.00748129675810474
