"","method","pval"
"1","AMCE",0.0737428247424678
"2","CRT",0.0548628428927681
