"","method","pval"
"1","AMCE",0.518641930494872
"2","CRT",0.00498753117206983
