"","method","pval"
"1","AMCE",0.615225742490034
"2","CRT",0.0224438902743142
