"","method","pval"
"1","AMCE",0.0315374073028177
"2","CRT",0.391521197007481
