"","method","pval"
"1","AMCE",0.054130205531838
"2","CRT",0.0922693266832918
