"","method","pval"
"1","AMCE",0.196715153823273
"2","CRT",0.00498753117206983
