"","method","pval"
"1","AMCE",0.0166761990084243
"2","CRT",0.00498753117206983
