"","method","pval"
"1","AMCE",0.407317478364384
"2","CRT",0.551122194513716
