"","method","pval"
"1","AMCE",0.171205765840411
"2","CRT",0.13715710723192
