"","method","pval"
"1","AMCE",0.403466007609121
"2","CRT",0.0249376558603491
