"","method","pval"
"1","AMCE",0.0594223937074905
"2","CRT",0.364089775561097
