"","method","pval"
"1","AMCE",0.220236431104795
"2","CRT",0.0224438902743142
