"","method","pval"
"1","AMCE",0.680214687427033
"2","CRT",0.027431421446384
