"","method","pval"
"1","AMCE",0.0309036116118569
"2","CRT",0.0897755610972569
