"","method","pval"
"1","AMCE",0.00893662266616465
"2","CRT",0.00997506234413965
