"","method","pval"
"1","AMCE",0.0201336719099605
"2","CRT",0.0748129675810474
