"","method","pval"
"1","AMCE",0.217741727092109
"2","CRT",0.411471321695761
