"","method","pval"
"1","AMCE",0.0296285865567028
"2","CRT",0.28927680798005
