"","method","pval"
"1","AMCE",0.206780335748845
"2","CRT",0.0473815461346633
