"","method","pval"
"1","AMCE",0.0300862924338481
"2","CRT",0.571072319201995
