"","method","pval"
"1","AMCE",0.0766472485546285
"2","CRT",0.413965087281795
