"","method","pval"
"1","AMCE",0.45239759721546
"2","CRT",0.0199501246882793
