"","method","pval"
"1","AMCE",0.386393031722301
"2","CRT",0.0723192019950125
