"","method","pval"
"1","AMCE",6.29339586053958e-05
"2","CRT",0.0149625935162095
