"","method","pval"
"1","AMCE",0.3446406426888
"2","CRT",0.13715710723192
