"","method","pval"
"1","AMCE",0.00987744659862182
"2","CRT",0.496259351620948
