"","method","pval"
"1","AMCE",0.144394330830829
"2","CRT",0.226932668329177
