"","method","pval"
"1","AMCE",0.584855068188598
"2","CRT",0.029925187032419
