"","method","pval"
"1","AMCE",0.316043237262823
"2","CRT",0.660847880299252
