"","method","pval"
"1","AMCE",0.0603615167692704
"2","CRT",0.0324189526184539
