"","method","pval"
"1","AMCE",0.00868157694565216
"2","CRT",0.0149625935162095
