"","method","pval"
"1","AMCE",0.0817376275283021
"2","CRT",0.0648379052369077
