"","method","pval"
"1","AMCE",0.0804088058265249
"2","CRT",0.0374064837905237
