"","method","pval"
"1","AMCE",0.0321002228659027
"2","CRT",0.00249376558603491
