"","method","pval"
"1","AMCE",0.131861627544946
"2","CRT",0.389027431421446
