"","method","pval"
"1","AMCE",0.00231264969467844
"2","CRT",0.408977556109726
