"","method","pval"
"1","AMCE",0.599459727116314
"2","CRT",0.0598503740648379
