"","method","pval"
"1","AMCE",0.118898836479563
"2","CRT",0.187032418952618
