"","method","pval"
"1","AMCE",0.0219121336167715
"2","CRT",0.00498753117206983
