"","method","pval"
"1","AMCE",0.0232375199486946
"2","CRT",0.216957605985037
