"","method","pval"
"1","AMCE",0.0170844530604874
"2","CRT",0.0149625935162095
