"","method","pval"
"1","AMCE",0.0128123776845168
"2","CRT",0.107231920199501
