"","method","pval"
"1","AMCE",0.088795127176557
"2","CRT",0.0224438902743142
