"","method","pval"
"1","AMCE",0.0388500686126878
"2","CRT",0.0498753117206983
