"","method","pval"
"1","AMCE",0.0235319229731133
"2","CRT",0.0423940149625935
