"","method","pval"
"1","AMCE",0.779667915464052
"2","CRT",0.107231920199501
