"","method","pval"
"1","AMCE",0.0668280490175596
"2","CRT",0.822942643391521
