"","method","pval"
"1","AMCE",0.280039129291991
"2","CRT",0.057356608478803
