"","method","pval"
"1","AMCE",0.0322573080584436
"2","CRT",0.0872817955112219
