"","method","pval"
"1","AMCE",0.0198008907519344
"2","CRT",0.0947630922693267
