"","method","pval"
"1","AMCE",0.387330891028546
"2","CRT",0.13715710723192
