"","method","pval"
"1","AMCE",0.000161707452588897
"2","CRT",0.00498753117206983
