"","method","pval"
"1","AMCE",0.30257224786323
"2","CRT",0.0922693266832918
