"","method","pval"
"1","AMCE",0.0144692431729852
"2","CRT",0.239401496259352
