"","method","pval"
"1","AMCE",0.394169274443351
"2","CRT",0.00249376558603491
