"","method","pval"
"1","AMCE",0.00397966398455758
"2","CRT",0.00748129675810474
