"","method","pval"
"1","AMCE",0.492849950190534
"2","CRT",0.394014962593516
