"","method","pval"
"1","AMCE",0.0159841658574028
"2","CRT",0.403990024937656
