"","method","pval"
"1","AMCE",0.0118637162442641
"2","CRT",0.221945137157107
