"","method","pval"
"1","AMCE",0.047176600705546
"2","CRT",0.122194513715711
