"","method","pval"
"1","AMCE",0.180847444495678
"2","CRT",0.0199501246882793
