"","method","pval"
"1","AMCE",0.121764132503779
"2","CRT",0.159600997506234
