"","method","pval"
"1","AMCE",0.00489987563162464
"2","CRT",0.00249376558603491
