"","method","pval"
"1","AMCE",0.00981618878486081
"2","CRT",0.0698254364089776
