"","method","pval"
"1","AMCE",0.284892027028097
"2","CRT",0.0224438902743142
