"","method","pval"
"1","AMCE",0.395113771539549
"2","CRT",0.493765586034913
