"","method","pval"
"1","AMCE",0.0594563464917418
"2","CRT",0.00498753117206983
