"","method","pval"
"1","AMCE",0.00437240910642636
"2","CRT",0.493765586034913
