"","method","pval"
"1","AMCE",0.650939249691363
"2","CRT",0.685785536159601
