"","method","pval"
"1","AMCE",0.213104086999177
"2","CRT",0.00249376558603491
