"","method","pval"
"1","AMCE",0.00135280671198595
"2","CRT",0.0648379052369077
