"","method","pval"
"1","AMCE",0.196748292204699
"2","CRT",0.00249376558603491
