"","method","pval"
"1","AMCE",0.890920983783736
"2","CRT",0.00748129675810474
