"","method","pval"
"1","AMCE",0.0298956221960771
"2","CRT",0.00498753117206983
