"","method","pval"
"1","AMCE",0.0278496698065767
"2","CRT",0.0822942643391521
