"","method","pval"
"1","AMCE",0.00782855488970044
"2","CRT",0.00997506234413965
