"","method","pval"
"1","AMCE",0.873232613981837
"2","CRT",0.0149625935162095
