"","method","pval"
"1","AMCE",0.00833021162528189
"2","CRT",0.00249376558603491
