"","method","pval"
"1","AMCE",0.638012632091642
"2","CRT",0.00249376558603491
