"","method","pval"
"1","AMCE",0.00997951177679374
"2","CRT",0.0199501246882793
