"","method","pval"
"1","AMCE",0.00198428005533506
"2","CRT",0.00498753117206983
