"","method","pval"
"1","AMCE",0.00136290796625074
"2","CRT",0.00249376558603491
