"","method","pval"
"1","AMCE",0.699242037143293
"2","CRT",0.0374064837905237
