"","method","pval"
"1","AMCE",0.998854603189511
"2","CRT",0.107231920199501
