"","method","pval"
"1","AMCE",0.1013501582946
"2","CRT",0.249376558603491
