"","method","pval"
"1","AMCE",0.349761691603708
"2","CRT",0.239401496259352
