"","method","pval"
"1","AMCE",0.209746420983178
"2","CRT",0.478802992518703
