"","method","pval"
"1","AMCE",0.0802644134075049
"2","CRT",0.00748129675810474
