"","method","pval"
"1","AMCE",0.0228023932494054
"2","CRT",0.0374064837905237
