"","method","pval"
"1","AMCE",0.301189702116242
"2","CRT",0.0399002493765586
