"","method","pval"
"1","AMCE",0.230314061160888
"2","CRT",0.0124688279301746
