"","method","pval"
"1","AMCE",0.134051289798473
"2","CRT",0.14713216957606
