"","method","pval"
"1","AMCE",0.0376478113367653
"2","CRT",0.0523690773067332
