"","method","pval"
"1","AMCE",0.518684307850055
"2","CRT",0.0673316708229426
