"","method","pval"
"1","AMCE",0.022315607963403
"2","CRT",0.0349127182044888
