"","method","pval"
"1","AMCE",0.00511000329111001
"2","CRT",0.0224438902743142
