"","method","pval"
"1","AMCE",0.0100672000235418
"2","CRT",0.224438902743142
