"","method","pval"
"1","AMCE",0.0871086079711226
"2","CRT",0.122194513715711
