"","method","pval"
"1","AMCE",0.32838448658995
"2","CRT",0.0947630922693267
