"","method","pval"
"1","AMCE",0.00194006632374525
"2","CRT",0.698254364089776
