"","method","pval"
"1","AMCE",0.428208355117486
"2","CRT",0.00498753117206983
