"","method","pval"
"1","AMCE",0.00252003154116365
"2","CRT",0.0349127182044888
