"","method","pval"
"1","AMCE",0.166512510170128
"2","CRT",0.231920199501247
