"","method","pval"
"1","AMCE",0.214752360704193
"2","CRT",0.169576059850374
