"","method","pval"
"1","AMCE",0.0559129151219238
"2","CRT",0.084788029925187
