"","method","pval"
"1","AMCE",0.0541037637878703
"2","CRT",0.0723192019950125
