"","method","pval"
"1","AMCE",0.00341007396002828
"2","CRT",0.635910224438903
