"","method","pval"
"1","AMCE",0.0140795381995676
"2","CRT",0.00249376558603491
