"","method","pval"
"1","AMCE",0.00841558985798778
"2","CRT",0.15211970074813
