"","method","pval"
"1","AMCE",0.133585840589585
"2","CRT",0.411471321695761
