"","method","pval"
"1","AMCE",0.046587685445072
"2","CRT",0.281795511221945
