"","method","pval"
"1","AMCE",0.0423849796969738
"2","CRT",0.00748129675810474
