"","method","pval"
"1","AMCE",0.230044014426664
"2","CRT",0.177057356608479
