"","method","pval"
"1","AMCE",0.0724915929257211
"2","CRT",0.0124688279301746
