"","method","pval"
"1","AMCE",0.717783129863901
"2","CRT",0.28428927680798
