"","method","pval"
"1","AMCE",0.056787334768092
"2","CRT",0.0224438902743142
