"","method","pval"
"1","AMCE",0.0186817589477766
"2","CRT",0.027431421446384
