"","method","pval"
"1","AMCE",0.859552186552827
"2","CRT",0.00748129675810474
