"","method","pval"
"1","AMCE",0.0103156835233882
"2","CRT",0.172069825436409
