"","method","pval"
"1","AMCE",0.25281116510133
"2","CRT",0.366583541147132
