"","method","pval"
"1","AMCE",0.18794033012494
"2","CRT",0.0149625935162095
