"","method","pval"
"1","AMCE",0.0313841177833035
"2","CRT",0.214463840399002
