"","method","pval"
"1","AMCE",0.00152921090885254
"2","CRT",0.0972568578553616
