"","method","pval"
"1","AMCE",0.301757770535046
"2","CRT",0.28927680798005
