"","method","pval"
"1","AMCE",0.425688602860711
"2","CRT",0.029925187032419
