"","method","pval"
"1","AMCE",0.0120492490166387
"2","CRT",0.084788029925187
