"","method","pval"
"1","AMCE",0.266950099622047
"2","CRT",0.551122194513716
