"","method","pval"
"1","AMCE",0.00528896037136089
"2","CRT",0.0798004987531172
