"","method","pval"
"1","AMCE",0.0814618065193941
"2","CRT",0.226932668329177
