"","method","pval"
"1","AMCE",0.382365041795286
"2","CRT",0.276807980049875
