"","method","pval"
"1","AMCE",0.6056438171935
"2","CRT",0.00249376558603491
