"","method","pval"
"1","AMCE",0.0226929012408094
"2","CRT",0.0798004987531172
