"","method","pval"
"1","AMCE",0.979404454422411
"2","CRT",0.0773067331670823
