"","method","pval"
"1","AMCE",0.0364768703899935
"2","CRT",0.0822942643391521
