"","method","pval"
"1","AMCE",0.100915507055714
"2","CRT",0.00249376558603491
