"","method","pval"
"1","AMCE",0.141323152186075
"2","CRT",0.00249376558603491
