"","method","pval"
"1","AMCE",0.00198848216754106
"2","CRT",0.00498753117206983
