"","method","pval"
"1","AMCE",0.0314311171157737
"2","CRT",0.00249376558603491
