"","method","pval"
"1","AMCE",0.413691669309717
"2","CRT",0.109725685785536
