"","method","pval"
"1","AMCE",0.224254394368424
"2","CRT",0.341645885286783
