"","method","pval"
"1","AMCE",0.275933914351107
"2","CRT",0.174563591022444
