"","method","pval"
"1","AMCE",0.0399897751008728
"2","CRT",0.00249376558603491
