"","method","pval"
"1","AMCE",0.0812245311579099
"2","CRT",0.625935162094763
