"","method","pval"
"1","AMCE",0.00303222763276432
"2","CRT",0.177057356608479
