"","method","pval"
"1","AMCE",0.119104827642813
"2","CRT",0.00748129675810474
