"","method","pval"
"1","AMCE",0.0558499973457268
"2","CRT",0.109725685785536
