"","method","pval"
"1","AMCE",0.273196396606473
"2","CRT",0.344139650872818
