"","method","pval"
"1","AMCE",0.866036029182446
"2","CRT",0.00249376558603491
