"","method","pval"
"1","AMCE",0.672227738859565
"2","CRT",0.965087281795511
