"","method","pval"
"1","AMCE",0.211560644094155
"2","CRT",0.0174563591022444
