"","method","pval"
"1","AMCE",0.0116626065253859
"2","CRT",0.0748129675810474
