"","method","pval"
"1","AMCE",0.000947093877559263
"2","CRT",0.00997506234413965
