"","method","pval"
"1","AMCE",0.0642216175117198
"2","CRT",0.027431421446384
