"","method","pval"
"1","AMCE",0.155606730389856
"2","CRT",0.695760598503741
