"","method","pval"
"1","AMCE",0.00152988957667636
"2","CRT",0.0124688279301746
