"","method","pval"
"1","AMCE",0.0044475676402343
"2","CRT",0.0199501246882793
