"","method","pval"
"1","AMCE",0.38983547039961
"2","CRT",0.029925187032419
