"","method","pval"
"1","AMCE",0.165211274047283
"2","CRT",0.164588528678304
