"","method","pval"
"1","AMCE",0.00795165961000475
"2","CRT",0.167082294264339
