"","method","pval"
"1","AMCE",0.0566092396146398
"2","CRT",0.0249376558603491
