"","method","pval"
"1","AMCE",0.0113747408323847
"2","CRT",0.00748129675810474
