"","method","pval"
"1","AMCE",0.0296353579363522
"2","CRT",0.461346633416459
