"","method","pval"
"1","AMCE",0.018185853890833
"2","CRT",0.162094763092269
