"","method","pval"
"1","AMCE",0.0524376210316858
"2","CRT",0.129675810473815
