"","method","pval"
"1","AMCE",0.0826474201788828
"2","CRT",0.246882793017456
