"","method","pval"
"1","AMCE",0.0619267778973327
"2","CRT",0.0199501246882793
