"","method","pval"
"1","AMCE",0.910679931861297
"2","CRT",0.0324189526184539
