"","method","pval"
"1","AMCE",0.141302488549477
"2","CRT",0.00997506234413965
