"","method","pval"
"1","AMCE",0.110379742119316
"2","CRT",0.00748129675810474
