"","method","pval"
"1","AMCE",0.0074408988721644
"2","CRT",0.00997506234413965
