"","method","pval"
"1","AMCE",0.408749186954757
"2","CRT",0.0773067331670823
