"","method","pval"
"1","AMCE",0.129401881845596
"2","CRT",0.384039900249377
