"","method","pval"
"1","AMCE",0.232739472853579
"2","CRT",0.0872817955112219
