"","method","pval"
"1","AMCE",0.00522316124268582
"2","CRT",0.226932668329177
