"","method","pval"
"1","AMCE",0.0342426871457048
"2","CRT",0.112219451371571
