"","method","pval"
"1","AMCE",0.117162839985092
"2","CRT",0.0698254364089776
