"","method","pval"
"1","AMCE",0.485598642925531
"2","CRT",0.00748129675810474
