"","method","pval"
"1","AMCE",0.0621935200040422
"2","CRT",0.15211970074813
