"","method","pval"
"1","AMCE",0.0740388700336256
"2","CRT",0.0349127182044888
