"","method","pval"
"1","AMCE",0.225721790696097
"2","CRT",0.256857855361596
