"","method","pval"
"1","AMCE",0.00795568292981712
"2","CRT",0.109725685785536
