"","method","pval"
"1","AMCE",0.488930415761415
"2","CRT",0.134663341645885
