"","method","pval"
"1","AMCE",0.196745406409589
"2","CRT",0.0723192019950125
