"","method","pval"
"1","AMCE",0.0332868460623353
"2","CRT",0.0673316708229426
