"","method","pval"
"1","AMCE",0.00251482426624584
"2","CRT",0.99501246882793
