"","method","pval"
"1","AMCE",0.111418738967725
"2","CRT",0.0773067331670823
