"","method","pval"
"1","AMCE",0.27027095511832
"2","CRT",0.508728179551122
