"","method","pval"
"1","AMCE",0.326750722136866
"2","CRT",0.102244389027431
