"","method","pval"
"1","AMCE",0.00427402435505053
"2","CRT",0.00498753117206983
