"","method","pval"
"1","AMCE",0.0456377433503422
"2","CRT",0.0224438902743142
