"","method","pval"
"1","AMCE",0.0466369415083417
"2","CRT",0.00997506234413965
