"","method","pval"
"1","AMCE",0.0393084528021436
"2","CRT",0.266832917705736
