"","method","pval"
"1","AMCE",0.0144231982590837
"2","CRT",0.394014962593516
