"","method","pval"
"1","AMCE",0.322635097786895
"2","CRT",0.00249376558603491
