"","method","pval"
"1","AMCE",0.00994976411659687
"2","CRT",0.00997506234413965
