"","method","pval"
"1","AMCE",0.0218955359402168
"2","CRT",0.418952618453865
