"","method","pval"
"1","AMCE",0.366435732902061
"2","CRT",0.00748129675810474
