"","method","pval"
"1","AMCE",0.423457855736139
"2","CRT",0.239401496259352
