"","method","pval"
"1","AMCE",0.0453074027829429
"2","CRT",0.0748129675810474
