"","method","pval"
"1","AMCE",0.199667166844019
"2","CRT",0.451371571072319
