"","method","pval"
"1","AMCE",0.0441562512188342
"2","CRT",0.00997506234413965
