"","method","pval"
"1","AMCE",0.77127992474697
"2","CRT",0.0648379052369077
