"","method","pval"
"1","AMCE",0.278009297525029
"2","CRT",0.00997506234413965
