"","method","pval"
"1","AMCE",1.12185649950013e-05
"2","CRT",0.0149625935162095
