"","method","pval"
"1","AMCE",0.266956477987192
"2","CRT",0.0124688279301746
