"","method","pval"
"1","AMCE",0.0216021141074365
"2","CRT",0.00498753117206983
