"","method","pval"
"1","AMCE",0.00964762253856178
"2","CRT",0.027431421446384
