"","method","pval"
"1","AMCE",0.00251261427512009
"2","CRT",0.349127182044888
