"","method","pval"
"1","AMCE",0.0470707332267587
"2","CRT",0.0174563591022444
