"","method","pval"
"1","AMCE",0.04216207753135
"2","CRT",0.00498753117206983
