"","method","pval"
"1","AMCE",0.189874113629361
"2","CRT",0.00249376558603491
