"","method","pval"
"1","AMCE",0.109773339203259
"2","CRT",0.0199501246882793
