"","method","pval"
"1","AMCE",0.00669030181516868
"2","CRT",0.029925187032419
