"","method","pval"
"1","AMCE",0.0633173294774929
"2","CRT",0.00748129675810474
