"","method","pval"
"1","AMCE",0.358292362322607
"2","CRT",0.907730673316708
