"","method","pval"
"1","AMCE",0.00201992600010608
"2","CRT",0.418952618453865
