"","method","pval"
"1","AMCE",0.018778329266625
"2","CRT",0.00498753117206983
