"","method","pval"
"1","AMCE",0.0158595255881491
"2","CRT",0.0374064837905237
