"","method","pval"
"1","AMCE",0.166921673195399
"2","CRT",0.159600997506234
