"","method","pval"
"1","AMCE",0.587735813502679
"2","CRT",0.00498753117206983
