"","method","pval"
"1","AMCE",0.0350926707471751
"2","CRT",0.466334164588529
