"","method","pval"
"1","AMCE",0.0635945873206434
"2","CRT",0.0174563591022444
