"","method","pval"
"1","AMCE",0.0201333118072154
"2","CRT",0.00249376558603491
