"","method","pval"
"1","AMCE",0.510530998587297
"2","CRT",0.104738154613466
