"","method","pval"
"1","AMCE",0.32321746871637
"2","CRT",0.326683291770574
