"","method","pval"
"1","AMCE",0.954633917467618
"2","CRT",0.0872817955112219
