"","method","pval"
"1","AMCE",0.121342488839839
"2","CRT",0.28927680798005
