"","method","pval"
"1","AMCE",0.258871657256747
"2","CRT",0.0548628428927681
