"","method","pval"
"1","AMCE",0.0594159429617305
"2","CRT",0.286783042394015
