"","method","pval"
"1","AMCE",0.0364398943315675
"2","CRT",0.0798004987531172
