"","method","pval"
"1","AMCE",0.0423671874867227
"2","CRT",0.00498753117206983
