"","method","pval"
"1","AMCE",0.00765269891125205
"2","CRT",0.0374064837905237
