"","method","pval"
"1","AMCE",0.00323993253569033
"2","CRT",0.379052369077307
