"","method","pval"
"1","AMCE",0.572668103620391
"2","CRT",0.13216957605985
