"","method","pval"
"1","AMCE",0.0187726155350806
"2","CRT",0.0648379052369077
