"","method","pval"
"1","AMCE",0.000786558902968799
"2","CRT",0.00249376558603491
