"","method","pval"
"1","AMCE",0.0234995686484076
"2","CRT",0.236907730673317
