"","method","pval"
"1","AMCE",0.0414626558105704
"2","CRT",0.00748129675810474
