"","method","pval"
"1","AMCE",0.110774126422486
"2","CRT",0.0498753117206983
