"","method","pval"
"1","AMCE",0.0188565077534104
"2","CRT",0.369077306733167
