"","method","pval"
"1","AMCE",0.382056208951758
"2","CRT",0.00498753117206983
