"","method","pval"
"1","AMCE",0.502053605613596
"2","CRT",0.0249376558603491
