"","method","pval"
"1","AMCE",0.624588013192425
"2","CRT",0.0249376558603491
