"","method","pval"
"1","AMCE",0.0371019687906216
"2","CRT",0.0723192019950125
