"","method","pval"
"1","AMCE",0.024371520173606
"2","CRT",0.00498753117206983
