"","method","pval"
"1","AMCE",0.147555408180693
"2","CRT",0.027431421446384
