"","method","pval"
"1","AMCE",0.0120854679331211
"2","CRT",0.0349127182044888
