"","method","pval"
"1","AMCE",0.481102827404011
"2","CRT",0.0149625935162095
