"","method","pval"
"1","AMCE",0.0242775569460518
"2","CRT",0.0473815461346633
