"","method","pval"
"1","AMCE",0.565719387891047
"2","CRT",0.0972568578553616
