"","method","pval"
"1","AMCE",0.218024938600667
"2","CRT",0.698254364089776
