"","method","pval"
"1","AMCE",0.021254002645825
"2","CRT",0.084788029925187
