"","method","pval"
"1","AMCE",0.0300908693608336
"2","CRT",0.0773067331670823
