"","method","pval"
"1","AMCE",0.023075405115916
"2","CRT",0.00997506234413965
