"","method","pval"
"1","AMCE",0.00482372283104907
"2","CRT",0.00498753117206983
