"","method","pval"
"1","AMCE",0.0918523968060893
"2","CRT",0.0473815461346633
