"","method","pval"
"1","AMCE",0.011844115118397
"2","CRT",0.778054862842893
