"","method","pval"
"1","AMCE",0.421018598521303
"2","CRT",0.0374064837905237
