"","method","pval"
"1","AMCE",0.204454919890119
"2","CRT",0.0174563591022444
