"","method","pval"
"1","AMCE",0.291100260767498
"2","CRT",0.00748129675810474
