"","method","pval"
"1","AMCE",0.0660136832068645
"2","CRT",0.00748129675810474
