"","method","pval"
"1","AMCE",0.681254134261443
"2","CRT",0.00498753117206983
