"","method","pval"
"1","AMCE",0.428486166033157
"2","CRT",0.00997506234413965
