"","method","pval"
"1","AMCE",0.269347797087048
"2","CRT",0.0473815461346633
