"","method","pval"
"1","AMCE",0.276924087751276
"2","CRT",0.0423940149625935
