"","method","pval"
"1","AMCE",0.00250654852313563
"2","CRT",0.0723192019950125
