"","method","pval"
"1","AMCE",0.0201830889088363
"2","CRT",0.0598503740648379
