"","method","pval"
"1","AMCE",0.738941406890928
"2","CRT",0.144638403990025
