"","method","pval"
"1","AMCE",0.188255327756325
"2","CRT",0.0174563591022444
