"","method","pval"
"1","AMCE",0.00590037925574052
"2","CRT",0.134663341645885
