"","method","pval"
"1","AMCE",0.452714484420704
"2","CRT",0.875311720698254
