"","method","pval"
"1","AMCE",0.00953278180196534
"2","CRT",0.0199501246882793
