"","method","pval"
"1","AMCE",0.140945435364721
"2","CRT",0.930174563591022
