"","method","pval"
"1","AMCE",0.532077405328584
"2","CRT",0.189526184538653
