"","method","pval"
"1","AMCE",0.0163438503692134
"2","CRT",0.00748129675810474
