"","method","pval"
"1","AMCE",4.45393398457519e-05
"2","CRT",0.00249376558603491
