"","method","pval"
"1","AMCE",0.927347365709895
"2","CRT",0.00748129675810474
