"","method","pval"
"1","AMCE",0.0133286523634122
"2","CRT",0.723192019950125
