"","method","pval"
"1","AMCE",0.0068809676229059
"2","CRT",0.00249376558603491
