"","method","pval"
"1","AMCE",0.326782971320088
"2","CRT",0.0448877805486284
