"","method","pval"
"1","AMCE",0.643080440323164
"2","CRT",0.0997506234413965
