"","method","pval"
"1","AMCE",0.0266457637571274
"2","CRT",0.00249376558603491
