"","method","pval"
"1","AMCE",0.0768640268106573
"2","CRT",0.057356608478803
