"","method","pval"
"1","AMCE",0.266226231489825
"2","CRT",0.13715710723192
