"","method","pval"
"1","AMCE",0.404460079285981
"2","CRT",0.0149625935162095
