"","method","pval"
"1","AMCE",0.0215603192049171
"2","CRT",0.0174563591022444
