"","method","pval"
"1","AMCE",0.256029645300325
"2","CRT",0.216957605985037
