"","method","pval"
"1","AMCE",0.179409730022426
"2","CRT",0.00249376558603491
