"","method","pval"
"1","AMCE",0.290491403778061
"2","CRT",0.0598503740648379
