"","method","pval"
"1","AMCE",0.0571614675149219
"2","CRT",0.00997506234413965
