"","method","pval"
"1","AMCE",0.978173143240789
"2","CRT",0.785536159600998
