"","method","pval"
"1","AMCE",0.0230686958875492
"2","CRT",0.00498753117206983
