"","method","pval"
"1","AMCE",0.337513072754502
"2","CRT",0.0199501246882793
