"","method","pval"
"1","AMCE",0.161089139057899
"2","CRT",0.0249376558603491
