"","method","pval"
"1","AMCE",0.135416703480178
"2","CRT",0.174563591022444
