"","method","pval"
"1","AMCE",0.01715822494134
"2","CRT",0.0124688279301746
