"","method","pval"
"1","AMCE",0.00286565116883418
"2","CRT",0.0224438902743142
