"","method","pval"
"1","AMCE",0.585993970963101
"2","CRT",0.00249376558603491
