"","method","pval"
"1","AMCE",0.394793651879296
"2","CRT",0.0124688279301746
