"","method","pval"
"1","AMCE",0.326849403970695
"2","CRT",0.0374064837905237
