"","method","pval"
"1","AMCE",0.729775431285833
"2","CRT",0.0149625935162095
