"","method","pval"
"1","AMCE",0.0124018179608922
"2","CRT",0.0124688279301746
