"","method","pval"
"1","AMCE",0.0932646986074526
"2","CRT",0.0673316708229426
