"","method","pval"
"1","AMCE",0.466733092488509
"2","CRT",0.359102244389027
