"","method","pval"
"1","AMCE",0.036481438543351
"2","CRT",0.00498753117206983
