"","method","pval"
"1","AMCE",1.79839092498335e-05
"2","CRT",0.0798004987531172
