"","method","pval"
"1","AMCE",0.026363649933511
"2","CRT",0.593516209476309
