"","method","pval"
"1","AMCE",0.394836072226369
"2","CRT",0.251870324189526
