"","method","pval"
"1","AMCE",0.411669488504027
"2","CRT",0.0199501246882793
