"","method","pval"
"1","AMCE",0.00176704271378618
"2","CRT",0.00249376558603491
