"","method","pval"
"1","AMCE",0.065789153310691
"2","CRT",0.00748129675810474
