"","method","pval"
"1","AMCE",0.0025143553805287
"2","CRT",0.14214463840399
