"","method","pval"
"1","AMCE",0.756714833216821
"2","CRT",0.476309226932668
