"","method","pval"
"1","AMCE",0.0292074073304677
"2","CRT",0.658354114713217
