"","method","pval"
"1","AMCE",0.0284197683111961
"2","CRT",0.00997506234413965
