"","method","pval"
"1","AMCE",0.0747188165603169
"2","CRT",0.0149625935162095
