"","method","pval"
"1","AMCE",0.0468066360295176
"2","CRT",0.00997506234413965
