"","method","pval"
"1","AMCE",0.424232915101995
"2","CRT",0.119700748129676
