"","method","pval"
"1","AMCE",0.41795009946528
"2","CRT",0.0399002493765586
