"","method","pval"
"1","AMCE",0.00191373594146299
"2","CRT",0.057356608478803
