"","method","pval"
"1","AMCE",0.0440199500820782
"2","CRT",0.00498753117206983
