"","method","pval"
"1","AMCE",0.121492425690408
"2","CRT",0.0723192019950125
