"","method","pval"
"1","AMCE",0.11526681385344
"2","CRT",0.127182044887781
