"","method","pval"
"1","AMCE",0.0359444430728216
"2","CRT",0.00498753117206983
