"","method","pval"
"1","AMCE",0.0113882722925446
"2","CRT",0.236907730673317
