"","method","pval"
"1","AMCE",0.00528385752795032
"2","CRT",0.29925187032419
