"","method","pval"
"1","AMCE",0.387383751120263
"2","CRT",0.114713216957606
