"","method","pval"
"1","AMCE",0.0134590571584109
"2","CRT",0.00249376558603491
