"","method","pval"
"1","AMCE",0.0574133420666473
"2","CRT",0.00249376558603491
