"","method","pval"
"1","AMCE",0.015213115515285
"2","CRT",0.00498753117206983
