"","method","pval"
"1","AMCE",0.12848124897177
"2","CRT",0.112219451371571
