"","method","pval"
"1","AMCE",0.0351685442298772
"2","CRT",0.201995012468828
