"","method","pval"
"1","AMCE",0.0654675543492346
"2","CRT",0.00997506234413965
