"","method","pval"
"1","AMCE",0.66394483526991
"2","CRT",0.0324189526184539
