"","method","pval"
"1","AMCE",0.592605261250353
"2","CRT",0.815461346633416
