"","method","pval"
"1","AMCE",0.0425635118698124
"2","CRT",0.451371571072319
