"","method","pval"
"1","AMCE",0.0295399056329067
"2","CRT",0.00748129675810474
