"","method","pval"
"1","AMCE",0.748253342604211
"2","CRT",0.0224438902743142
