"","method","pval"
"1","AMCE",0.436662158544498
"2","CRT",0.00498753117206983
