"","method","pval"
"1","AMCE",0.148249756710754
"2","CRT",0.149625935162095
