"","method","pval"
"1","AMCE",0.000786603525022135
"2","CRT",0.00249376558603491
