"","method","pval"
"1","AMCE",0.00975455925948359
"2","CRT",0.221945137157107
