"","method","pval"
"1","AMCE",0.352697880978331
"2","CRT",0.00249376558603491
