"","method","pval"
"1","AMCE",0.105464131668341
"2","CRT",0.0399002493765586
