"","method","pval"
"1","AMCE",0.224962026436825
"2","CRT",0.271820448877805
