"","method","pval"
"1","AMCE",0.127661073586269
"2","CRT",0.0748129675810474
