"","method","pval"
"1","AMCE",0.494949070747216
"2","CRT",0.239401496259352
