"","method","pval"
"1","AMCE",0.00774241113837044
"2","CRT",0.00748129675810474
