"","method","pval"
"1","AMCE",0.0437511783349879
"2","CRT",0.00498753117206983
