"","method","pval"
"1","AMCE",0.659281960306143
"2","CRT",0.0448877805486284
