"","method","pval"
"1","AMCE",0.00228706163442448
"2","CRT",0.027431421446384
