"","method","pval"
"1","AMCE",0.0101875247972427
"2","CRT",0.00748129675810474
