"","method","pval"
"1","AMCE",0.0662509766353334
"2","CRT",0.0748129675810474
