"","method","pval"
"1","AMCE",0.0358554664356152
"2","CRT",0.00249376558603491
