"","method","pval"
"1","AMCE",0.0246074298576262
"2","CRT",0.00249376558603491
