"","method","pval"
"1","AMCE",0.0667438336323089
"2","CRT",0.0648379052369077
