"","method","pval"
"1","AMCE",8.62528165607713e-05
"2","CRT",0.0249376558603491
