"","method","pval"
"1","AMCE",0.0127111093203281
"2","CRT",0.00997506234413965
