"","method","pval"
"1","AMCE",0.00836191577095761
"2","CRT",0.00249376558603491
