"","method","pval"
"1","AMCE",0.377059562366069
"2","CRT",0.00748129675810474
