"","method","pval"
"1","AMCE",0.1576560111705
"2","CRT",0.0374064837905237
