"","method","pval"
"1","AMCE",0.0388605243949945
"2","CRT",0.00498753117206983
