"","method","pval"
"1","AMCE",0.0375840981775445
"2","CRT",0.0374064837905237
