"","method","pval"
"1","AMCE",0.314833248644591
"2","CRT",0.00748129675810474
