"","method","pval"
"1","AMCE",0.0112864687374735
"2","CRT",0.0972568578553616
