"","method","pval"
"1","AMCE",0.0107214564850972
"2","CRT",0.361596009975062
