"","method","pval"
"1","AMCE",0.198791478398233
"2","CRT",0.0623441396508728
